,Date,Close,High,Low,Open,Volume
0,1986-03-13,0.0595976151525974,0.0622586710514088,0.0542767273770207,0.0542767273770207,1031788800
1,1986-03-14,0.0617259554564952,0.0627907447672204,0.0595976008567974,0.0595976008567974,308160000
2,1986-03-17,0.0627907440066337,0.063322832650113,0.0617259547088064,0.0617259547088064,133171200
3,1986-03-18,0.061193861067295,0.0633228274781967,0.0606617724672743,0.062790738878176,67766400
4,1986-03-19,0.0601296983659267,0.0617259645508859,0.059597609637607,0.0611938758225661,47894400
5,1986-03-20,0.0585334450006485,0.0601297115352133,0.0580013561557935,0.0601297115352133,58435200
6,1986-03-21,0.0569371655583381,0.0595976091794862,0.0558729881098789,0.0585334317310269,59990400
7,1986-03-24,0.0553408935666084,0.0569371595714514,0.0548088048983274,0.0569371595714514,65289600
8,1986-03-25,0.0564050748944282,0.0564050748944282,0.0548088087766324,0.0553408974825644,32083200
9,1986-03-26,0.0580013431608676,0.0585334318865107,0.0558729882582956,0.0564050769839386,22752000
10,1986-03-27,0.0590655244886875,0.0590655244886875,0.0580013469675583,0.0580013469675583,16848000
11,1986-03-31,0.0585334450006485,0.0590655338455034,0.0574692673109385,0.0590655338455034,12873600
12,1986-04-01,0.0580013431608676,0.0585334318865107,0.0580013431608676,0.0585334318865107,11088000
13,1986-04-02,0.0585334450006485,0.0595976226903584,0.0580013561557935,0.0580013561557935,27014400
14,1986-04-03,0.0590655244886875,0.0606617907703812,0.0590655244886875,0.0590655244886875,23040000
15,1986-04-04,0.0590655244886875,0.059597613249252,0.0590655244886875,0.0590655244886875,26582400
16,1986-04-07,0.0580013431608676,0.0595976093377967,0.0569371657095816,0.0590655206121537,16560000
17,1986-04-08,0.0585334450006485,0.0595976226903584,0.0580013561557935,0.0580013561557935,10252800
18,1986-04-09,0.0595976151525974,0.0601297039301551,0.058533437597482,0.058533437597482,12153600
19,1986-04-10,0.0601296983659267,0.0606617870942464,0.0585334321809675,0.059597609637607,13881600
20,1986-04-11,0.061193861067295,0.0622586502781553,0.0606617724672743,0.0606617724672743,17222400
21,1986-04-14,0.0617259554564952,0.0622586561172959,0.0611938668065708,0.0611938668065708,12153600
22,1986-04-15,0.0617259554564952,0.0617259554564952,0.0595976008567974,0.0617259554564952,9302400
23,1986-04-16,0.0638549104332923,0.0643869989862752,0.0611938556576135,0.0617259442105963,31910400
24,1986-04-17,0.0643870159983635,0.0643870159983635,0.0638549273047942,0.0638549273047942,22003200
25,1986-04-18,0.0622586645185947,0.0643870194054967,0.0617259637859104,0.0643870194054967,21628800
26,1986-04-21,0.0622586645185947,0.0627907532403202,0.0606617863424594,0.0622586645185947,22924800
27,1986-04-22,0.061193861067295,0.0622586502781553,0.061193861067295,0.0622586502781553,15552000
28,1986-04-23,0.0614599175751209,0.061725964221484,0.0606617867705236,0.0611938754960038,15609600
29,1986-04-24,0.0675795674324035,0.0686437451230287,0.0611938892775517,0.0614599314165845,62352000
30,1986-04-25,0.07183688133955,0.074763371911191,0.0681116478710473,0.0681116478710473,85795200
31,1986-04-28,0.0723689496517181,0.0729010382808718,0.0713041603825584,0.0718368610225644,28886400
32,1986-04-29,0.0702400058507919,0.072368973067098,0.069707917049478,0.072368973067098,30326400
33,1986-04-30,0.0686437487602233,0.0707721042542478,0.067047482139705,0.0702400153807417,30902400
34,1986-05-01,0.0675795674324035,0.0686437451230287,0.0665153897417784,0.0686437451230287,54345600
35,1986-05-02,0.0675795674324035,0.0686437451230287,0.067047478587091,0.0675795674324035,20246400
36,1986-05-05,0.0670474767684936,0.0675795655993738,0.0670474767684936,0.0675795655993738,3254400
37,1986-05-06,0.0675795674324035,0.0686437451230287,0.0675795674324035,0.0675795674324035,9734400
38,1986-05-07,0.0675795674324035,0.0681116562777161,0.0665153897417784,0.0675795674324035,5155200
39,1986-05-08,0.068111665546894,0.068111665546894,0.0670474877114471,0.0675795766291706,3542400
40,1986-05-09,0.0675795674324035,0.0681116562777161,0.0675795674324035,0.0681116562777161,6076800
41,1986-05-12,0.068111665546894,0.0697079323000645,0.0675795766291706,0.0675795766291706,10483200
42,1986-05-13,0.0686437487602233,0.0691758376337295,0.0681116598867172,0.0681116598867172,3830400
43,1986-05-14,0.068111665546894,0.0686437544646175,0.068111665546894,0.0686437544646175,9302400
44,1986-05-15,0.068111665546894,0.069175843382341,0.068111665546894,0.068111665546894,3801600
45,1986-05-16,0.0686437487602233,0.0702400153807417,0.0681116598867172,0.0681116598867172,11952000
46,1986-05-19,0.0675795674324035,0.0686437451230287,0.067047478587091,0.0686437451230287,11001600
47,1986-05-20,0.0670474767684936,0.0675795655993738,0.0665153879376134,0.0675795655993738,61977600
48,1986-05-21,0.0659832805395126,0.0675795465829754,0.0659832805395126,0.0670474579018211,8092800
49,1986-05-22,0.0659832805395126,0.0665153692206668,0.0659832805395126,0.0659832805395126,4406400
50,1986-05-23,0.0659832805395126,0.0670474579018211,0.0659832805395126,0.0659832805395126,4089600
51,1986-05-27,0.068111665546894,0.068111665546894,0.0659833098760001,0.0659833098760001,13881600
52,1986-05-28,0.0702400058507919,0.0702400058507919,0.0681116506455361,0.0681116506455361,15523200
53,1986-05-29,0.07183688133955,0.0729010588988292,0.0697079142099661,0.0702400029896058,45676800
54,1986-05-30,0.0744973048567771,0.0755614821249188,0.0723689503204939,0.0723689503204939,27072000
55,1986-06-02,0.0723689496517181,0.0744973041683328,0.0723689496517181,0.0744973041683328,19728000
56,1986-06-03,0.0723689496517181,0.0723689496517181,0.0713041603825584,0.0723689496517181,5011200
57,1986-06-04,0.07183688133955,0.0729010588988292,0.071304180548885,0.0723689701191896,4723200
58,1986-06-05,0.0729010552167892,0.0729010552167892,0.0713041769474991,0.0718368777112588,13708800
59,1986-06-06,0.0729010552167892,0.0729010552167892,0.0718368777112588,0.0729010552167892,3427200
60,1986-06-09,0.069707915186882,0.0729010599204951,0.069707915186882,0.0729010599204951,12672000
61,1986-06-10,0.069707915186882,0.069707915186882,0.0686437376126889,0.069707915186882,3427200
62,1986-06-11,0.069707915186882,0.069707915186882,0.0686437376126889,0.069707915186882,2304000
63,1986-06-12,0.0670474767684936,0.0697079209228945,0.0665153879376134,0.0697079209228945,13708800
64,1986-06-13,0.0670474767684936,0.0675795655993738,0.0665153879376134,0.0670474767684936,7891200
65,1986-06-16,0.0665153786540031,0.0675795561672353,0.065983289897387,0.0670474674106192,9590400
66,1986-06-17,0.0675795674324035,0.0686437451230287,0.067047478587091,0.067047478587091,13075200
67,1986-06-18,0.0670474767684936,0.0675795655993738,0.0659832991067332,0.0675795655993738,4348800
68,1986-06-19,0.0665153786540031,0.0675795561672353,0.065983289897387,0.0670474674106192,8467200
69,1986-06-20,0.0667813941836357,0.0670474361542965,0.0665153476457307,0.0665153476457307,3801600
70,1986-06-23,0.0675795674324035,0.0675795674324035,0.0654512120511532,0.0667814364480582,46195200
71,1986-06-24,0.0670474767684936,0.068111654430254,0.0665153879376134,0.0675795655993738,14572800
72,1986-06-25,0.0659832805395126,0.0675795465829754,0.0659832805395126,0.0670474579018211,15235200
73,1986-06-26,0.0638549104332923,0.0665153531982065,0.0638549104332923,0.0659832646452237,19152000
74,1986-06-27,0.0633228346705436,0.0643870119914567,0.0627907460100871,0.0638549233310001,10396800
75,1986-06-30,0.0654511898756027,0.0670474558707087,0.0627907465504259,0.0633228352154613,62352000
76,1986-07-01,0.0654511898756027,0.0654511898756027,0.0649191012105673,0.0654511898756027,47577600
77,1986-07-02,0.0654511898756027,0.0654511898756027,0.0649191012105673,0.0654511898756027,52617600
78,1986-07-03,0.0665153786540031,0.0670474674106192,0.065983289897387,0.065983289897387,14140800
79,1986-07-07,0.0638549104332923,0.0665153531982065,0.0638549104332923,0.0665153531982065,14054400
80,1986-07-08,0.0622586645185947,0.0638549306837712,0.0617259637859104,0.0638549306837712,14256000
81,1986-07-09,0.0595976151525974,0.0622586710514088,0.0590655263750397,0.0622586710514088,46137600
82,1986-07-10,0.0580013431608676,0.0601296980634397,0.0553408995326526,0.0595976093377967,46886400
83,1986-07-11,0.0595976151525974,0.0606617927077127,0.0580013488199244,0.0580013488199244,17395200
84,1986-07-14,0.0587994717061519,0.0601296957527643,0.0580013409319811,0.0580013409319811,28598400
85,1986-07-15,0.0595976151525974,0.0606617927077127,0.0580013488199244,0.0587994797026377,13190400
86,1986-07-16,0.0617259554564952,0.0617259554564952,0.0601296895067218,0.0601296895067218,9360000
87,1986-07-17,0.0627907440066337,0.0627907440066337,0.0611938660653271,0.0617259547088064,6940800
88,1986-07-18,0.0633228346705436,0.0638549233310001,0.0611938680178292,0.0627907460100871,12326400
89,1986-07-21,0.0633228346705436,0.0643870119914567,0.0633228346705436,0.0633228346705436,3513600
90,1986-07-22,0.0654511898756027,0.0654511898756027,0.0633228352154613,0.0633228352154613,10512000
91,1986-07-23,0.0638549104332923,0.0665153531982065,0.0638549104332923,0.0654511760922408,20793600
92,1986-07-24,0.0659832805395126,0.0670474579018211,0.0649191031772041,0.0649191031772041,14140800
93,1986-07-25,0.0665153786540031,0.0670474674106192,0.065983289897387,0.065983289897387,20448000
94,1986-07-28,0.0649191364645958,0.0665154033265469,0.0649191364645958,0.0665154033265469,11808000
95,1986-07-29,0.0633228346705436,0.0654511893123697,0.0622586573496306,0.0649191006519132,14054400
96,1986-07-30,0.061193861067295,0.0633228274781967,0.0590655066672122,0.0633228274781967,26409600
97,1986-07-31,0.060661781579256,0.0617259589391471,0.060661781579256,0.0611938702592016,15638400
98,1986-08-01,0.0601296983659267,0.0611938758225661,0.059597609637607,0.0606617870942464,12902400
99,1986-08-04,0.0601296983659267,0.0601296983659267,0.0585334321809675,0.0601296983659267,12441600
100,1986-08-05,0.0595976151525974,0.0606617927077127,0.0595976151525974,0.0601297039301551,2822400
101,1986-08-06,0.0590655244886875,0.0601297020098166,0.0580013469675583,0.059597613249252,18316800
102,1986-08-07,0.0585334450006485,0.0595976226903584,0.0580013561557935,0.0590655338455034,3657600
103,1986-08-08,0.0590655244886875,0.0601297020098166,0.0585334357281229,0.0585334357281229,4147200
104,1986-08-11,0.061193861067295,0.0617259496673157,0.0601296838672536,0.0601296838672536,7948800
105,1986-08-12,0.0627907440066337,0.0627907440066337,0.0611938660653271,0.0611938660653271,9993600
106,1986-08-13,0.0633228346705436,0.0633228346705436,0.0622586573496306,0.0627907460100871,6883200
107,1986-08-14,0.0649191364645958,0.0654512254185795,0.0633228696026446,0.0633228696026446,20131200
108,1986-08-15,0.0651851594448089,0.0654512015411211,0.0643870240213796,0.0649191127812504,6105600
109,1986-08-18,0.0643870159983635,0.0654511933855019,0.0643870159983635,0.0651851513223402,12787200
110,1986-08-19,0.0643870159983635,0.0646530626287709,0.063322838611225,0.0643870159983635,20390400
111,1986-08-20,0.0638549104332923,0.0643869989862752,0.0638549104332923,0.0643869989862752,20764800
112,1986-08-21,0.0638549104332923,0.064919087539258,0.0638549104332923,0.0638549104332923,49536000
113,1986-08-22,0.0627907440066337,0.0643870099370715,0.0617259547088064,0.0638549212935922,5760000
114,1986-08-25,0.0627907440066337,0.0627907440066337,0.0617259547088064,0.0627907440066337,2419200
115,1986-08-26,0.0622586645185947,0.0627907532403202,0.0622586645185947,0.0627907532403202,10857600
116,1986-08-27,0.0622586645185947,0.0627907532403202,0.0617259637859104,0.0622586645185947,9532800
117,1986-08-28,0.0622586645185947,0.0627907532403202,0.0622586645185947,0.0622586645185947,3427200
118,1986-08-29,0.060661781579256,0.0627907483099489,0.0595976042193649,0.0622586596300034,25430400
119,1986-09-02,0.0590655244886875,0.0606617907703812,0.0582673890642175,0.0606617907703812,5212800
120,1986-09-03,0.0574692673981189,0.0585334450894432,0.0558730008611325,0.0585334450894432,18316800
121,1986-09-04,0.0622586645185947,0.0622586645185947,0.0585334314555574,0.0585334314555574,39427200
122,1986-09-05,0.0649191364645958,0.0649191364645958,0.0617259907294675,0.0622586916946771,26352000
123,1986-09-08,0.0643870159983635,0.0654511933855019,0.0643870159983635,0.0649191046919327,9619200
124,1986-09-09,0.0654511898756027,0.0670474558707087,0.064387012545532,0.064387012545532,37526400
125,1986-09-10,0.0643870159983635,0.0659832820790712,0.0643870159983635,0.0654511933855019,10886400
126,1986-09-11,0.0617259554564952,0.0649190993669183,0.0617259554564952,0.0643870107169938,35654400
127,1986-09-12,0.0601296983659267,0.062258665290172,0.0601296983659267,0.0617259645508859,24451200
128,1986-09-15,0.061193861067295,0.061193861067295,0.0590655066672122,0.0601296838672536,22492800
129,1986-09-16,0.061193861067295,0.0617259496673157,0.0601296838672536,0.061193861067295,5184000
130,1986-09-17,0.0627907440066337,0.0638549212935922,0.0606617774218479,0.0611938660653271,8035200
131,1986-09-18,0.0633228346705436,0.0643870119914567,0.0627907460100871,0.0627907460100871,5356800
132,1986-09-19,0.0633228346705436,0.0638549233310001,0.0627907460100871,0.0633228346705436,2505600
133,1986-09-22,0.0627907440066337,0.063322832650113,0.0627907440066337,0.063322832650113,4492800
134,1986-09-23,0.0638549104332923,0.0643869989862752,0.0627907333273267,0.0627907333273267,5961600
135,1986-09-24,0.0630567893385887,0.063854920004067,0.0627907427385991,0.063854920004067,4780800
136,1986-09-25,0.0617259554564952,0.0633228334171449,0.0617259554564952,0.0630567913758053,5155200
137,1986-09-26,0.0617259554564952,0.0622586561172959,0.0611938668065708,0.0617259554564952,2332800
138,1986-09-29,0.0601296983659267,0.0617259645508859,0.0601296983659267,0.0617259645508859,6192000
139,1986-09-30,0.0601296983659267,0.0611938758225661,0.0601296983659267,0.0601296983659267,5184000
140,1986-10-01,0.0595976151525974,0.0611938814852704,0.058533437597482,0.0601297039301551,32428800
141,1986-10-02,0.0595976151525974,0.0606617927077127,0.0590655263750397,0.0595976151525974,22723200
142,1986-10-03,0.0601296983659267,0.0606617870942464,0.059597609637607,0.059597609637607,14716800
143,1986-10-06,0.0649191364645958,0.0659833143725632,0.0617259907294675,0.0617259907294675,85334400
144,1986-10-07,0.0662493631243705,0.067579583265687,0.064919138415806,0.064919138415806,59788800
145,1986-10-08,0.068111665546894,0.0689097966398554,0.0654512209582767,0.0662493566184857,119606400
146,1986-10-09,0.0702400058507919,0.071836884265784,0.0681116506455361,0.0681116506455361,92563200
147,1986-10-10,0.0734331533312797,0.0750294197930775,0.069175830755413,0.0702400083966116,76752000
148,1986-10-13,0.0702400058507919,0.0734331506697258,0.0702400058507919,0.0734331506697258,27129600
149,1986-10-14,0.0713041573762893,0.071836857993836,0.0707720687695691,0.0707720687695691,12873600
150,1986-10-15,0.0744973048567771,0.075029393490848,0.0713041610414943,0.0713041610414943,63532800
151,1986-10-16,0.0744973048567771,0.075029393490848,0.0739652162227063,0.0744973048567771,21859200
152,1986-10-17,0.0766256600618362,0.0771577441333057,0.074497305506977,0.074497305506977,124444800
153,1986-10-20,0.0771577656269073,0.0782219432007816,0.0750294150464053,0.0766256814072167,43545600
154,1986-10-21,0.0803503021597862,0.0803503021597862,0.0776898626661544,0.0776898626661544,112377600
155,1986-10-22,0.0803503021597862,0.0811484376616731,0.0798182179148572,0.0803503021597862,54576000
156,1986-10-23,0.0803503021597862,0.0808823955392086,0.0795521757923927,0.0803503021597862,70444800
157,1986-10-24,0.0798182040452957,0.0803502881977673,0.0776898491664252,0.0803502881977673,101376000
158,1986-10-27,0.0824792236089706,0.0824792236089706,0.0803502486329679,0.0803502486329679,125654400
159,1986-10-28,0.0843415632843971,0.0856717918619172,0.0824792597179534,0.0824792597179534,142646400
160,1986-10-29,0.0819471329450607,0.084607579877532,0.0808823439882969,0.0843415287901435,53222400
161,1986-10-30,0.0835434272885322,0.0846076045448841,0.0814150727758283,0.0819471568367592,44380800
162,1986-10-31,0.0824792236089706,0.0846075774398307,0.0819471305840119,0.0835434005244007,63734400
163,1986-11-03,0.0840755775570869,0.0846076711715198,0.0830113994627187,0.0830113994627187,42192000
164,1986-11-04,0.0872680768370628,0.0872680768370628,0.0840755438344796,0.0840755438344796,54403200
165,1986-11-05,0.0925895422697067,0.0931216354700619,0.0867359507273947,0.0872680439277499,45100800
166,1986-11-06,0.0947178825736045,0.0968462367863226,0.0920574443749514,0.0925895283608864,72576000
167,1986-11-07,0.0941858142614364,0.0952499915448887,0.0925895437690128,0.0947178983359173,44323200
168,1986-11-10,0.0904605910181999,0.0941858286577997,0.0899284977278977,0.0941858286577997,28684800
169,1986-11-11,0.0909932926297187,0.0920574700326792,0.0909932926297187,0.0909932926297187,11894400
170,1986-11-12,0.0909932926297187,0.0931216474356396,0.0899284940813312,0.0909932926297187,34156800
171,1986-11-13,0.089662492275238,0.0915254178614841,0.0893964500886602,0.0909933334883285,30211200
172,1986-11-14,0.0904605910181999,0.0904605910181999,0.0878001428356728,0.0896624556499926,18720000
173,1986-11-17,0.0909932926297187,0.0920574700326792,0.0893964099470968,0.0904605873500572,24307200
174,1986-11-18,0.0862039029598236,0.0915254035425303,0.0862039029598236,0.0909933192526182,59673600
175,1986-11-19,0.0893964022397995,0.0899284863281603,0.0862038703061618,0.0862038703061618,48729600
176,1986-11-20,0.0963141769170761,0.0963141769170761,0.0893964158939576,0.0893964158939576,98179200
177,1986-11-21,0.0995067059993743,0.1005715045828654,0.0968462669715116,0.0968462669715116,91065600
178,1986-11-24,0.1074886620044708,0.1080207461990236,0.0963141814284386,0.0995067139992332,173836800
179,1986-11-25,0.1085528433322906,0.1090849275454902,0.1069565724237059,0.1074886657713984,95788800
180,1986-11-26,0.1074886620044708,0.1090849237226218,0.1074886620044708,0.108552839528069,38793600
181,1986-11-28,0.1058923974633216,0.1080207526373742,0.1048282290107885,0.1074886684111076,41328000
182,1986-12-01,0.1037640422582626,0.1064244814235845,0.1032319489445028,0.1058923881098247,40291200
183,1986-12-02,0.1042961180210113,0.1064244728353112,0.1042961180210113,0.1042961180210113,28771200
184,1986-12-03,0.1034979820251464,0.1053602947594621,0.1032319399586704,0.1042961173590662,35164800
185,1986-12-04,0.1048282086849212,0.1058923769311154,0.1026998539235501,0.1034979801081958,42508800
186,1986-12-05,0.1042961180210113,0.1053602954281612,0.1042961180210113,0.1048282112918321,107510400
187,1986-12-08,0.1032319068908691,0.1053602610098949,0.1016356458688441,0.104296083950382,22665600
188,1986-12-09,0.1026998162269592,0.1037639932170321,0.1021677231646787,0.1032319001547516,16099200
189,1986-12-10,0.1034979820251464,0.1037640332261141,0.1016356784253224,0.1026998558257182,27590400
190,1986-12-11,0.1042961180210113,0.1048282112918321,0.1032319406138614,0.103497982682026,11635200
191,1986-12-12,0.1005715057253837,0.1042961222336025,0.1005715057253837,0.1042961222336025,25286400
192,1986-12-15,0.0979104861617088,0.101103631848454,0.0963142147566966,0.1005715474697805,50774400
193,1986-12-16,0.0989746078848838,0.1005714903948725,0.0984425146736805,0.0984425146736805,77299200
194,1986-12-17,0.1000387668609619,0.1005714719855242,0.0989745897678407,0.0989745897678407,23356800
195,1986-12-18,0.1008375287055969,0.1011035707341185,0.0995066882831613,0.1000387814746949,12672000
196,1986-12-19,0.1032319068908691,0.104296083950382,0.1011035527718433,0.1011035527718433,56592000
197,1986-12-22,0.1042961180210113,0.1053602954281612,0.1032319406138614,0.1032319406138614,18316800
198,1986-12-23,0.1053603142499923,0.1053603142499923,0.104296136652735,0.104296136652735,23788800
199,1986-12-24,0.1050942689180374,0.1053603110255865,0.1048282268104882,0.1053603110255865,7027200
200,1986-12-26,0.1048282086849212,0.1058923769311154,0.1048282086849212,0.1050942507464698,3715200
201,1986-12-29,0.1005715057253837,0.1058923838415557,0.1005715057253837,0.1048282155259149,41702400
202,1986-12-30,0.1016356796026229,0.1021677637417385,0.0995067036317446,0.1005715021899002,25401600
203,1986-12-31,0.1026998162269592,0.1042960771448246,0.1016356392368863,0.1016356392368863,23356800
204,1987-01-02,0.1016356796026229,0.1037640344280685,0.1011035863290157,0.1026998570153457,12643200
205,1987-01-05,0.1074886620044708,0.108552839528069,0.1011035968628816,0.101635690191927,48499200
206,1987-01-06,0.1090849041938781,0.1096169974276664,0.1069565495277069,0.1074886427614952,40032000
207,1987-01-07,0.1149385347962379,0.1149385347962379,0.109084940915606,0.109084940915606,60998400
208,1987-01-08,0.1186631247401237,0.119727923331099,0.1154705924035538,0.1154705924035538,61488000
209,1987-01-09,0.1234525591135025,0.1239846524866534,0.1181310590434046,0.1186631432820622,63705600
210,1987-01-12,0.1314345151185989,0.1324986927898223,0.1223883883348629,0.1234525660060864,128793600
211,1987-01-13,0.1277091950178146,0.1303702540723973,0.1255808410365023,0.1303702540723973,76320000
212,1987-01-14,0.1277091950178146,0.1282412789458986,0.1250487479739302,0.1277091950178146,69465600
213,1987-01-15,0.1346270143985748,0.137819546828902,0.1277092533558007,0.1277092533558007,117014400
214,1987-01-16,0.1314345151185989,0.1346270389977754,0.1287734543622036,0.1346270389977754,65433600
215,1987-01-19,0.1362233310937881,0.1362233310937881,0.1287734742344753,0.1314345354015245,88243200
216,1987-01-20,0.1383516043424606,0.1415447479576876,0.1356911567715429,0.1362232499395224,95760000
217,1987-01-21,0.1442051976919174,0.1479298227561112,0.1356911674023104,0.1383516151816617,108489600
218,1987-01-22,0.1585728377103805,0.1591049218462369,0.1399485136471758,0.1442052141375015,116035200
219,1987-01-23,0.1436731219291687,0.1649578928792152,0.1436731219291687,0.158572828800743,317894400
220,1987-01-26,0.1463335305452346,0.1479298008028519,0.1399484769182332,0.1447372694221066,116553600
221,1987-01-27,0.1521871536970138,0.1543154992691311,0.1463335616756881,0.1463335616756881,114105600
222,1987-01-28,0.1527192294597625,0.1548475839227469,0.1479298153399658,0.1521871362767714,76723200
223,1987-01-29,0.1463335305452346,0.1543154664406301,0.1431410082989785,0.1527192144519913,79228800
224,1987-01-30,0.1556457132101059,0.1559117460897479,0.1442051849777484,0.1463335393597822,104169600
225,1987-02-02,0.1553796827793121,0.15857282678894,0.1553796827793121,0.155645733963408,46915200
226,1987-02-03,0.1527192294597625,0.1569759383857312,0.150058781813787,0.1553796679712479,59328000
227,1987-02-04,0.1532513201236724,0.153783404195142,0.1511229655688133,0.1527192360522029,31737600
228,1987-02-05,0.1521871536970138,0.1543154992691311,0.1505908922343031,0.153251331050318,42652800
229,1987-02-06,0.1465995758771896,0.1529852503967892,0.1458014407799615,0.1521871152995611,45619200
230,1987-02-09,0.1452693790197372,0.1463335563341966,0.1444712528847608,0.1463335563341966,136080000
231,1987-02-10,0.1458014696836471,0.1458014696836471,0.1420768537156962,0.1452693764685166,44668800
232,1987-02-11,0.1527192294597625,0.1527192294597625,0.1463335449254825,0.1463335449254825,60307200
233,1987-02-12,0.1633616089820861,0.164159744210488,0.1527192335086662,0.1527192335086662,185731200
234,1987-02-13,0.1617653518915176,0.1654899584858676,0.1580407270281874,0.1633616040309618,81763200
235,1987-02-17,0.1628295332193374,0.1633616173090669,0.1580407398738092,0.1617653650398785,70732800
236,1987-02-18,0.1527192294597625,0.1654899591140154,0.1521871362767714,0.1628295206025301,128592000
237,1987-02-19,0.1463335305452346,0.1521871213212891,0.1447372694221066,0.1521871213212891,317750400
238,1987-02-20,0.1447372883558273,0.1463335496877693,0.1426089338235777,0.1463335496877693,87897600
239,1987-02-23,0.1537834256887436,0.1559117805410731,0.1415447778441458,0.1447373101226401,125913600
240,1987-02-24,0.1612332910299301,0.1617653934821978,0.1537834365115309,0.1537834365115309,120816000
241,1987-02-25,0.1585728377103805,0.1641597668093304,0.1575080482932388,0.1612332766586455,65001600
242,1987-02-26,0.1644258946180343,0.169215311755534,0.1553797658725087,0.1585729115897507,145209600
243,1987-02-27,0.1633616089820861,0.1654899635014976,0.160701170400067,0.1644257953762822,37555200
244,1987-03-02,0.1585728377103805,0.1633616314710542,0.1575080482932388,0.1633616314710542,79516800
245,1987-03-03,0.1585728377103805,0.1601691083869328,0.1564438617525429,0.1585728377103805,81100800
246,1987-03-04,0.1697473376989364,0.1702794218995066,0.1580407727959606,0.1585728569965308,98179200
247,1987-03-05,0.1777292191982269,0.1814538439359787,0.1697472828178571,0.1697472828178571,128188800
248,1987-03-06,0.1771972179412841,0.1787934890415324,0.1729398860410202,0.1777293022183709,63561600
249,1987-03-09,0.1740040183067321,0.1777292464929083,0.172939831817237,0.1771971623826519,38275200
250,1987-03-10,0.1793255805969238,0.1814539360606426,0.1734719773588309,0.1740040799265022,74102400
251,1987-03-11,0.1819858849048614,0.1830500527101524,0.1798575310253041,0.1819858849048614,43862400
252,1987-03-12,0.1827841103076934,0.1841143298567895,0.1777292650597378,0.181985974924439,71337600
253,1987-03-13,0.1761324405670166,0.1841143812344406,0.1724078138287891,0.1827841613141429,105120000
254,1987-03-16,0.175068199634552,0.1756002837846453,0.1697473215956508,0.1756002837846453,88473600
255,1987-03-17,0.1809218078851699,0.181985976224455,0.1745361218970381,0.1750682060666807,54547200
256,1987-03-18,0.1905000954866409,0.1920963486518879,0.1819860510502986,0.1819860510502986,119347200
257,1987-03-19,0.1942246407270431,0.1942246407270431,0.1873074911409779,0.1905000329616147,62812800
258,1987-03-20,0.1920962482690811,0.1942246029795317,0.1910320800483469,0.1942246029795317,38246400
259,1987-03-23,0.1907660216093063,0.1947566796888824,0.1889037181593005,0.192096240969165,67478400
260,1987-03-24,0.1920962482690811,0.1931604347587975,0.1862426653716795,0.1862426653716795,69609600
261,1987-03-25,0.1912981569766998,0.1931604791948805,0.1899679372602772,0.1920962924603506,33840000
262,1987-03-26,0.1899679005146026,0.1915641711731361,0.1894358163847525,0.1912981199737195,33379200
263,1987-03-27,0.1952887624502182,0.1995460741585191,0.1910320536182507,0.1910320536182507,120873600
264,1987-03-30,0.2059319615364074,0.2059319615364074,0.1883718008413037,0.1952889549441603,186134400
265,1987-03-31,0.2059319615364074,0.2107207591253852,0.2032708993153829,0.2032708993153829,125337600
266,1987-04-01,0.1936925500631332,0.2101885303148462,0.1926283634020307,0.2059318202084066,259430400
267,1987-04-02,0.2022065967321396,0.2064639284805322,0.1968857176131071,0.1968857176131071,159955200
268,1987-04-03,0.2123168706893921,0.2133810390079373,0.2022065591728359,0.2022065591728359,155606400
269,1987-04-06,0.211252674460411,0.21284894513436,0.2075280672465076,0.2123168609993714,98956800
270,1987-04-07,0.2000781446695327,0.2112526018867861,0.2000781446695327,0.2112526018867861,73728000
271,1987-04-08,0.2059319615364074,0.2080603180502862,0.2000783736790636,0.2000783736790636,106214400
272,1987-04-09,0.2022065967321396,0.2059318442224264,0.2006103439578223,0.2059318442224264,71568000
273,1987-04-10,0.2035368233919143,0.2038028563715876,0.2016745011892699,0.2022065854176027,43372800
274,1987-04-13,0.1968857198953628,0.2032707858736085,0.1958209302212368,0.2032707858736085,50256000
275,1987-04-14,0.2000781446695327,0.20327066665169,0.1936924612910268,0.1968856044183986,87379200
276,1987-04-15,0.2043349295854568,0.2064639057985511,0.2016744903182146,0.2016744903182146,95961600
277,1987-04-16,0.2096564173698425,0.2139131086236019,0.2038028160634122,0.2043349001865093,188092800
278,1987-04-20,0.2038029134273529,0.2117848550394304,0.2032708290500601,0.2096565175302592,100310400
279,1987-04-21,0.2069959640502929,0.2085922347181325,0.1995461102365881,0.2038028198381714,113184000
280,1987-04-22,0.2096564173698425,0.2101885014929396,0.2069959602163916,0.2069959602163916,74678400
281,1987-04-23,0.2096564173698425,0.2117847538622308,0.2064638760932945,0.2096564173698425,48326400
282,1987-04-24,0.2107206284999847,0.2117847969627488,0.2069960023423376,0.2096564600372207,54172800
283,1987-04-27,0.2107206284999847,0.2123168994631173,0.2069960023423376,0.2107206284999847,53107200
284,1987-04-28,0.2261524200439453,0.2266845225370879,0.2085922704728163,0.2107206256384282,111081600
285,1987-04-29,0.2197667509317398,0.2320054005366556,0.2197667509317398,0.2261524192836534,85161600
286,1987-04-30,0.2213629931211471,0.2261524085792622,0.2165741988085326,0.2197667405295991,88041600
287,1987-05-01,0.2234913259744644,0.2240234283877667,0.218702532137628,0.2213629711282056,37843200
288,1987-05-04,0.2277486622333526,0.2293449329732874,0.2224271629800949,0.2234913312940621,34531200
289,1987-05-05,0.2463730722665786,0.2463730722665786,0.2282808168982921,0.2282808168982921,110995200
290,1987-05-06,0.2405193746089935,0.2485013305253153,0.2394552063829949,0.2463729758043356,153504000
291,1987-05-07,0.2516939640045166,0.2522260483511825,0.2389232271939078,0.2405194802339055,289699200
292,1987-05-08,0.2692540287971496,0.272979275678581,0.2522259651467821,0.2522259651467821,150048000
293,1987-05-11,0.2618041634559631,0.2692540174915626,0.2615381305160548,0.2692540174915626,127382400
294,1987-05-12,0.2527579963207245,0.2644651601518369,0.249033371634937,0.2618041006319705,148464000
295,1987-05-13,0.2591436803340912,0.2602078667195401,0.2543548872720222,0.2543548872720222,73382400
296,1987-05-14,0.2612721025943756,0.266061518043871,0.2591437475404902,0.2591437475404902,59961600
297,1987-05-15,0.253822922706604,0.2607400735269937,0.253822922706604,0.2607400735269937,84326400
298,1987-05-18,0.2453087121248245,0.2538227494752683,0.2383909631490835,0.2538227494752683,172598400
299,1987-05-19,0.2367947399616241,0.2453087607300505,0.2367947399616241,0.2453087607300505,78336000
300,1987-05-20,0.2330695837736129,0.2357306444688566,0.2282807889304018,0.2357306444688566,228355200
301,1987-05-21,0.2373267859220504,0.2399872240190831,0.2336015587485654,0.2336015587485654,93312000
302,1987-05-22,0.230409100651741,0.2383910572058689,0.2293449323407089,0.237326870625853,64627200
303,1987-05-26,0.2330695837736129,0.234133770554875,0.2298770599678012,0.2304091442239386,46886400
304,1987-05-27,0.2330695837736129,0.2383911022875182,0.2320054152613381,0.2330695837736129,48758400
305,1987-05-28,0.2474370747804641,0.2479691770135272,0.2325373718817431,0.2330694558458288,108662400
306,1987-05-29,0.2453087121248245,0.2516937742787521,0.2447766281792414,0.2474370661761337,80380800
307,1987-06-01,0.2405193746089935,0.2453087893093546,0.2405193746089935,0.2453087893093546,30326400
308,1987-06-02,0.2394552379846573,0.2442446533170925,0.2362627146163515,0.2405194063510976,51552000
309,1987-06-03,0.2410515248775482,0.2442446696042694,0.2405194223898605,0.2405194223898605,21628800
310,1987-06-04,0.2394552379846573,0.2410515088033025,0.237858967166012,0.2410515088033025,20390400
311,1987-06-05,0.2325374186038971,0.2405193556210993,0.2277486254269914,0.2394551874791118,59270400
312,1987-06-08,0.2336015701293945,0.2341336541209281,0.2288127776676351,0.2325373838773489,111571200
313,1987-06-09,0.2320053726434707,0.2341337275460428,0.2309411860576927,0.2336016433876457,25833600
314,1987-06-10,0.2202987670898437,0.2330694969714386,0.2155099740301249,0.2320053288554924,176256000
315,1987-06-11,0.2075280845165252,0.2250882326062031,0.2069959820682731,0.2240234431021886,268704000
316,1987-06-12,0.2091243714094162,0.2160421428287827,0.2069960160737141,0.2075281186093804,196156800
317,1987-06-15,0.2091243714094162,0.2123169135474631,0.204867057861418,0.2091243714094162,125222400
318,1987-06-16,0.2133810222148895,0.216042082216268,0.208592228620345,0.2091243127377428,73526400
319,1987-06-17,0.220830962061882,0.2213630463870985,0.2144452924756537,0.2144452924756537,71078400
320,1987-06-18,0.223225325345993,0.2234913583221658,0.2171063111282137,0.2202988347251897,56188800
321,1987-06-19,0.2224271744489669,0.2261524031543715,0.2213629878111438,0.2240234452712092,40809600
322,1987-06-22,0.220830962061882,0.2234914019569546,0.2192347090862323,0.2234914019569546,87436800
323,1987-06-23,0.2187026143074035,0.2208309699533167,0.2139131975256742,0.2208309699533167,100771200
324,1987-06-24,0.222959354519844,0.225620416000833,0.2197668297713591,0.2197668297713591,82684800
325,1987-06-25,0.2224271744489669,0.2234913428178052,0.2202988194423055,0.2224271744489669,44035200
326,1987-06-26,0.222959354519844,0.2240235416153341,0.2208309985978565,0.222959354519844,21945600
327,1987-06-29,0.2218949943780899,0.2229591622870742,0.2181703701586907,0.2229591622870742,25632000
328,1987-06-30,0.217106282711029,0.2229592449175514,0.2165741802903585,0.2224271607658646,38332800
329,1987-07-01,0.2181704491376876,0.2197667198480006,0.2160420942802649,0.2165741784273747,21945600
330,1987-07-02,0.212848961353302,0.2187025449676099,0.2101885222066521,0.2187025449676099,56880000
331,1987-07-06,0.2075280845165252,0.2149773178332236,0.2064638978890056,0.2123168786679016,65491200
332,1987-07-07,0.1920962482690811,0.2069959552640513,0.1904999959379799,0.2069959552640513,197078400
333,1987-07-08,0.198481947183609,0.2016744703341533,0.1883716541706238,0.1936925321778588,193449600
334,1987-07-09,0.2038029134273529,0.208592330506682,0.1984820331164417,0.1995462018710274,92707200
335,1987-07-10,0.2064638137817382,0.2075279999757397,0.2000781485484115,0.2027385866299494,75830400
336,1987-07-13,0.211252674460411,0.2117847585953996,0.2043349047531817,0.2064638807075472,48326400
337,1987-07-14,0.2234913259744644,0.2240234283877667,0.2117847623090939,0.2128489488667151,152812800
338,1987-07-15,0.2176383882761001,0.2250882430851034,0.2176383882761001,0.223491351058494,96768000
339,1987-07-16,0.217106282711029,0.21923463758676,0.2128489518141196,0.2181704510144027,72979200
340,1987-07-17,0.2176383882761001,0.2213629959733547,0.2165742015990377,0.2171063040720617,51264000
341,1987-07-20,0.2117847949266433,0.2171063131418023,0.2112527107003768,0.2171063131418023,42019200
342,1987-07-21,0.211252674460411,0.2149772999432976,0.2096564220554452,0.2117847585953996,36547200
343,1987-07-22,0.212848961353302,0.2139131297043681,0.2096564380311191,0.2112526905577182,53366400
344,1987-07-23,0.208060160279274,0.2128489542369325,0.2000782219607165,0.2128489542369325,148492800
345,1987-07-24,0.2096564173698425,0.2117847538622308,0.2080601467315685,0.2085922308546656,57744000
346,1987-07-27,0.2123168706893921,0.2123168706893921,0.2064638901304412,0.209656431624045,41817600
347,1987-07-28,0.2117847949266433,0.2165742106465495,0.2112527107003768,0.2133810658744293,38160000
348,1987-07-29,0.211252674460411,0.2123168609993714,0.2080601513814962,0.2117847585953996,27676800
349,1987-07-30,0.2064638137817382,0.211252605982302,0.2043348385174858,0.211252605982302,55555200
350,1987-07-31,0.2000781446695327,0.2053990207294538,0.1958208153687906,0.2053990207294538,186624000
351,1987-08-03,0.1952887624502182,0.2011423445377518,0.1942245761077364,0.2000781764642498,116352000
352,1987-08-04,0.1995460242033004,0.1995460242033004,0.1952887135607932,0.1952887135607932,135072000
353,1987-08-05,0.2069959640502929,0.2096564212530199,0.1995461102365881,0.2000782126385233,211190400
354,1987-08-06,0.2149773240089416,0.2163081647753137,0.2075280904782469,0.2075280904782469,152553600
355,1987-08-07,0.2202987670898437,0.2224271215907166,0.2144451847688406,0.2149772688268137,171014400
356,1987-08-10,0.2202987670898437,0.2213629352057899,0.2181704125889708,0.2208308511478168,56448000
357,1987-08-11,0.2160421758890152,0.2224272428732075,0.2149773860471349,0.2213630559080135,68544000
358,1987-08-12,0.212848961353302,0.2165741899964932,0.212848961353302,0.2160421058209601,42364800
359,1987-08-13,0.2192346155643463,0.2224271384227576,0.2128489304331566,0.2128489304331566,80640000
360,1987-08-14,0.2202987670898437,0.2208308511478168,0.2181704125889708,0.2192345989738975,50832000
361,1987-08-17,0.2218949943780899,0.2218949943780899,0.219234556336652,0.2202987242456364,33667200
362,1987-08-18,0.2181704491376876,0.22136297228933,0.2160420942802649,0.2202988039951104,46944000
363,1987-08-19,0.2181704491376876,0.2187025332847975,0.2139131182774001,0.2181704491376877,48902400
364,1987-08-20,0.2240234911441803,0.2250882808765397,0.2181705091101083,0.2181705091101083,82051200
365,1987-08-21,0.2277486622333526,0.2304091012872547,0.2234913312940621,0.2234913312940621,68976000
366,1987-08-24,0.2378590106964111,0.2389231975265923,0.224555570045362,0.2277487151435271,97747200
367,1987-08-25,0.2442446053028106,0.2485013144697458,0.2373268363284242,0.2399872749905133,185961600
368,1987-08-26,0.2458409368991851,0.2511618155456031,0.2431798764304597,0.2442446659976655,114105600
369,1987-08-27,0.2463730722665786,0.2474372409092303,0.2431799269239885,0.2458409879452528,72432000
370,1987-08-28,0.2559512257575989,0.2580795808253166,0.2469051001415412,0.2469051001415412,114796800
371,1987-08-31,0.2527579963207245,0.2559511398617093,0.2485012876138185,0.2548869535504932,84326400
372,1987-09-01,0.2415836155414581,0.2527580969227712,0.2405194288066775,0.2511618259550935,93859200
373,1987-09-02,0.2447767108678817,0.2453087949932096,0.2389231278058933,0.2394552119312211,78393600
374,1987-09-03,0.2453087121248245,0.2506296063875859,0.2421155690371421,0.2474370661761337,70934400
375,1987-09-04,0.2383910715579986,0.2458409261361387,0.2378589691014639,0.245308823679604,48355200
376,1987-09-08,0.2373267859220504,0.23839097212225,0.2304090184169443,0.2378588698876615,96336000
377,1987-09-09,0.239987313747406,0.2426477528391443,0.2373268746556676,0.2383910612537535,60710400
378,1987-09-10,0.2437118291854858,0.2463728882188616,0.2405192891044719,0.2410513912972915,58176000
379,1987-09-11,0.2474370747804641,0.2479691770135272,0.2426476614205095,0.2437118476176583,41040000
380,1987-09-14,0.253822922706604,0.2554191939017675,0.2479693376270222,0.2479693376270222,94464000
381,1987-09-15,0.2508957684040069,0.2543549643799973,0.2474371935735432,0.2543549643799973,39052800
382,1987-09-16,0.2485013902187347,0.2554191613018183,0.2485013902187347,0.2511618296917876,57715200
383,1987-09-17,0.246905118227005,0.250097641927937,0.2421157023955647,0.2490334734506219,69436800
384,1987-09-18,0.2447767108678817,0.2469050656381759,0.2426477349521709,0.2469050656381759,31651200
385,1987-09-21,0.2277486622333526,0.2437119359712026,0.2256203073364342,0.2277486622333526,85550400
386,1987-09-22,0.2437118291854858,0.2458408042950179,0.2256202084778119,0.2277485624421625,82008000
387,1987-09-23,0.2564832866191864,0.2570153707704537,0.2458409093724576,0.2458409093724576,107697600
388,1987-09-24,0.2607399523258209,0.269253973260397,0.2554190751739271,0.2554190751739271,118440000
389,1987-09-25,0.2639331221580505,0.276703871651156,0.2607399780602129,0.2618041462880301,82454400
390,1987-09-28,0.2724466621875763,0.2777681633759952,0.2628684496573696,0.2639332395040007,95544000
391,1987-09-29,0.2735113799571991,0.2777680901772385,0.2708503194914051,0.2745755666467018,57412800
392,1987-09-30,0.2820247411727905,0.2836216146137424,0.2724465331780785,0.2724465331780785,85680000
393,1987-10-01,0.2916029393672943,0.2926677286739385,0.2809605452642262,0.2820247316944872,127224000
394,1987-10-02,0.3086310625076294,0.3096952674849828,0.2926678051574679,0.2937319918658351,131644800
395,1987-10-05,0.3363015055656433,0.3363015055656433,0.3128883762432221,0.3128883762432221,184320000
396,1987-10-06,0.3139525651931762,0.3373656567868709,0.3123562944366307,0.33630148846183,203040000
397,1987-10-07,0.3107593655586242,0.3203375735657174,0.3043743015611589,0.315016696035654,125640000
398,1987-10-08,0.3065026402473449,0.3160808477550745,0.2958602645966763,0.3118241386453562,96940800
399,1987-10-09,0.3054384589195251,0.3203375430367624,0.3054384589195251,0.3075667951135292,93888000
400,1987-10-12,0.3043743073940277,0.310759371513853,0.2937319309845698,0.3065026621006361,117187200
401,1987-10-13,0.3118242621421814,0.3150168043733549,0.3022460508410373,0.307566930201009,96811200
402,1987-10-14,0.3033101260662079,0.3182091929759655,0.3011811503062153,0.311824147401083,114220800
403,1987-10-15,0.300117015838623,0.3096952435430368,0.2979886608554136,0.300117015838623,128822400
404,1987-10-16,0.2756396234035492,0.3171449701444067,0.2735112691557416,0.3001169121403965,210240000
405,1987-10-19,0.1926283538341522,0.2703182146403534,0.1915641854948923,0.2618041737048686,146880000
406,1987-10-20,0.2043349295854568,0.2213629941482053,0.1830501548875266,0.1958209064385752,324000000
407,1987-10-21,0.2410515248775482,0.2575475058312508,0.2128489786219549,0.2202988336362608,262080000
408,1987-10-22,0.2266844362020492,0.2469050174617355,0.217106229593713,0.2415835195634127,223200000
409,1987-10-23,0.2053990215063095,0.225620221353724,0.2022064812431006,0.2234912461226934,112766400
410,1987-10-26,0.1670862883329391,0.2043349434533349,0.1585728674847837,0.197949896086205,148320000
411,1987-10-27,0.1756003051996231,0.1830501601618589,0.1670862818074219,0.1734719500707066,234720000
412,1987-10-28,0.1756003051996231,0.1809218233019284,0.1638937399795543,0.170279426511825,149760000
413,1987-10-29,0.2032707184553146,0.2075280488410391,0.1756002632258919,0.1756002632258919,167040000
414,1987-10-30,0.2117847949266433,0.2224271919424405,0.2064639161260052,0.2117847949266433,168480000
415,1987-11-02,0.213913157582283,0.21710632073507,0.2064639233470562,0.2096564653542869,84772800
416,1987-11-03,0.2043349295854568,0.2128489710013237,0.1862426966234056,0.2096564475344301,116150400
417,1987-11-04,0.2075280845165252,0.2160421073372381,0.1958208989367586,0.2000782300543472,95342400
418,1987-11-05,0.2149773240089416,0.2181704685907411,0.2075280904782469,0.2085922588673525,81432000
419,1987-11-06,0.2022065967321396,0.2149773496861741,0.2000782596997165,0.2139131629009752,75355200
420,1987-11-09,0.2000781446695327,0.2022064804783196,0.1936924612910268,0.1990139584961624,86587200
421,1987-11-10,0.2000781446695327,0.2064638097790618,0.1936924612910268,0.1979497905917689,91166400
422,1987-11-11,0.2085922360420227,0.2096564225836642,0.2011423821810352,0.2022065504536935,54619200
423,1987-11-12,0.212848961353302,0.2213629841142597,0.2085922514110685,0.2160421058209601,99172800
424,1987-11-13,0.2053990215063095,0.2139130407258038,0.2053990215063094,0.2128488728173855,58492800
425,1987-11-16,0.2032707184553146,0.2117847398124092,0.2022065320107359,0.2075280488410391,59472000
426,1987-11-17,0.1990139931440353,0.2022065156820033,0.1926283086537966,0.1990139931440353,69321600
427,1987-11-18,0.2043349295854568,0.2043349295854568,0.1915641963033935,0.2022065745178659,89308800
428,1987-11-19,0.1968857198953628,0.2064639308738164,0.1958209302212368,0.2053991411996904,75024000
429,1987-11-20,0.2022065967321396,0.2032707835173385,0.1905000488322913,0.1936925726499134,82468800
430,1987-11-23,0.2032707184553146,0.2075280488410391,0.2000781956595416,0.2011423638351388,44640000
431,1987-11-24,0.2022065967321396,0.2085922837819427,0.1936925726499134,0.2064639284805322,72230400
432,1987-11-25,0.1958209723234176,0.2032708295775342,0.1958209723234176,0.2022066425511956,32155200
433,1987-11-27,0.1926283538341522,0.1968856848746288,0.1915641854948923,0.1958208953899005,18316800
434,1987-11-30,0.1905000954866409,0.1915642642634722,0.172407837837125,0.1883717396639863,164160000
435,1987-12-01,0.1862426847219467,0.194756707324757,0.1830501431900805,0.1894358291302924,73540800
436,1987-12-02,0.187307521700859,0.1905000640423703,0.1819860210113708,0.1851785450838932,68515200
437,1987-12-03,0.1718756258487701,0.1904999540600573,0.171343541855372,0.1883715998174864,127670400
438,1987-12-04,0.1787934899330139,0.1803897427722332,0.1702794472356281,0.1713436340640958,121752000
439,1987-12-07,0.1841142773628235,0.1862426316883457,0.179857568711779,0.1830500910655728,66211200
440,1987-12-08,0.2022065967321396,0.2022065967321396,0.1830501749972893,0.1841143617824882,112521600
441,1987-12-09,0.1968857198953628,0.2053991411996904,0.1958209302212368,0.2011424305475266,83793600
442,1987-12-10,0.2022065967321396,0.2107206390833532,0.1883716935308809,0.1936925726499134,165600000
443,1987-12-11,0.2043349295854568,0.2064639057985511,0.1990140510509723,0.2032707611861541,72475200
444,1987-12-14,0.2160421758890152,0.2171063628542091,0.2032708178982675,0.204334986594471,95112000
445,1987-12-15,0.2181704491376876,0.2208308881422202,0.2128489499831805,0.2181704491376877,112219200
446,1987-12-16,0.2309413254261016,0.2330696816130935,0.2139132519075016,0.214977439135495,105537600
447,1987-12-17,0.2213629931211471,0.2330695579495927,0.2202988247267818,0.2330695579495927,94017600
448,1987-12-18,0.2213629931211471,0.2288128661031462,0.2213629931211471,0.2234913481788631,52488000
449,1987-12-21,0.2192346155643463,0.2277486370884889,0.216042074436953,0.2234913066192341,51163200
450,1987-12-22,0.2234913259744644,0.225620301966162,0.2128489488667151,0.2192346345509303,41774400
451,1987-12-23,0.2266844362020492,0.228812790557056,0.2224271063467402,0.2266844362020492,60710400
452,1987-12-24,0.2266844362020492,0.228812790557056,0.2256202498900562,0.2266844362020492,12672000
453,1987-12-28,0.2181704491376876,0.2266844897128207,0.2128489499831805,0.2256203031496176,50716800
454,1987-12-29,0.2320053726434707,0.2341337275460428,0.2149773094009679,0.2181704537657892,79459200
455,1987-12-30,0.2373267859220504,0.23839097212225,0.2309411023825553,0.2320052885827548,70704000
456,1987-12-31,0.2309413254261016,0.2373270151329073,0.2288129875081048,0.2351986589459155,61545600
457,1988-01-04,0.2383910715579986,0.2405194083081974,0.2320053853549579,0.2330695537300573,110347200
458,1988-01-05,0.2426477670669555,0.2469050983164245,0.2405194120149705,0.2437119537274407,155520000
459,1988-01-06,0.2490333616733551,0.2543548593549277,0.2426476777231349,0.2437118639917825,121680000
460,1988-01-07,0.2575475573539734,0.2580796416791191,0.2447768027908875,0.2469051583604601,90676800
461,1988-01-08,0.2383910715579986,0.2628683691661135,0.2367948007263645,0.256483304108562,145440000
462,1988-01-11,0.2463730722665786,0.2469051565879045,0.2330696123282039,0.2373269445824354,143568000
463,1988-01-12,0.2415836155414581,0.2490334707545187,0.2309412183930421,0.246905115553944,168480000
464,1988-01-13,0.2415836155414581,0.2490334707545187,0.2330695735936169,0.2383910918750893,96148800
465,1988-01-14,0.2394552379846573,0.2469050925021781,0.238391069618217,0.2437119479883881,40608000
466,1988-01-15,0.2458409368991851,0.2522259839672923,0.2458409368991851,0.2511618155456031,92174400
467,1988-01-18,0.2437118291854858,0.2469049721427053,0.2394551212567845,0.2469049721427053,30038400
468,1988-01-19,0.2437118291854858,0.2479691582593686,0.2373267672924339,0.2383909534090972,47419200
469,1988-01-20,0.2298770695924759,0.2437119915907928,0.2234913822989348,0.2415836362081442,208800000
470,1988-01-21,0.234133780002594,0.239455280462244,0.2309412377989702,0.2309412377989702,125107200
471,1988-01-22,0.2293449342250824,0.2389231433244561,0.224555519102667,0.2367947884159208,75297600
472,1988-01-25,0.2373267859220504,0.2394551400534721,0.2309411023825553,0.2309411023825553,75499200
473,1988-01-26,0.2320053726434707,0.2378589560692611,0.2309411860576927,0.2341337275460428,43560000
474,1988-01-27,0.2373267859220504,0.2394551400534721,0.233069456513977,0.233069456513977,100411200
475,1988-01-28,0.2405193746089935,0.2415835611039746,0.2383910381569962,0.2383910381569962,29318400
476,1988-01-29,0.2373267859220504,0.2426476621161158,0.2320052885827548,0.2405193079846942,66700800
477,1988-02-01,0.235198512673378,0.2426477455605922,0.2341337232307536,0.2415835772634117,48729600
478,1988-02-02,0.2373267859220504,0.23839097212225,0.233069456513977,0.2351984317906288,60753600
479,1988-02-03,0.2245556563138961,0.2373270175907788,0.222427300104862,0.2373270175907788,75801600
480,1988-02-04,0.217106282711029,0.226684491662774,0.2117847652417623,0.2256203050904166,114710400
481,1988-02-05,0.2192346155643463,0.2277486370884889,0.2181704290988879,0.2213629519572992,94104000
482,1988-02-08,0.2202987670898437,0.2234912897066628,0.2160420580880979,0.2160420580880979,72878400
483,1988-02-09,0.2245556563138961,0.2256204464297522,0.2213631128658474,0.222427300104862,49939200
484,1988-02-10,0.2288129180669784,0.2298770867030184,0.2234913989341686,0.2256203756208796,77025600
485,1988-02-11,0.2330695837736129,0.2330695837736129,0.2288128914555265,0.2298770599678012,69436800
486,1988-02-12,0.235198512673378,0.2394552224000671,0.232005368367409,0.2330695366645895,80222400
487,1988-02-16,0.2447767108678817,0.2458408973875202,0.2320053582242664,0.2341337129945606,67334400
488,1988-02-17,0.2447767108678817,0.2500975886591257,0.2437119214718094,0.2469050656381759,101318400
489,1988-02-18,0.246905118227005,0.2511618286742388,0.2426477866342222,0.243711973380524,84153600
490,1988-02-19,0.2500976324081421,0.2500976324081421,0.2458409403919231,0.2479692955345256,53164800
491,1988-02-22,0.2500976324081421,0.2511618191139363,0.2469051088287313,0.2500976324081421,52228800
492,1988-02-23,0.2532901763916015,0.2554191526976752,0.2500976345162938,0.2500976345162938,91728000
493,1988-02-24,0.2548871338367462,0.2586117611570295,0.2532902594985979,0.2532902594985979,79560000
494,1988-02-25,0.2474370747804641,0.2575473825882079,0.2463729068522927,0.2543548422657389,61560000
495,1988-02-26,0.2479693591594696,0.2500976965791832,0.2437120266363762,0.2479693591594696,29923200
496,1988-02-29,0.2527579963207245,0.2532900803418429,0.246905017281484,0.249033371634937,39326400
497,1988-03-01,0.2511617839336395,0.2554191147680444,0.2490334290891562,0.254354928211311,43300800
498,1988-03-02,0.2532901763916015,0.2586116763039967,0.2500976345162938,0.2511618212310584,67896000
499,1988-03-03,0.2596758306026459,0.2618041856472363,0.2543549521256625,0.2554191387824503,83664000
500,1988-03-04,0.258611649274826,0.260740004212921,0.254354939398636,0.2596758176093814,68356800
501,1988-03-07,0.2665936052799225,0.2671257077512001,0.2586116662930777,0.259675834697662,78004800
502,1988-03-08,0.2719145119190216,0.2756397408839448,0.2671257173876675,0.2681898858306412,96897600
503,1988-03-09,0.2724466621875763,0.2745756390041497,0.2692541195467402,0.2703183065166824,81734400
504,1988-03-10,0.2671255767345428,0.2767037818994423,0.265529306641601,0.2735112417135588,97948800
505,1988-03-11,0.2660615146160126,0.2681898696424769,0.2596758283911281,0.2660615146160126,84297600
506,1988-03-14,0.270850270986557,0.271382355101528,0.2618041468107165,0.2649973091839117,46281600
507,1988-03-15,0.2660615146160126,0.2713823930476809,0.2649973462372729,0.2713823930476809,43761600
508,1988-03-16,0.2756396234035492,0.2756396234035492,0.2639330630298328,0.2671256035360332,54547200
509,1988-03-17,0.2719145119190216,0.2788322644818521,0.2713824094285486,0.2767039275959047,125308800
510,1988-03-18,0.2479693591594696,0.2724466644674524,0.2479693591594696,0.2713824774886049,169920000
511,1988-03-21,0.2500976324081421,0.2500976324081421,0.2415836089611927,0.2490334639713338,198720000
512,1988-03-22,0.2564832866191864,0.2586116414932395,0.2500976008515801,0.2500976008515801,115833600
513,1988-03-23,0.2511617839336395,0.2655294077230408,0.2500975973769061,0.2628683475892442,151200000
514,1988-03-24,0.2405193746089935,0.2500975828643133,0.2373268516620152,0.2500975828643133,159840000
515,1988-03-25,0.2389231324195861,0.245308799730212,0.2373268617437953,0.2415835713665822,47332800
516,1988-03-28,0.2421156764030456,0.2426477605845808,0.2341337377275807,0.2362627138681886,67147200
517,1988-03-29,0.2405193746089935,0.247969246412316,0.2394552063829949,0.2437119158249543,80712000
518,1988-03-30,0.2330695837736129,0.2426477946056046,0.230941228480076,0.2415836260933299,100713600
519,1988-03-31,0.2405193746089935,0.2405193746089935,0.2320053528486548,0.2320053528486548,50256000
520,1988-04-04,0.235198512673378,0.2405193906972476,0.232005368367409,0.2383910541028867,47721600
521,1988-04-05,0.2383910715579986,0.2383910715579986,0.2320053853549579,0.2362627165388148,41760000
522,1988-04-06,0.2474370747804641,0.2479691770135272,0.2373267852416977,0.2383909714388465,75297600
523,1988-04-07,0.2437118291854858,0.2500974939547433,0.2437118291854858,0.2479691582593686,74923200
524,1988-04-08,0.246905118227005,0.2490334734506219,0.2431798891418665,0.2447767630033881,57974400
525,1988-04-11,0.2447767108678817,0.24903342040847,0.2426477349521709,0.24903342040847,40406400
526,1988-04-12,0.2373267859220504,0.2458408235929672,0.2341336427141765,0.2437118483163153,52444800
527,1988-04-13,0.2426477670669555,0.2426477670669555,0.2362627201799857,0.2383910752319707,42206400
528,1988-04-14,0.225620299577713,0.240519386220256,0.2245555101549085,0.2362626948417839,110030400
529,1988-04-15,0.2309413254261016,0.2341338688410869,0.224555653988291,0.226684631321113,114220800
530,1988-04-18,0.2330695837736129,0.2351985602127192,0.2288128914555265,0.2298770599678012,48052800
531,1988-04-19,0.2309413254261016,0.2426478964658895,0.2298771564671032,0.2330696816130935,75772800
532,1988-04-20,0.2320053726434707,0.2341337275460428,0.2288128494241047,0.2309411860576927,65404800
533,1988-04-21,0.2314733862876892,0.23626280342032,0.2288129461026254,0.2341338264727529,63979200
534,1988-04-22,0.235198512673378,0.2373268675367225,0.232005368367409,0.232005368367409,33926400
535,1988-04-25,0.2346664816141128,0.2373269212279271,0.2330695893926447,0.2351985658830781,23385600
536,1988-04-26,0.2373267859220504,0.2405193079846942,0.2351984317906288,0.2373267859220505,46454400
537,1988-04-27,0.2362627536058426,0.2383911089589419,0.2309412349430135,0.2373269221478983,47894400
538,1988-04-28,0.2357305735349655,0.2373268440920298,0.2341337001015005,0.2362626758999748,28468800
539,1988-04-29,0.2320053726434707,0.2341337275460428,0.2309411860576927,0.2341337275460428,64771200
540,1988-05-02,0.234133780002594,0.2351985697034043,0.2277487138643344,0.2320054246231741,49262400
541,1988-05-03,0.2405193746089935,0.2426477293299732,0.2351984969410354,0.2351984969410354,62740800
542,1988-05-04,0.2431798726320266,0.2458409330591867,0.2383910782712536,0.2415836017554405,75153600
543,1988-05-05,0.2426477670669555,0.2437119537274407,0.2394552436234706,0.2415835986754556,24883200
544,1988-05-06,0.2437118291854858,0.2469049721427053,0.2415834752211352,0.2415834752211352,43977600
545,1988-05-09,0.2437118291854858,0.2479691582593686,0.2415834752211352,0.2437118291854858,34790400
546,1988-05-10,0.2426477670669555,0.2453088274601894,0.2394552436234706,0.2437119537274407,46828800
547,1988-05-11,0.2373267859220504,0.2405193079846942,0.2341336427141765,0.2405193079846942,59486400
548,1988-05-12,0.2383910715579986,0.2405194083081974,0.2362627165388148,0.2373268849139142,26409600
549,1988-05-13,0.2415836155414581,0.2426477840072522,0.2394552603408834,0.2405194288066775,17913600
550,1988-05-16,0.2479693591594696,0.2506297992031023,0.2415836709476719,0.2415836709476719,59788800
551,1988-05-17,0.246905118227005,0.2522259971515538,0.246905118227005,0.2511618286742388,70430400
552,1988-05-18,0.2415836155414581,0.2485013865216216,0.2405194288066775,0.246905115553944,81374400
553,1988-05-19,0.2426477670669555,0.2437119537274407,0.2373268885714856,0.2383910752319707,57729600
554,1988-05-20,0.2394552379846573,0.2458409241357378,0.238391069618217,0.2437119479883881,42523200
555,1988-05-23,0.234133780002594,0.2405194490174599,0.2320054246231741,0.239455280462244,50227200
556,1988-05-24,0.2415836155414581,0.2415836155414581,0.2330695735936169,0.2341337603283975,55324800
557,1988-05-25,0.2373267859220504,0.2426476621161158,0.2362626179908283,0.2405193079846942,53582400
558,1988-05-26,0.2389231324195861,0.2426477396377873,0.2373268617437953,0.2383910482839836,43387200
559,1988-05-27,0.2362627536058426,0.2394552775009976,0.2362627536058425,0.2394552775009976,33148800
560,1988-05-31,0.246905118227005,0.2479693049733068,0.2351985524860565,0.2362627392323583,44049600
561,1988-06-01,0.2522258460521698,0.25541900725473,0.2458408024753546,0.2479691564239516,95788800
562,1988-06-02,0.2511617839336395,0.2554191147680444,0.2500975973769061,0.2532901387781228,63230400
563,1988-06-03,0.2532901763916015,0.2543549659829106,0.2500976345162938,0.2511618212310584,34833600
564,1988-06-06,0.258611649274826,0.2596758176093814,0.2522259633150754,0.2532901499186151,81748800
565,1988-06-07,0.2596758306026459,0.2639331618373234,0.2570153913641542,0.2596758306026459,82166400
566,1988-06-08,0.2639331221580505,0.2660614768826675,0.2586116233355958,0.2586116233355958,66283200
567,1988-06-09,0.2628683447837829,0.2676577597109478,0.2623362606455867,0.2649973207509831,69264000
568,1988-06-10,0.2649974524974823,0.2671258083773871,0.2607401195919322,0.262868475471837,45014400
569,1988-06-13,0.2655293643474579,0.2681898029012198,0.2649972802905016,0.2660614484044142,31118400
570,1988-06-14,0.2681899070739746,0.2703182623974953,0.267125738546708,0.2681899070739746,60379200
571,1988-06-15,0.2724466621875763,0.2724466621875763,0.2660615951748946,0.2671257821448369,51033600
572,1988-06-16,0.2703182697296142,0.2713824382857454,0.268189914348364,0.269254082904495,73713600
573,1988-06-17,0.2681899070739746,0.2735114073938608,0.267125738546708,0.2703182623974953,42105600
574,1988-06-20,0.2671255767345428,0.2681897446171863,0.2639330365486593,0.2671255767345428,28137600
575,1988-06-21,0.2724466621875763,0.2724466621875763,0.2660615951748946,0.2660615951748946,39715200
576,1988-06-22,0.2852177917957306,0.2873461457619612,0.2740433168950815,0.2767037730546018,127324800
577,1988-06-23,0.2809606492519378,0.286282167980218,0.2798964806967935,0.2852179811560856,41054400
578,1988-06-24,0.2777680456638336,0.2820247552017189,0.2767038774138537,0.2809605686827561,28555200
579,1988-06-27,0.2724466621875763,0.2777681633759952,0.2724466621875763,0.2777681633759952,23630400
580,1988-06-28,0.2798964977264404,0.2809606663463316,0.2713824545457223,0.2724466414346027,32140800
581,1988-06-29,0.2798964977264404,0.2830896430007353,0.2788323108375601,0.2809606663463316,49809600
582,1988-06-30,0.2852177917957306,0.2852177917957306,0.2809604627180872,0.2820246488356905,31550400
583,1988-07-01,0.2894745767116546,0.2894745767116546,0.284153699515521,0.2852178676471554,42940800
584,1988-07-05,0.2963925004005432,0.296924584744403,0.2852180166888636,0.2873463723332932,48096000
585,1988-07-06,0.2926677465438843,0.3001169789346274,0.2916029571722253,0.2969244559868753,89380800
586,1988-07-07,0.2926677465438843,0.2937319330391232,0.2884104159554908,0.2905387706769863,68428800
587,1988-07-08,0.2916029393672943,0.2926677286739385,0.2884103983454926,0.2894745847757536,40089600
588,1988-07-11,0.2841536998748779,0.2926677208910102,0.2841536998748779,0.2926677208910102,65764800
589,1988-07-12,0.2793643474578857,0.2862821178064754,0.2756397216296817,0.2852179311688521,90000000
590,1988-07-13,0.2841536998748779,0.2841536998748779,0.2767038469917258,0.2788321832576863,57427200
591,1988-07-14,0.2852177917957306,0.2852177917957306,0.2809604627180872,0.2841536239471032,34848000
592,1988-07-15,0.2852177917957306,0.2862819779133339,0.2820246488356905,0.2852177917957306,31579200
593,1988-07-18,0.2873462438583374,0.2884104120702583,0.2852178891655133,0.2862820756464164,20102400
594,1988-07-19,0.2809606492519378,0.2873463365353623,0.2798964806967935,0.286282167980218,36460800
595,1988-07-20,0.2724466621875763,0.2830896645644142,0.2713824752176341,0.2830896645644142,111096000
596,1988-07-21,0.2596758306026459,0.2724465820156849,0.2575474938270407,0.2713823953588971,128937600
597,1988-07-22,0.2628683447837829,0.2660614890273757,0.2575474668638535,0.2586116351402461,68817600
598,1988-07-25,0.2575475573539734,0.2660615825089242,0.2564833704346922,0.2639332269393515,52704000
599,1988-07-26,0.246905118227005,0.2511618286742388,0.2415836181569071,0.246905118227005,228960000
600,1988-07-27,0.2453087121248245,0.251161690333169,0.2447766281792414,0.2479691683906935,68140800
601,1988-07-28,0.2479693591594696,0.2490335278693264,0.2426478396575287,0.2447768164919178,57945600
602,1988-07-29,0.2532901763916015,0.2554191526976752,0.2479692976247369,0.2490334660705153,59385600
603,1988-08-01,0.2490333616733551,0.2554190456235753,0.2490333616733551,0.2543548593549277,51825600
604,1988-08-02,0.2447767108678817,0.2500975886591257,0.2415835667015153,0.24903342040847,65476800
605,1988-08-03,0.2394552379846573,0.2447767375003127,0.2362627146163515,0.2437119479883881,91987200
606,1988-08-04,0.2362627536058426,0.2405194460430534,0.2362627536058425,0.2394552775009976,53496000
607,1988-08-05,0.2277486622333526,0.23626270296648,0.2202988080831764,0.23626270296648,201600000
608,1988-08-08,0.2266844362020492,0.228812790557056,0.224555460701747,0.228812790557056,148320000
609,1988-08-09,0.2202987670898437,0.2266844517378005,0.2171062444730246,0.2256202653528738,138830400
610,1988-08-10,0.2149773240089416,0.2202988236379374,0.2128489689617452,0.2181704685907411,113169600
611,1988-08-11,0.2202987670898437,0.2213629352057899,0.2128489143259408,0.2171062444730246,123105600
612,1988-08-12,0.2213629931211471,0.2224271797844978,0.2192346563324165,0.2202988247267818,58262400
613,1988-08-15,0.2160421758890152,0.2224272428732075,0.2128490303857375,0.2213630559080135,41083200
614,1988-08-16,0.2234913259744644,0.2245555125320855,0.2139131171553527,0.2149773037129739,90878400
615,1988-08-17,0.2234913259744644,0.2293449275143608,0.218702532137628,0.2234913259744644,59112000
616,1988-08-18,0.2245556563138961,0.2266846336687668,0.2234914690748815,0.2245556563138961,32025600
617,1988-08-19,0.2149773240089416,0.2256203232669333,0.2139131373508508,0.2245555337323302,67377600
618,1988-08-22,0.2043349295854568,0.2149773260689146,0.2032707611861541,0.2139131394006265,110174400
619,1988-08-23,0.2101885378360748,0.2117847904813698,0.2032707670873172,0.2053991222166965,88315200
620,1988-08-24,0.2192346155643463,0.2197666996625845,0.2096564075747453,0.2107205757712218,102585600
621,1988-08-25,0.2160421758890152,0.2192347185156066,0.2128490303857375,0.213913199081941,72633600
622,1988-08-26,0.2187026143074035,0.220298885609086,0.2160421743172597,0.2160421743172597,24451200
623,1988-08-29,0.2218949943780899,0.2234912462415663,0.2202987242456364,0.2213628921546207,35035200
624,1988-08-30,0.2181704491376876,0.2224271588525331,0.2171062808434681,0.22136297228933,20966400
625,1988-08-31,0.212848961353302,0.2202988157631936,0.2096564380311191,0.2192346474121275,71884800
626,1988-09-01,0.208060160279274,0.2117847676524617,0.2043349134916477,0.2107205993369749,82382400
627,1988-09-02,0.2192346155643463,0.2202987837608228,0.2107205757712218,0.2117847439676982,115329600
628,1988-09-06,0.2213629931211471,0.2234913481788631,0.2181704696690659,0.2192346563324165,67752000
629,1988-09-07,0.2202987670898437,0.2245554760915895,0.2160420580880979,0.2224271215907166,72115200
630,1988-09-08,0.2213629931211471,0.2266845110454302,0.2181704696690659,0.2192346563324165,69206400
631,1988-09-09,0.2298770695924759,0.2330695935319546,0.2192346898026258,0.220298858359456,111124800
632,1988-09-12,0.2288129180669784,0.2341337977851571,0.227748731161949,0.2288129180669784,43257600
633,1988-09-13,0.2298770695924759,0.2309412381493061,0.2245555691247531,0.2266845456529971,40608000
634,1988-09-14,0.2298770695924759,0.2351985700601986,0.2288129010356456,0.2336016960793578,79214400
635,1988-09-15,0.2224271744489669,0.2309411973521136,0.2213629878111438,0.2298770289832753,72921600
636,1988-09-16,0.2213629931211471,0.2234913481788631,0.2202988247267818,0.2224271797844978,48700800
637,1988-09-19,0.2202987670898437,0.2234912897066628,0.2171062444730246,0.2234912897066628,44697600
638,1988-09-20,0.2266844362020492,0.2266844362020492,0.2202987519917335,0.2213629200347472,53625600
639,1988-09-21,0.2288129180669784,0.2298770867030184,0.227748731161949,0.227748731161949,16056000
640,1988-09-22,0.2320053726434707,0.2341337275460428,0.2288128494241047,0.2298770177408987,59688000
641,1988-09-23,0.2288129180669784,0.2320054422440877,0.2288129180669784,0.2320054422440877,35092800
642,1988-09-26,0.222959354519844,0.2298771278448081,0.2202989141846078,0.2288129590183107,50212800
643,1988-09-27,0.2213629931211471,0.2224271797844978,0.2192346563324165,0.2213629931211471,35366400
644,1988-09-28,0.225620299577713,0.225620299577713,0.2202988005074531,0.2224271553311808,25516800
645,1988-09-29,0.225620299577713,0.2277486544014407,0.223491323608553,0.2245555101549085,56462400
646,1988-09-30,0.2224271744489669,0.2256203189699523,0.2202988194423055,0.2245555294556284,37252800
647,1988-10-03,0.2187026143074035,0.220298885609086,0.214977384483126,0.2181705299631728,41097600
648,1988-10-04,0.2176383882761001,0.2213629959733547,0.2165742015990377,0.219234659157201,29260800
649,1988-10-05,0.213913157582283,0.2181704892248222,0.2128489890925307,0.2181704892248222,67089600
650,1988-10-06,0.212848961353302,0.2160421058209601,0.212848961353302,0.2139131297043681,33609600
651,1988-10-07,0.2117847949266433,0.2139131501006959,0.2038028555801516,0.2128489816481628,208065600
652,1988-10-10,0.2096564173698425,0.2128489403774077,0.2032707319403152,0.2128489403774077,106358400
653,1988-10-11,0.2117847949266433,0.2149773368222153,0.2085922713000577,0.2117847949266433,65952000
654,1988-10-12,0.2155099511146545,0.2202987436651745,0.2085921831443005,0.2107205374188625,137534400
655,1988-10-13,0.2192346155643463,0.2224271384227576,0.2139130986296331,0.2144452009968533,82468800
656,1988-10-14,0.2181704491376876,0.2224271588525331,0.2171062808434681,0.22136297228933,56764800
657,1988-10-17,0.2213629931211471,0.2234913481788631,0.2181704696690659,0.2181704696690659,25675200
658,1988-10-18,0.2234913259744644,0.2245555125320855,0.2181704479933092,0.220298802839568,37224000
659,1988-10-19,0.2266844362020492,0.228812790557056,0.2224271063467402,0.227748604245063,80683200
660,1988-10-20,0.2277486622333526,0.2298770171302711,0.2245555178770133,0.2245555178770133,73296000
661,1988-10-21,0.225620299577713,0.2277486544014407,0.223491323608553,0.225620299577713,24264000
662,1988-10-24,0.2213629931211471,0.2266845110454302,0.2208309089239645,0.2266845110454302,28627200
663,1988-10-25,0.2149773240089416,0.2224271786851338,0.2128489689617452,0.221362992027043,74548800
664,1988-10-26,0.2117847949266433,0.2149773368222153,0.2064639161260052,0.2139131501006959,157420800
665,1988-10-27,0.2107206284999847,0.2107206284999847,0.2032707733081364,0.2096564600372207,114336000
666,1988-10-28,0.2107206284999847,0.2117847969627488,0.2064639181109555,0.2096564600372207,46540800
667,1988-10-31,0.2085922360420227,0.2096564225836642,0.2064638812277228,0.2096564225836642,41284800
668,1988-11-01,0.2075280845165252,0.2117847762196495,0.2075280845165252,0.2085922528750601,53280000
669,1988-11-02,0.2011423856019973,0.2075280712989321,0.1990140307514991,0.2075280712989321,221803200
670,1988-11-03,0.2011423856019973,0.2032707404524956,0.1963535917556222,0.2011423856019973,118339200
671,1988-11-04,0.1979498863220214,0.2032707649551647,0.1979498863220214,0.1979498863220214,106603200
672,1988-11-07,0.1990139931440353,0.200078179502678,0.1958208494607446,0.1979498250543727,55065600
673,1988-11-08,0.2069959640502929,0.2085922347181325,0.2000782126385233,0.2011423809044276,56606400
674,1988-11-09,0.2117847949266433,0.2128489816481628,0.203270771353885,0.2043349398064181,124732800
675,1988-11-10,0.2085922360420227,0.2149773004849223,0.2085922360420227,0.2117847591289809,78796800
676,1988-11-11,0.2027386128902435,0.2085921949192599,0.202206510589832,0.206463840524553,54936000
677,1988-11-14,0.2064638137817382,0.2075279999757397,0.20220648439846,0.2043348385174858,34329600
678,1988-11-15,0.2000781446695327,0.2064638097790618,0.1979497905917689,0.2064638097790618,93902400
679,1988-11-16,0.1968857198953628,0.2011424305475266,0.1936925748951549,0.200610346283253,199008000
680,1988-11-17,0.1958209723234176,0.1990141180101629,0.194756785297079,0.1968857622264772,65865600
681,1988-11-18,0.198481947183609,0.1990140313305358,0.1947567004717124,0.196885676473845,34430400
682,1988-11-21,0.1958209723234176,0.1968857622264772,0.1926284295133933,0.1958209723234176,47102400
683,1988-11-22,0.1958209723234176,0.1979499492528158,0.1936926165397319,0.1958209723234176,30312000
684,1988-11-23,0.1995460242033004,0.2000781263758224,0.1958207974643399,0.1968855864165913,56548800
685,1988-11-25,0.197417676448822,0.1979497786378627,0.1947566174343445,0.1968855925287571,11462400
686,1988-11-28,0.2000781446695327,0.2022064804783196,0.1968856044183986,0.1968856044183986,58737600
687,1988-11-29,0.2022065967321396,0.2022065967321396,0.1990140729145176,0.2000782596997165,21873600
688,1988-11-30,0.2011423856019973,0.2032707404524956,0.2011423856019973,0.2011423856019973,35193600
689,1988-12-01,0.2085922360420227,0.2107205908563225,0.2000782139083768,0.2022065504536935,82008000
690,1988-12-02,0.2117847949266433,0.2139131501006959,0.2064639161260052,0.2064639161260052,91497600
691,1988-12-05,0.2107206284999847,0.2149773388890139,0.2075281048427061,0.2117847969627488,70142400
692,1988-12-06,0.2117847949266433,0.2117847949266433,0.2085922713000577,0.2107206264741102,44366400
693,1988-12-07,0.2096564173698425,0.2128489403774077,0.2091243149777626,0.2107205856160366,30888000
694,1988-12-08,0.2085922360420227,0.2107205908563225,0.2075280677693643,0.2096564225836642,40176000
695,1988-12-09,0.2085922360420227,0.2096564225836642,0.2064638812277228,0.2075280677693643,22305600
696,1988-12-12,0.2016744762659073,0.2085922463318172,0.2016744762659073,0.2075280780066637,38894400
697,1988-12-13,0.2032707184553146,0.2032707184553146,0.2011423638351388,0.2011423638351388,39168000
698,1988-12-14,0.2059319615364074,0.207528233489066,0.2022067119239446,0.2032708993153829,28008000
699,1988-12-15,0.2085922360420227,0.2096564225836642,0.2064638812277228,0.2085922360420227,23198400
700,1988-12-16,0.2117847949266433,0.2139131501006959,0.2075281028475246,0.2075281028475246,51796800
701,1988-12-19,0.2160421758890152,0.2192347185156066,0.2149773860471349,0.2155100915409134,83534400
702,1988-12-20,0.2181704491376876,0.2234913271467527,0.2171062808434681,0.2187025332847975,92188800
703,1988-12-21,0.2224271744489669,0.2234913428178052,0.218170464435644,0.2192346510734672,46440000
704,1988-12-22,0.2213629931211471,0.2256203243820796,0.2202988247267818,0.2234913481788631,74592000
705,1988-12-23,0.2213629931211471,0.2213629931211471,0.2192346563324165,0.2202988247267818,17121600
706,1988-12-27,0.2202987670898437,0.2234912897066628,0.2202987670898437,0.2213629352057899,30772800
707,1988-12-28,0.2224271744489669,0.2224271744489669,0.2202988194423055,0.2213629878111438,21268800
708,1988-12-29,0.2266844362020492,0.227748604245063,0.2213629200347472,0.2213629200347472,38275200
709,1988-12-30,0.2266844362020492,0.2309411266430835,0.2266844362020492,0.227748604245063,63820800
710,1989-01-03,0.2282807379961013,0.2288128404025027,0.2245555096197608,0.2277486538586833,51825600
711,1989-01-04,0.2309413254261016,0.2336017843615877,0.2277488002801114,0.2277488002801114,53899200
712,1989-01-05,0.2272167056798935,0.2330696712316712,0.2266846212240944,0.2330696712316712,47246400
713,1989-01-06,0.225620299577713,0.2288128409477962,0.225620299577713,0.2277486544014407,59054400
714,1989-01-09,0.2234913259744644,0.2266844885237832,0.2218950735415079,0.225620301966162,46008000
715,1989-01-10,0.2213629931211471,0.2234913481788631,0.2202988247267818,0.2224271797844978,54129600
716,1989-01-11,0.2234913259744644,0.2234913259744644,0.2192346345509303,0.2208308869838868,48297600
717,1989-01-12,0.2234913259744644,0.2288128433700419,0.2224271576858267,0.2224271576858267,54590400
718,1989-01-13,0.225620299577713,0.2266844861240685,0.223491323608553,0.223491323608553,35568000
719,1989-01-16,0.2261524200439453,0.2304091303751689,0.224555546225944,0.2266845225370879,27532800
720,1989-01-17,0.2192346155643463,0.2250881983283158,0.2181704290988879,0.2240234089864543,41745600
721,1989-01-18,0.2192346155643463,0.2202987837608228,0.2139130986296331,0.2202987837608228,63633600
722,1989-01-19,0.2277486622333526,0.2288128488163038,0.2224271629800949,0.2224271629800949,84297600
723,1989-01-20,0.230409100651741,0.2314732872317569,0.2266844932941449,0.2277486616051769,61027200
724,1989-01-23,0.225620299577713,0.2298770092251684,0.2250882154390269,0.2298770092251684,52228800
725,1989-01-24,0.2245556563138961,0.2277488026387863,0.2234914690748815,0.2256204464297522,56217600
726,1989-01-25,0.225620299577713,0.2266844861240685,0.223491323608553,0.225620299577713,49046400
727,1989-01-26,0.2309413254261016,0.2320055126540951,0.2234914667602975,0.2240235695087917,87134400
728,1989-01-27,0.2357305735349655,0.2405193669371767,0.2288128226032618,0.2304090748913443,166420800
729,1989-01-30,0.2490333616733551,0.2500975296730242,0.2351984469185158,0.2362626331871634,110088000
730,1989-01-31,0.253822922706604,0.2564833625192171,0.2490335062444718,0.2511618617483601,125092800
731,1989-02-01,0.2522258460521698,0.2543548211459436,0.2511616782123592,0.2532900321609562,131212800
732,1989-02-02,0.2591436803340912,0.2681898035453331,0.2522259116247665,0.2532900980102155,180028800
733,1989-02-03,0.2596758306026459,0.2660615168819137,0.2554191387824503,0.2575474938270407,91324800
734,1989-02-06,0.2575475573539734,0.2596758946545563,0.2543550148651195,0.2586117260042648,87580800
735,1989-02-07,0.26446533203125,0.2660616034010217,0.2575475775775195,0.2580796619444463,127094400
736,1989-02-08,0.2660615146160126,0.2724465796954056,0.2618041834175924,0.2639331595895482,133315200
737,1989-02-09,0.2713824510574341,0.2756397831658864,0.2628684262551424,0.2639332160069793,199036800
738,1989-02-10,0.2634010910987854,0.2703182407798077,0.2623363015110932,0.2681898856264942,129038400
739,1989-02-13,0.2607399523258209,0.2639330961085032,0.2596757659340538,0.2618041204486074,94075200
740,1989-02-14,0.2564832866191864,0.2649973272608458,0.2554191183166517,0.26340105653806,62956800
741,1989-02-15,0.2649974524974823,0.2649974524974823,0.2564834078321226,0.2575475949065712,81936000
742,1989-02-16,0.2671255767345428,0.2703180986514498,0.2607398934865503,0.2660613905829228,61387200
743,1989-02-17,0.2660615146160126,0.2692540380212165,0.2649973462372729,0.2681898696424769,29692800
744,1989-02-21,0.2628683447837829,0.2671256755727515,0.2618041582384071,0.2649973207509831,33753600
745,1989-02-22,0.2554191052913666,0.2628683378361814,0.2554191052913666,0.261804151318932,95515200
746,1989-02-23,0.2570154368877411,0.258611708021168,0.252226020610842,0.2564833525995949,75945600
747,1989-02-24,0.2500976324081421,0.2586116741240775,0.2500976324081421,0.256483318981475,76017600
748,1989-02-27,0.2543548941612243,0.2564832487207882,0.2490333957514501,0.2500975638967415,68788800
749,1989-02-28,0.2532901763916015,0.2564833211434537,0.2511618212310584,0.2554191526976752,43444800
750,1989-03-01,0.2522258460521698,0.2564831750945406,0.2522258460521698,0.25541900725473,59889600
751,1989-03-02,0.258611649274826,0.2596758176093814,0.2522259633150754,0.2522259633150754,92304000
752,1989-03-03,0.2628683447837829,0.2639331342056072,0.2575474668638535,0.2586116351402461,68947200
753,1989-03-06,0.2639331221580505,0.2649973086548502,0.2596757915634131,0.2628683327848299,56635200
754,1989-03-07,0.2277486622333526,0.2554191210606693,0.2266844939193854,0.2543549344777181,788688000
755,1989-03-08,0.2234913259744644,0.2320053665049384,0.2229592418301456,0.2288128433700419,253612800
756,1989-03-09,0.2202987670898437,0.2245554760915895,0.2192345989738975,0.2245554760915895,123307200
757,1989-03-10,0.2202987670898437,0.2234912897066628,0.2171062444730246,0.2192345989738975,66902400
758,1989-03-13,0.2245556563138961,0.2245556563138961,0.2202989438958279,0.2213631128658474,60206400
759,1989-03-14,0.2245556563138961,0.2266846336687668,0.222427300104862,0.2266846336687668,63720000
760,1989-03-15,0.213913157582283,0.2245555549702967,0.213913157582283,0.2245555549702967,104889600
761,1989-03-16,0.2181704491376876,0.2192346357008908,0.2149773048406032,0.2160420942802649,102888000
762,1989-03-17,0.1979498863220214,0.2149773300549863,0.195820910069452,0.2139131433669663,245577600
763,1989-03-20,0.1979498863220214,0.1979498863220214,0.1947567233814319,0.1974177838435185,238996800
764,1989-03-21,0.2123168706893921,0.2128489548486647,0.1968856810421416,0.1990140359482161,224467200
765,1989-03-22,0.2085922360420227,0.2117847591289809,0.2064638812277228,0.2107205908563225,167025600
766,1989-03-23,0.213913157582283,0.213913157582283,0.2075281101057954,0.2075281101057954,87811200
767,1989-03-27,0.2117847949266433,0.2155100421940164,0.2107206264741102,0.2128489816481628,75542400
768,1989-03-28,0.2117847949266433,0.2149773368222153,0.2096564580215771,0.2139131501006959,70804800
769,1989-03-29,0.2107206284999847,0.2117847969627488,0.2096564600372207,0.2117847969627488,30009600
770,1989-03-30,0.2123168706893921,0.2128489548486647,0.2091243291957883,0.2117847682611355,46742400
771,1989-03-31,0.2123168706893921,0.2139131231672099,0.2107205999425902,0.2128489548486647,29736000
772,1989-04-03,0.213913157582283,0.2160421339763307,0.2112527180889153,0.2128489890925307,35049600
773,1989-04-04,0.212848961353302,0.2139131297043681,0.2107206063821852,0.2139131297043681,25027200
774,1989-04-05,0.2144451886415481,0.2149772727091302,0.2117847317656759,0.212848918169821,19641600
775,1989-04-06,0.2181704491376876,0.2192346357008908,0.2139131182774001,0.2149773048406032,51681600
776,1989-04-07,0.2181704491376876,0.2202988039951104,0.2171062808434681,0.2181704491376877,29448000
777,1989-04-10,0.2187026143074035,0.2224272412549992,0.2181705299631728,0.2181705299631728,28670400
778,1989-04-11,0.2187026143074035,0.2213630542975474,0.2144453001388953,0.2192347169206246,28728000
779,1989-04-12,0.2048670202493667,0.220298813054974,0.2027386653044147,0.220298813054974,71020800
780,1989-04-13,0.2075280845165252,0.2144452336539561,0.202206566771417,0.2032707533989366,92880000
781,1989-04-14,0.2160421758890152,0.2181705315504126,0.2096565060281366,0.2096565060281366,62625600
782,1989-04-17,0.2192346155643463,0.2229592225209959,0.216042074436953,0.2181704290988879,51638400
783,1989-04-18,0.2266844362020492,0.2266844362020492,0.2213629200347472,0.223491274389754,69336000
784,1989-04-19,0.2336015701293945,0.2373267974843688,0.2320052998858153,0.2341336541209281,168969600
785,1989-04-20,0.2383910715579986,0.2405194083081974,0.2320053853549579,0.2341337403741417,138801600
786,1989-04-21,0.235198512673378,0.2383910541028867,0.2341337232307536,0.2383910541028867,58190400
787,1989-04-24,0.2346664816141128,0.2362627526899965,0.2320054208547141,0.2341337761995631,29332800
788,1989-04-25,0.2330695837736129,0.2373269155062561,0.2320054152613381,0.2362627469939813,24897600
789,1989-04-26,0.2298770695924759,0.234133780357773,0.2282807984882424,0.234133780357773,44510400
790,1989-04-27,0.2330695837736129,0.2336016862987376,0.2298770599678012,0.2298770599678012,34588800
791,1989-04-28,0.2378590106964111,0.2394552818071887,0.2288129019737082,0.2330695944874684,69782400
792,1989-05-01,0.2325374186038971,0.2383910193371244,0.2309411481219349,0.2357305624441937,33739200
793,1989-05-02,0.2298770695924759,0.234133780357773,0.2277487142098273,0.2330695935319546,34372800
794,1989-05-03,0.2298770695924759,0.2330695935319546,0.2298770695924759,0.2298770695924759,28857600
795,1989-05-04,0.2234913259744644,0.2309411799473172,0.2224271576858267,0.2309411799473172,37425600
796,1989-05-05,0.2213629931211471,0.2266845110454302,0.2202988247267818,0.2266845110454302,35827200
797,1989-05-08,0.2192346155643463,0.2224271384227576,0.2171062609024114,0.2213629519572992,49003200
798,1989-05-09,0.225620299577713,0.2277486544014407,0.2192346322300808,0.2202988005074531,54590400
799,1989-05-10,0.2298770695924759,0.2330695935319546,0.2266845456529971,0.2277487142098273,58752000
800,1989-05-11,0.2298770695924759,0.2309412381493061,0.2277487142098273,0.2309412381493061,34401600
801,1989-05-12,0.2309413254261016,0.2341338688410869,0.2277488002801114,0.2325375971335943,71092800
802,1989-05-15,0.2330695837736129,0.234133770554875,0.2298770599678012,0.2304091442239386,74736000
803,1989-05-16,0.2394552379846573,0.2405194063510976,0.2320053834671364,0.2330695518335767,83433600
804,1989-05-17,0.2442446053028106,0.2469050439648998,0.2399872749905133,0.2399872749905133,89812800
805,1989-05-18,0.2479693591594696,0.2495656122242547,0.2437120266363762,0.2437120266363762,52574400
806,1989-05-19,0.2479693591594696,0.253290239246735,0.2474372565355505,0.2474372565355505,62568000
807,1989-05-22,0.2522258460521698,0.2532900321609562,0.2458408024753546,0.2479691564239516,74275200
808,1989-05-23,0.2410515248775482,0.251161819254348,0.2394552539524574,0.2479692956731525,97545600
809,1989-05-24,0.2447767108678817,0.2447767108678817,0.237326857160927,0.2389231278058933,69364800
810,1989-05-25,0.2447767108678817,0.24903342040847,0.2426477349521709,0.2447767108678817,33840000
811,1989-05-26,0.2506296038627624,0.2511616878029854,0.2458408118628028,0.2469049797432487,37886400
812,1989-05-30,0.2511617839336395,0.2538228440674361,0.2490334290891562,0.2511617839336395,63907200
813,1989-05-31,0.2575475573539734,0.2596758946545563,0.2511618694996054,0.2511618694996054,80971200
814,1989-06-01,0.2554191052913666,0.2586116283051493,0.2543549187741171,0.2564832735396332,62798400
815,1989-06-02,0.2479693591594696,0.2564833847909808,0.2479693591594696,0.2559513004360524,54043200
816,1989-06-05,0.2415836155414581,0.2490334707545187,0.2405194288066775,0.2490334707545187,61416000
817,1989-06-06,0.2490333616733551,0.2495654456731896,0.2405193234548182,0.2415835097234658,53899200
818,1989-06-07,0.2543548941612243,0.2554190805754968,0.2500975638967415,0.2500975638967415,44928000
819,1989-06-08,0.2543548941612243,0.2564832487207882,0.2532901048705778,0.2543548941612243,29217600
820,1989-06-09,0.2543548941612243,0.2559511646481425,0.2522259184563054,0.2543548941612243,36144000
821,1989-06-12,0.2511617839336395,0.2564832830557943,0.2495655132330312,0.254354928211311,51681600
822,1989-06-13,0.2437118291854858,0.2490333261070559,0.2437118291854858,0.2485012421832122,40564800
823,1989-06-14,0.2458409368991851,0.2469051053208744,0.240519418838265,0.2458409368991851,47304000
824,1989-06-15,0.2415836155414581,0.2458409470881499,0.2394552603408834,0.2458409470881499,52113600
825,1989-06-16,0.2415836155414581,0.2426477840072522,0.2394552603408834,0.2410515313085611,47361600
826,1989-06-19,0.2405193746089935,0.2426477293299732,0.2362626834360165,0.2426477293299732,27158400
827,1989-06-20,0.2320053726434707,0.2415835817160082,0.2320053726434707,0.2405193951302302,45806400
828,1989-06-21,0.234133780002594,0.2383911119070281,0.2266845453091185,0.2266845453091185,80496000
829,1989-06-22,0.2362627536058426,0.2362627536058425,0.2341337771071564,0.2351985667947989,36072000
830,1989-06-23,0.2357305735349655,0.2383910305530667,0.235198489438938,0.2362626758999748,33537600
831,1989-06-26,0.2330695837736129,0.2362627469939813,0.230941228480076,0.2351985602127192,30240000
832,1989-06-27,0.2293449342250824,0.2351985176672734,0.2288128500651945,0.233069541613281,35899200
833,1989-06-28,0.2245556563138961,0.2298771588478204,0.2213631128658474,0.2298771588478204,57456000
834,1989-06-29,0.2213629931211471,0.2250882401848969,0.2181704696690659,0.2250882401848969,77198400
835,1989-06-30,0.225620299577713,0.2277486544014407,0.2181704456837253,0.2213629687848253,67248000
836,1989-07-03,0.2298770695924759,0.2309412381493061,0.2261524431055939,0.2261524431055939,14688000
837,1989-07-05,0.235198512673378,0.2362626992395421,0.2298770135040644,0.232005368367409,26539200
838,1989-07-06,0.2245556563138961,0.2383912048297935,0.2229593845898718,0.2373270175907788,94780800
839,1989-07-07,0.2277486622333526,0.2309411854442383,0.2240234337200297,0.2245555178770133,41457600
840,1989-07-10,0.2336015701293945,0.2341336541209281,0.2277485914155896,0.2288127776676351,27259200
841,1989-07-11,0.2277486622333526,0.23626270296648,0.2266844939193854,0.2336016427671243,43488000
842,1989-07-12,0.2266844362020492,0.227748604245063,0.2213629200347472,0.2256202498900562,52156800
843,1989-07-13,0.225620299577713,0.2288128409477962,0.223491323608553,0.2261523837163991,33408000
844,1989-07-14,0.2245556563138961,0.2277488026387863,0.2202989438958279,0.2266846336687668,42768000
845,1989-07-17,0.2266844362020492,0.227748604245063,0.223491274389754,0.224555460701747,31291200
846,1989-07-18,0.2277486622333526,0.2309411854442383,0.2266844939193854,0.2266844939193854,42984000
847,1989-07-19,0.230409100651741,0.232005371387273,0.2266844932941449,0.229877016496225,29764800
848,1989-07-20,0.2277486622333526,0.2351985163835288,0.2277486622333526,0.2309411854442383,44524800
849,1989-07-21,0.235198512673378,0.2405193906972476,0.2245555143347509,0.2256203037773753,99763200
850,1989-07-24,0.235198512673378,0.2373268675367225,0.2309411818012449,0.2330695366645895,38361600
851,1989-07-25,0.2213629931211471,0.2426477677203224,0.2192346563324165,0.2341337446129433,326030400
852,1989-07-26,0.2245556563138961,0.2266846336687668,0.2213631128658474,0.2245556563138961,123638400
853,1989-07-27,0.2288129180669784,0.2298770867030184,0.226684562525909,0.228280815479969,45561600
854,1989-07-28,0.2309413254261016,0.2320055126540951,0.226684631321113,0.2298771564671032,29217600
855,1989-07-31,0.2330695837736129,0.234133770554875,0.2288128914555265,0.2298770599678012,33336000
856,1989-08-01,0.2309413254261016,0.2351986589459155,0.2298771564671032,0.2330696816130935,62136000
857,1989-08-02,0.2309413254261016,0.2330696816130935,0.2298771564671032,0.2298771564671032,28368000
858,1989-08-03,0.234133780002594,0.2351985697034043,0.2309412377989702,0.2314733403455662,27590400
859,1989-08-04,0.2426477670669555,0.2447767432644394,0.2320053889305168,0.2330695573220167,178128000
860,1989-08-07,0.2458409368991851,0.2469051053208744,0.2426477739506293,0.2458409368991851,93571200
861,1989-08-08,0.2511617839336395,0.2522259522213894,0.2447767194001896,0.2447767194001896,110548800
862,1989-08-09,0.2500976324081421,0.2554191505446667,0.2500976324081421,0.2506297348955322,113774400
863,1989-08-10,0.2490333616733551,0.2511617159416718,0.247969193673686,0.2511617159416718,48340800
864,1989-08-11,0.2458409368991851,0.2532901706579674,0.2458409368991851,0.2511618155456031,61473600
865,1989-08-14,0.2426477670669555,0.2458409299249246,0.2426477670669555,0.2458409299249246,68990400
866,1989-08-15,0.2447767108678817,0.2469050656381759,0.2410514825761875,0.2426477349521709,17856000
867,1989-08-16,0.2378590106964111,0.2469051376881021,0.2362627578546216,0.2458409691269092,46670400
868,1989-08-17,0.2405193746089935,0.2415835611039746,0.2351984969410354,0.2373268516620152,39960000
869,1989-08-18,0.2447767108678817,0.2458408973875202,0.2405193801818768,0.2405193801818768,24912000
870,1989-08-21,0.2389231324195861,0.2463729862704003,0.2383910482839836,0.2447767155946094,32097600
871,1989-08-22,0.2485013902187347,0.2500976429411743,0.238391095421785,0.238391095421785,64771200
872,1989-08-23,0.2522258460521698,0.2538227372260384,0.2469049703151652,0.2495654081836675,46094400
873,1989-08-24,0.2511617839336395,0.2575474696125277,0.2479692608014063,0.254887012355186,92764800
874,1989-08-25,0.2506296038627624,0.2522258556834313,0.2458408118628028,0.250097501653563,85147200
875,1989-08-28,0.2516939640045166,0.2532902353135047,0.2479693553088648,0.2500976926955284,28540800
876,1989-08-29,0.2490333616733551,0.2554190456235753,0.2485012776735206,0.2548869433547622,54417600
877,1989-08-30,0.2522258460521698,0.2538227372260384,0.2490333242637621,0.2500974921035728,40377600
878,1989-08-31,0.2500976324081421,0.2543549638388724,0.2500976324081421,0.2532901742565389,14198400
879,1989-09-01,0.2548871338367462,0.2564834052981522,0.2500977165757859,0.2511619036397206,44409600
880,1989-09-05,0.2554191052913666,0.2596757965534159,0.2538228346499838,0.2543549187741171,93340800
881,1989-09-06,0.2522258460521698,0.25541900725473,0.2500974921035728,0.2543548211459436,42379200
882,1989-09-07,0.2479693591594696,0.2522260522678874,0.246905172180622,0.2511618835580307,41904000
883,1989-09-08,0.2511617839336395,0.2532901387781228,0.245840905956923,0.2469050742446729,39787200
884,1989-09-11,0.2527579963207245,0.2532900803418429,0.249033371634937,0.2500975396771738,27907200
885,1989-09-12,0.2564832866191864,0.2596758097957742,0.2522259557256332,0.2532901422971516,67795200
886,1989-09-13,0.2649974524974823,0.270318333062748,0.2575475949065712,0.2596759325174836,181022400
887,1989-09-14,0.2713824510574341,0.2745756145596739,0.2649974028821807,0.2671257583635948,78163200
888,1989-09-15,0.2671255767345428,0.2745754278651788,0.2660613905829228,0.2724464526857134,89150400
889,1989-09-18,0.2703182697296142,0.2703182697296142,0.2660615589671136,0.2660615589671136,39110400
890,1989-09-19,0.2660615146160126,0.2724465796954056,0.2660615146160126,0.2713823930476809,49204800
891,1989-09-20,0.2767038345336914,0.2767038345336914,0.2649972731077212,0.2671256275468376,72129600
892,1989-09-21,0.2788322865962982,0.2841538051857088,0.2745755942178149,0.2798964733926597,89352000
893,1989-09-22,0.2809606492519378,0.2809606492519378,0.2756397699382402,0.2788322938726612,43948800
894,1989-09-25,0.2852177917957306,0.2894744997281919,0.2788321087518566,0.2809604627180872,69940800
895,1989-09-26,0.2862820923328399,0.2873462606067877,0.2830895509730303,0.285217905789909,39988800
896,1989-09-27,0.2836216986179352,0.2868142406926117,0.2798964694105596,0.2820248247040148,69235200
897,1989-09-28,0.2894745767116546,0.2894745767116546,0.2830895131149057,0.2830895131149057,41428800
898,1989-09-29,0.2916029393672943,0.2958602696957403,0.2884103983454926,0.2894745847757536,64324800
899,1989-10-02,0.2963925004005432,0.2979887534321226,0.2894747279777228,0.2905388966654424,50428800
900,1989-10-03,0.293732076883316,0.3001171259056568,0.2931999742406281,0.3001171259056568,68918400
901,1989-10-04,0.3214024305343628,0.3224665989566895,0.2916030108993154,0.2937319871584717,260020800
902,1989-10-05,0.3373656868934631,0.3501370598385001,0.3203376402683957,0.3214024298339188,284760000
903,1989-10-06,0.3394939601421356,0.342687122143864,0.3331089149673042,0.3389618578200827,87609600
904,1989-10-09,0.3480080366134643,0.3490722048339771,0.3363014554285308,0.3384298284075209,58536000
905,1989-10-10,0.3458797335624695,0.3533296068335602,0.3437513966911489,0.3512012334242676,68299200
906,1989-10-11,0.3405587077140808,0.3426870802038493,0.3363013781272437,0.3416228756899869,106401600
907,1989-10-12,0.3341731131076813,0.3426871529433061,0.3331089449058927,0.3405587800017649,58881600
908,1989-10-13,0.312888354063034,0.3320447719728631,0.3107593963101349,0.3309806036691373,102643200
909,1989-10-16,0.3224665820598602,0.3245949553309614,0.2937319717672985,0.3011812051402133,253065600
910,1989-10-17,0.3347052633762359,0.346943913274567,0.3160809449728982,0.3203376553918638,177206400
911,1989-10-18,0.3426872491836548,0.3437514176843046,0.3341732069569448,0.3357694779769067,134784000
912,1989-10-19,0.3586505651473999,0.366100403533908,0.3416230991004103,0.3448156416539041,179424000
913,1989-10-20,0.3629078865051269,0.3639720551446702,0.35120130071057,0.3575863856237878,93542400
914,1989-10-23,0.353861540555954,0.3650360174453063,0.3512011021919358,0.3607793087552856,60912000
915,1989-10-24,0.3442834019660949,0.3512011715312343,0.3352372959047169,0.3512011715312343,157089600
916,1989-10-25,0.3394939601421356,0.3522653293204239,0.3373655873918846,0.3469437945684445,71481600
917,1989-10-26,0.3309805691242218,0.341622945272102,0.329915779786182,0.3352372784328135,135460800
918,1989-10-27,0.3277873694896698,0.3320446994582376,0.3245948652756976,0.3309805313869136,97041600
919,1989-10-30,0.3389618098735809,0.3394939121203674,0.3315125976463032,0.3320446633551342,45921600
920,1989-10-31,0.3480080366134643,0.3490722048339771,0.3405587859939456,0.3416229542144584,56563200
921,1989-11-01,0.349604994058609,0.3533296387265802,0.348008138384441,0.348008138384441,74649600
922,1989-11-02,0.3245950639247894,0.3442835554669367,0.3235308952022042,0.3442835554669367,226051200
923,1989-11-03,0.3331088721752167,0.335237208114095,0.3245948341985388,0.325659002167978,98755200
924,1989-11-06,0.3288517892360687,0.3394941711328603,0.3256592463955534,0.3331091219898131,88027200
925,1989-11-07,0.3448156118392944,0.3506692149809017,0.3288517312367831,0.3299158998166073,131544000
926,1989-11-08,0.3543937504291534,0.3597152499179586,0.3490722509403483,0.3496049379973802,106488000
927,1989-11-09,0.3565221726894378,0.359715336222217,0.3512012930695084,0.3575863778438063,111528000
928,1989-11-10,0.3597153723239898,0.3618437463083566,0.3565222084707383,0.3575864137319126,59169600
929,1989-11-13,0.3751465082168579,0.3756785742249018,0.356522151808657,0.359715315154419,178905600
930,1989-11-14,0.368228554725647,0.3799357184031244,0.3661001821311457,0.3778067612012943,95241600
931,1989-11-15,0.3767425715923309,0.379935696639523,0.3671643656653454,0.3692933227452239,94492800
932,1989-11-16,0.3724860250949859,0.3799358617876361,0.367164525262095,0.3788716933577565,68054400
933,1989-11-17,0.3698255717754364,0.3756785161875747,0.369293469311619,0.373018076944429,31651200
934,1989-11-20,0.368228554725647,0.3692933438992054,0.359715137423558,0.3692933438992054,56937600
935,1989-11-21,0.3751465082168579,0.376742779316942,0.3682287366628836,0.3682287366628836,67118400
936,1989-11-22,0.3756784498691559,0.3767426546089268,0.3724859452637353,0.3756784498691559,38232000
937,1989-11-24,0.3730180561542511,0.378871657923607,0.3724859902580589,0.3783395554894464,17971200
938,1989-11-27,0.3692933917045593,0.3735501009066385,0.3650360613571128,0.3724859327406094,37281600
939,1989-11-28,0.3703575730323791,0.3756784505895811,0.367164447275447,0.3703575730323791,56664000
940,1989-11-29,0.3639717698097229,0.3746141420836908,0.3586502731001605,0.3724858064731087,85896000
941,1989-11-30,0.3703575730323791,0.3714217777741908,0.3565220344776895,0.3575862392195012,111211200
942,1989-12-01,0.3618436157703399,0.3735501617238814,0.3613115133317131,0.3708897226066844,52070400
943,1989-12-04,0.3671643733978271,0.3714217030399481,0.3591830221299981,0.3618434969112456,40536000
944,1989-12-05,0.3692933917045593,0.3714217645745803,0.3661002295231419,0.3692933917045593,44049600
945,1989-12-06,0.3629078865051269,0.3703577246655526,0.359715344048518,0.3682287662408224,57384000
946,1989-12-07,0.3639717698097229,0.3671643097635464,0.3575861052948695,0.3575861052948695,40348800
947,1989-12-08,0.3607793748378753,0.3661002525405167,0.3533295395239571,0.3639719160746462,107625600
948,1989-12-11,0.3533295691013336,0.3607794050388809,0.349072238129838,0.3607794050388809,103377600
949,1989-12-12,0.3512012660503387,0.3565221452609139,0.3426872600906213,0.3565221452609139,93628800
950,1989-12-13,0.3405587077140808,0.3512010816943108,0.3373655461031499,0.3437512481797554,95788800
951,1989-12-14,0.332044780254364,0.3394940316421705,0.332044780254364,0.3363014901134008,61516800
952,1989-12-15,0.3277873694896698,0.3341730721388453,0.3192733672358057,0.3331089040675212,107164800
953,1989-12-18,0.3331088721752167,0.3363013760835341,0.3277873381068563,0.3288515426142515,78436800
954,1989-12-19,0.3421550691127777,0.3426871715114855,0.3309805898982208,0.3331089629550859,70473600
955,1989-12-20,0.3522654175758362,0.3533295859485945,0.3437513763723417,0.3458797131178584,111009600
956,1989-12-21,0.3554578721523285,0.3554578721523285,0.3458796639379803,0.3522653674879888,55022400
957,1989-12-22,0.3650360405445099,0.3671644132931813,0.3522653290589924,0.3554578333750585,54892800
958,1989-12-26,0.3639717698097229,0.3676963753972167,0.3607792298558994,0.3655680397866346,23817600
959,1989-12-27,0.3671643733978271,0.3703574985122664,0.3629076649009706,0.3661001688701454,62798400
960,1989-12-28,0.3629078865051269,0.3650362237842135,0.3533296745276356,0.3554580118067222,123091200
961,1989-12-29,0.3703575730323791,0.3756784505895811,0.3629077379220926,0.3639719061259402,77630400
962,1990-01-02,0.3778069913387298,0.3778069913387299,0.3666325077448685,0.3714219427417523,53035200
963,1990-01-03,0.3799358010292053,0.3841925106059725,0.3767426751046824,0.3810000058268716,113774400
964,1990-01-04,0.3911102414131164,0.3916423437591173,0.3778068058519997,0.3799357633054385,125740800
965,1990-01-05,0.3815320432186126,0.3916423534216923,0.3809999773974471,0.3895139805231404,69566400
966,1990-01-08,0.3873851001262665,0.3873851001262665,0.3767427219836535,0.3810000532355924,58982400
967,1990-01-09,0.3863210678100586,0.3916425693285352,0.3841926937381651,0.3873852365770136,70300800
968,1990-01-10,0.3756784498691559,0.3884498201955067,0.3751463840372345,0.3831283215031201,103766400
969,1990-01-11,0.368228554725647,0.3809999229693541,0.3618435100180592,0.3778067612012943,95774400
970,1990-01-12,0.3666325211524963,0.371421956324528,0.3575864111188012,0.3623758097528513,148910400
971,1990-01-15,0.3666325211524963,0.3703577510711305,0.36290791237955,0.3650362498103817,62467200
972,1990-01-16,0.3778069913387298,0.3799359498373942,0.359715356540651,0.3639720677846295,80092800
973,1990-01-17,0.3724860250949859,0.3852567404750058,0.370357651697255,0.3746143619547451,97588800
974,1990-01-18,0.4044131934642792,0.4044131934642792,0.3810000976645827,0.3815321636537011,292363200
975,1990-01-19,0.4006884098052978,0.408670346131702,0.3980279714115962,0.4054772208367359,99259200
976,1990-01-22,0.3863210678100586,0.4001566136858605,0.3852568625051201,0.4001566136858605,167688000
977,1990-01-23,0.3820641338825226,0.3884498004521581,0.3799357610491215,0.3873850111590821,139348800
978,1990-01-24,0.3863210678100586,0.3863210678100586,0.3708898716605505,0.3746144806138848,180345600
979,1990-01-25,0.3863210678100586,0.3937709068624453,0.3852568625051201,0.3895141952566417,112752000
980,1990-01-26,0.3863210678100586,0.3884500264896867,0.3831285249712101,0.3852568625051201,68083200
981,1990-01-29,0.3895140886306762,0.3927066305955952,0.3841925885689122,0.3895140886306762,55080000
982,1990-01-30,0.3884498476982116,0.3937707256219344,0.3831283486290567,0.3905782207904807,73108800
983,1990-01-31,0.3937708735466003,0.3937708735466003,0.3884499936240264,0.3916425361927629,112939200
984,1990-02-01,0.3990920484066009,0.4012204205587385,0.3937705516880249,0.3937705516880249,89193600
985,1990-02-02,0.3990920484066009,0.4065412961321568,0.3958989238401624,0.3958989238401624,71395200
986,1990-02-05,0.4012205302715301,0.4012205302715301,0.396963200195891,0.3985600917573305,59731200
987,1990-02-06,0.4001562893390655,0.401220457243459,0.3927064197871893,0.4001562893390655,81964800
988,1990-02-07,0.3969633281230926,0.4033489964527818,0.3958991596820611,0.398028117709652,134150400
989,1990-02-08,0.4012205302715301,0.4044130345657935,0.396963200195891,0.3985600917573305,95227200
990,1990-02-09,0.4022847712039947,0.4033489394947521,0.4001564346224801,0.4012206029132374,62380800
991,1990-02-12,0.4033489525318146,0.4065414940452432,0.4001564475563542,0.4022847842066611,56088000
992,1990-02-13,0.4033489525318146,0.4054773257200897,0.4022847842066611,0.404413120856968,58752000
993,1990-02-14,0.4044131934642792,0.4054773985184655,0.4022848564318561,0.4054773985184655,35870400
994,1990-02-15,0.4129270613193512,0.4171843912686667,0.4044130225660294,0.4044130225660294,89496000
995,1990-02-16,0.4171844720840454,0.4203770134399868,0.4161196826659575,0.4182486403567037,70876800
996,1990-02-20,0.4267627298831939,0.4278268982783467,0.4129271888412939,0.4161197305647229,132652800
997,1990-02-21,0.409202516078949,0.4256978726075539,0.4076062454712253,0.4203769949404517,103348800
998,1990-02-22,0.4102668166160583,0.418248756836294,0.4097347506005354,0.4118630877385802,60811200
999,1990-02-23,0.4150556921958923,0.4161198609244219,0.4065416481459958,0.407606438020221,56851200
1000,1990-02-26,0.4225053489208221,0.4256978902687201,0.4139913085396438,0.4150555133475873,69220800
1001,1990-02-27,0.4171844720840454,0.4235695182579618,0.4171844720840454,0.4235695182579618,62020800
1002,1990-02-28,0.4203770756721496,0.4246337859309081,0.4171845338435878,0.4171845338435878,39312000
1003,1990-03-01,0.425697922706604,0.4331477588475111,0.4193128760622382,0.4193128760622382,76867200
1004,1990-03-02,0.441661924123764,0.4443223640188366,0.4262307296639054,0.4267628322581117,100209600
1005,1990-03-05,0.4480475783348083,0.4501759153890742,0.4352762041041313,0.4405977044233493,75528000
1006,1990-03-06,0.4448543488979339,0.4469833067810961,0.436340928871288,0.4459191384122579,68630400
1007,1990-03-07,0.4374052286148071,0.449111814947497,0.4374052286148071,0.4459192723441321,47606400
1008,1990-03-08,0.4523044228553772,0.4565617562514723,0.4331479937064738,0.4384695325686313,88977600
1009,1990-03-09,0.4533681869506836,0.4597538519862438,0.4480473109523973,0.4512398146285971,75744000
1010,1990-03-12,0.460818201303482,0.4629465744635139,0.451239992282806,0.4523041605938381,68875200
1011,1990-03-13,0.4523044228553772,0.4640110118239648,0.4523044228553772,0.4618826374298289,85204800
1012,1990-03-14,0.4592220783233642,0.4629467234173384,0.4512401374700184,0.4565616384207996,130968000
1013,1990-03-15,0.4725249707698822,0.4757180981140292,0.4586900464836256,0.4592221125810426,81676800
1014,1990-03-16,0.4852961301803589,0.4906170084006381,0.4757179209307959,0.4767821258052266,118900800
1015,1990-03-19,0.4959387183189392,0.4980670557386528,0.4810389679376489,0.4842321317508855,81172800
1016,1990-03-20,0.481038749217987,0.4970026610506307,0.4789104127659898,0.4959384928246321,92145600
1017,1990-03-21,0.4821030497550964,0.4916812599131947,0.4778463394675117,0.4805067788300056,69840000
1018,1990-03-22,0.4735889434814453,0.4842319417717692,0.4693322337740751,0.4831671523339774,92419200
1019,1990-03-23,0.4693324863910675,0.4821032435324459,0.4640109843816209,0.4767823626687747,53596800
1020,1990-03-26,0.4746535718441009,0.4789102801069442,0.4698641767393938,0.4703962424360275,55929600
1021,1990-03-27,0.4789104759693146,0.4810388127021952,0.4714606031828089,0.4730568740014542,52516800
1022,1990-03-28,0.4725249707698822,0.477846472117644,0.4618825526820744,0.477846472117644,99532800
1023,1990-03-29,0.470396339893341,0.4799745474799052,0.4682680035899454,0.4698642740864733,64785600
1024,1990-03-30,0.4714606404304504,0.4725248454189377,0.4650755931893898,0.4682681350789064,36691200
1025,1990-04-02,0.4746535718441009,0.4783781778723558,0.4650753662419621,0.4672037386423611,74059200
1026,1990-04-03,0.49381023645401,0.4948744049313251,0.4789105258665805,0.4799746943438956,84643200
1027,1990-04-04,0.4980667233467102,0.5055165935655781,0.4916810576654685,0.4938100148100768,79646400
1028,1990-04-05,0.4874244034290313,0.4985988811605819,0.4874244034290314,0.497534676504401,66369600
1029,1990-04-06,0.4863602519035339,0.4906169245216343,0.4821029216021104,0.4884885882125841,72878400
1030,1990-04-09,0.4874244034290313,0.4906169077836909,0.4842318625364107,0.4842318625364107,31176000
1031,1990-04-10,0.502323567867279,0.502323567867279,0.4874244810794411,0.4879565469543326,45187200
1032,1990-04-11,0.5150951147079468,0.5150951147079468,0.5033885287951524,0.5044526974454439,70372800
1033,1990-04-12,0.5140308737754822,0.5193517531949207,0.5108377469009985,0.5182875846186283,48254400
1034,1990-04-16,0.5172232985496521,0.5257373394474978,0.5119017991934411,0.5193516352187628,39470400
1035,1990-04-17,0.5278656482696533,0.5363796887183503,0.5087092308154265,0.5161591029857071,66780000
1036,1990-04-18,0.5161591172218323,0.5257373262131212,0.5001952041625557,0.5246731579053541,97797600
1037,1990-04-19,0.5065811276435852,0.5214802211648496,0.504452753568231,0.5108378392563101,58003200
1038,1990-04-20,0.5044522881507874,0.5150946967784181,0.5001949593202374,0.5108373679478682,44661600
1039,1990-04-23,0.502323567867279,0.506580898701684,0.4874244810794411,0.5012593995795291,64879200
1040,1990-04-24,0.49381023645401,0.5087093258958905,0.4810388628212107,0.5087093258958905,47916000
1041,1990-04-25,0.49381023645401,0.500195283855874,0.4852961944139935,0.4959386099466136,53870400
1042,1990-04-26,0.4884888529777527,0.5001954032438656,0.4874246842464389,0.498067065781238,46296000
1043,1990-04-27,0.4789104759693146,0.4874245171222606,0.4735889764536591,0.4863603487558203,57124800
1044,1990-04-30,0.49381023645401,0.49381023645401,0.4746538154193468,0.4789105258665805,51451200
1045,1990-05-01,0.4863602519035339,0.5001951321336459,0.4831670897566356,0.5001951321336459,52473600
1046,1990-05-02,0.4959387183189392,0.4980670557386528,0.4874246744184373,0.4874246744184373,33264000
1047,1990-05-03,0.502323567867279,0.5087092352771838,0.4959385216028126,0.4980668581783125,45892800
1048,1990-05-04,0.5257374048233032,0.5257374048233032,0.5023236524253295,0.5065809839763873,47815200
1049,1990-05-07,0.544893741607666,0.5619217863558654,0.523608950572681,0.5278656603214992,97351200
1050,1990-05-08,0.5342511534690857,0.5406361973028997,0.5299938242553567,0.5342511534690857,50824800
1051,1990-05-09,0.5342511534690857,0.5385078249996597,0.5278654519521166,0.5353153213517292,35164800
1052,1990-05-10,0.5491505265235901,0.553407858000594,0.5342514374868925,0.538508111280392,48801600
1053,1990-05-11,0.5576645731925964,0.5619219049856455,0.5385081512568085,0.5534078990831007,49168800
1054,1990-05-14,0.5597929954528809,0.5661786648558383,0.5576646216751202,0.5640503276160561,47232000
1055,1990-05-15,0.5512792468070984,0.5597926637983284,0.5470219171662192,0.5576642912815426,54122400
1056,1990-05-16,0.5512792468070984,0.5512792468070984,0.5406362515465107,0.5491502896830049,38556000
1057,1990-05-17,0.5512792468070984,0.5555359553027134,0.5470219171662192,0.5512792468070984,41731200
1058,1990-05-18,0.581078290939331,0.5895923328526362,0.5491505332850113,0.5502147017464888,101822400
1059,1990-05-21,0.5981058478355408,0.6151338978064794,0.5853350935266716,0.5853350935266716,159595200
1060,1990-05-22,0.6087486147880554,0.6151336606388984,0.5874632408237415,0.6044912842294404,142437600
1061,1990-05-23,0.645996630191803,0.6470614926460262,0.6119411640754174,0.6130053323083042,141184800
1062,1990-05-24,0.6513181328773499,0.670474548550213,0.6470614601595143,0.6534464692362676,146649600
1063,1990-05-25,0.6321616172790527,0.6491896939013796,0.6300332812565598,0.6321616172790527,104688000
1064,1990-05-29,0.6406757831573486,0.6428041928009353,0.630033442635681,0.6321617792033338,61480800
1065,1990-05-30,0.6428043842315674,0.6513183907210994,0.6364186418675633,0.6481258483808967,65073600
1066,1990-05-31,0.6215193271636963,0.6428041530423961,0.6172619966083107,0.6364184129750696,69436800
1067,1990-06-01,0.6396117210388184,0.6406758529005181,0.6215194332635581,0.6236478431388407,69069600
1068,1990-06-04,0.6513181328773499,0.6577037996374415,0.6300333808455688,0.6374832523230827,59162400
1069,1990-06-05,0.6247117519378662,0.6598320369345808,0.6193908753014413,0.6577037008951939,80258400
1070,1990-06-06,0.6215193271636963,0.6342900765390579,0.6172619966083107,0.6236477366756371,86292000
1071,1990-06-07,0.6130052804946899,0.6279050229383927,0.6044912411298995,0.6236476926833205,90122400
1072,1990-06-08,0.6257759928703308,0.6279049867167105,0.6087485362683592,0.6130052451325226,63770400
1073,1990-06-11,0.637483537197113,0.642804417010127,0.6215195823908066,0.6215195823908066,58240800
1074,1990-06-12,0.645996630191803,0.6470614926460262,0.6342900854087122,0.6428041620311078,46656000
1075,1990-06-13,0.6513181328773499,0.6619605454312035,0.6396115886820004,0.6459965977587537,80265600
1076,1990-06-14,0.6428043842315674,0.6534467279225828,0.6321619674645965,0.6513183907210994,58204800
1077,1990-06-15,0.6470614075660706,0.6555747523097731,0.6342900020080263,0.6342900020080263,51552000
1078,1990-06-18,0.637483537197113,0.6491900866238005,0.6342903370104805,0.6449327543201407,52790400
1079,1990-06-19,0.6385476589202881,0.6428044065469862,0.627905314859816,0.6364186639612964,41716800
1080,1990-06-20,0.6608965992927551,0.6619608044265526,0.6385476337994117,0.6417401761248491,39564000
1081,1990-06-21,0.6555747389793396,0.6619604781664746,0.6470613944087471,0.6598320689479075,34308000
1082,1990-06-22,0.6449326872825623,0.6619607724359103,0.6428043501937787,0.6577040251823917,34034400
1083,1990-06-25,0.6342899203300476,0.6513179960672254,0.6321615844181894,0.6438681261545657,68983200
1084,1990-06-26,0.6364184021949768,0.6438682738161535,0.6342900657950163,0.6406757326782488,50198400
1085,1990-06-27,0.6491901278495789,0.6513184652947493,0.6342903772900742,0.6364187147352446,35762400
1086,1990-06-28,0.6513181328773499,0.6577037996374415,0.6481255918010099,0.6523823375947719,30052800
1087,1990-06-29,0.6470614075660706,0.6513180799379219,0.6406756682490882,0.6513180799379219,34956000
1088,1990-07-02,0.6279051303863525,0.6470615486798833,0.626840267839915,0.6470615486798833,35474400
1089,1990-07-03,0.6130052804946899,0.6257760289691987,0.6087485713849716,0.6247118242882976,79257600
1090,1990-07-05,0.6151337027549744,0.6172620393383204,0.6023629890335237,0.6087486564669693,61855200
1091,1990-07-06,0.6236478090286255,0.6300334767608611,0.6108770581716553,0.6140695997340226,41803200
1092,1990-07-09,0.6321616172790527,0.6364182893240384,0.6236476155058467,0.6257759515283396,37317600
1093,1990-07-10,0.6279051303863525,0.6385474713201906,0.6257761360528422,0.6321618036865164,29700000
1094,1990-07-11,0.6428043842315674,0.6449327214330507,0.6236479609750645,0.6300336302631132,28922400
1095,1990-07-12,0.6598323583602905,0.6619607685124104,0.6406759362317006,0.6406759362317006,89042400
1096,1990-07-13,0.667281985282898,0.6853742687125928,0.6598321140531352,0.6619605234171977,93628800
1097,1990-07-16,0.6747313737869263,0.6875027832699347,0.6683463632668806,0.6704747001068958,48729600
1098,1990-07-17,0.6619606614112854,0.6768603339009122,0.6555749204564413,0.6757962020729733,54475200
1099,1990-07-18,0.6470614075660706,0.6619604916267555,0.6428040775109344,0.6577037461789838,41853600
1100,1990-07-19,0.6534464359283447,0.6534464359283447,0.6279050124806432,0.6417398923297094,63136800
1101,1990-07-20,0.6236478090286255,0.6662179772563405,0.6215193992697555,0.6555749053988641,87724800
1102,1990-07-23,0.6130052804946899,0.6300333592242708,0.6066196139537396,0.6236476926833205,74203200
1103,1990-07-24,0.591720700263977,0.6172621315212784,0.5683069482243652,0.6172621315212784,137102400
1104,1990-07-25,0.6087486147880554,0.6108769877636462,0.5853348678481507,0.5959772442576087,60148800
1105,1990-07-26,0.585334837436676,0.6300333714111181,0.5619217128586145,0.6066196256876907,303321600
1106,1990-07-27,0.5874633193016052,0.5959773238728386,0.5768209049324873,0.5832066093197444,51019200
1107,1990-07-30,0.5789491534233093,0.5874631926976551,0.559792738611349,0.5832064836331559,87955200
1108,1990-07-31,0.5661784410476685,0.5842706888771996,0.5619217317127865,0.5810781477415471,42307200
1109,1990-08-01,0.5683068633079529,0.5725641941577191,0.5427653627911174,0.5640501536036271,111117600
1110,1990-08-02,0.5619218349456787,0.5683069183900128,0.5470221255145153,0.5576645036832788,91771200
1111,1990-08-03,0.5385080575942993,0.5597928494207542,0.5140307607409939,0.5576644761982184,117180000
1112,1990-08-06,0.5150951147079468,0.5278658327330532,0.4980670278600656,0.5236091215939079,113184000
1113,1990-08-07,0.5214799046516418,0.5299939438551986,0.5108375292025121,0.5214799046516418,91065600
1114,1990-08-08,0.5406365394592285,0.5448938713673241,0.5278657860261318,0.5321231179342273,86263200
1115,1990-08-09,0.554472029209137,0.5597929080154711,0.5385081139610914,0.5448938189046058,77054400
1116,1990-08-10,0.5491505265235901,0.5597929052288156,0.5342514374868925,0.5544720264489689,73188000
1117,1990-08-13,0.5534076690673828,0.5576643414076556,0.538507927433948,0.5427652574575008,53942400
1118,1990-08-14,0.5470219850540161,0.5608575225378543,0.542765276030125,0.5555360242471395,33710400
1119,1990-08-15,0.5470219850540161,0.5597927332710305,0.5470219850540161,0.5512793152232485,51408000
1120,1990-08-16,0.5257374048233032,0.5491505360757339,0.5257374048233032,0.5448938256702192,53330400
1121,1990-08-17,0.5129665732383728,0.5257373236281384,0.5108376154878564,0.5193516195915484,95227200
1122,1990-08-20,0.4725249707698822,0.5150951546528646,0.4725249707698822,0.5129667806492497,113601600
1123,1990-08-21,0.4618826508522033,0.4661399843720172,0.432083837334817,0.4618826508522033,165650400
1124,1990-08-22,0.4576258361339569,0.4725249277980947,0.4544326725422165,0.468268216715956,79236000
1125,1990-08-23,0.4405975341796875,0.4576256124773468,0.4342118678007113,0.4469832005586637,107445600
1126,1990-08-24,0.4874244034290313,0.4916811124398719,0.4448542441318906,0.4448542441318906,95443200
1127,1990-08-27,0.5172232985496521,0.5214800084258421,0.5023235899610402,0.5023235899610402,110116800
1128,1990-08-28,0.5353155136108398,0.5385080184053617,0.5108375973933998,0.5129665550685061,79826400
1129,1990-08-29,0.5150951147079468,0.5427655457423719,0.5108377824231515,0.5321231650178484,77954400
1130,1990-08-30,0.5108375549316406,0.5310581387255549,0.5108375549316406,0.5172232216732872,65383200
1131,1990-08-31,0.523608922958374,0.5278656324827,0.5044525060770609,0.5108375886325327,40737600
1132,1990-09-04,0.5299941897392273,0.5321231481178453,0.5172234355817351,0.519351772814723,47376000
1133,1990-09-05,0.502323567867279,0.536379693422798,0.4980668581783125,0.5321229837338315,54676800
1134,1990-09-06,0.4895527064800262,0.4980667450699031,0.4789103317979838,0.4938100363476133,115617600
1135,1990-09-07,0.4916814565658569,0.5023238394178803,0.4810390371758468,0.4852963703117179,53704800
1136,1990-09-10,0.4746535718441009,0.510837437244982,0.474653571844101,0.5001950271736663,74246400
1137,1990-09-11,0.4725249707698822,0.4810389783160929,0.4640109266856893,0.4767823033848277,78868800
1138,1990-09-12,0.4884888529777527,0.4916813957096761,0.4746539287110302,0.4789106401742673,75016800
1139,1990-09-13,0.4895527064800262,0.4980667450699031,0.4852959977577364,0.4938100363476133,49867200
1140,1990-09-14,0.5087090134620667,0.5129663424401255,0.4799743995580101,0.4852958963598042,67672800
1141,1990-09-17,0.5172232985496521,0.5257373394474978,0.5044525477756165,0.5065809209826958,70394400
1142,1990-09-18,0.5257374048233032,0.5310582836957035,0.5087093209101581,0.5161591943998453,60638400
1143,1990-09-19,0.5278656482696533,0.538508025275183,0.5257373117128206,0.5363796887183503,52696800
1144,1990-09-20,0.5087090134620667,0.5278654227314377,0.5087090134620667,0.5236087148985462,52444800
1145,1990-09-21,0.5150951147079468,0.5172234520085297,0.4980670278600656,0.5087094085845891,79891200
1146,1990-09-24,0.4980667233467102,0.5108374701018805,0.4895526851281733,0.5065807615652471,81439200
1147,1990-09-25,0.5140308737754822,0.5150950788897514,0.5001953303785378,0.5076452046341446,53308800
1148,1990-09-26,0.5129665732383728,0.517223282986479,0.5065809057397502,0.5150949463814096,39268800
1149,1990-09-27,0.5044522881507874,0.5236086967564224,0.4959382881727832,0.5193513679258724,65728800
1150,1990-09-28,0.5363798141479492,0.5406365247949907,0.4938102596331971,0.4959386332257054,97984800
1151,1990-10-01,0.5715001225471497,0.5746926647040802,0.5491505736258068,0.5512795318506954,131623200
1152,1990-10-02,0.5608577132225037,0.5832066763524936,0.557664550089118,0.5810783028479469,83469600
1153,1990-10-03,0.5597929954528809,0.5736285394166654,0.555536284435338,0.5576646216751202,57600000
1154,1990-10-04,0.5459578633308411,0.5597927808451004,0.54489369511892,0.5555360714594523,69292800
1155,1990-10-05,0.5512792468070984,0.5597926637983284,0.5299938774311873,0.5363795430508957,82101600
1156,1990-10-08,0.5619218349456787,0.5661785450625779,0.5491504988419502,0.5619218349456787,38678400
1157,1990-10-09,0.5363798141479492,0.5619219049289573,0.5321231035009077,0.5555362360818046,66376800
1158,1990-10-10,0.5065811276435852,0.5299942655360184,0.5023237948851412,0.5278658914606642,115596000
1159,1990-10-11,0.49381023645401,0.5129666574886733,0.4852961944139935,0.5087093258958905,83815200
1160,1990-10-12,0.4852961301803589,0.5001952176502011,0.4597540439790248,0.4980668809772768,109252800
1161,1990-10-15,0.481038749217987,0.49381011983467,0.4725247457266308,0.4916811622372704,130334400
1162,1990-10-16,0.4650755524635315,0.4906170180201916,0.4597540529934466,0.4831671818354521,300888000
1163,1990-10-17,0.481038749217987,0.4831671222079492,0.4554972868133908,0.4661396632947092,135820800
1164,1990-10-18,0.5204158425331116,0.5236089686972256,0.4831671737632899,0.4852961315878555,123739200
1165,1990-10-19,0.5278656482696533,0.538508025275183,0.5150949347072908,0.5278656482696533,170337600
1166,1990-10-22,0.544893741607666,0.5512794091073566,0.5257373237160738,0.5278656603214992,80294400
1167,1990-10-23,0.5470219850540161,0.5597927332710305,0.5385079458608927,0.542765276030125,71884800
1168,1990-10-24,0.5566002726554871,0.5576644409304705,0.5385080235380394,0.540636396625973,54734400
1169,1990-10-25,0.5512792468070984,0.5640499934392077,0.54489358118739,0.5576642912815426,51501600
1170,1990-10-26,0.5395722389221191,0.549150447805988,0.5385080340883195,0.5427653649550592,59126400
1171,1990-10-29,0.5321230292320251,0.5470221172937819,0.5278656980336051,0.5427654072408533,67881600
1172,1990-10-30,0.5438296794891357,0.5470221850206188,0.5278657633886846,0.5321230951142052,52567200
1173,1990-10-31,0.5427655577659607,0.5555363126119501,0.5427655577659607,0.5491506428851136,61200000
1174,1990-11-01,0.5406365394592285,0.5470222084795863,0.5342514915844657,0.536379828696728,49442400
1175,1990-11-02,0.5534076690673828,0.559792714115752,0.538507927433948,0.5406363001420444,74764800
1176,1990-11-05,0.5587286949157715,0.5619218211671722,0.5512794432593634,0.5555361532718867,50702400
1177,1990-11-06,0.5470219850540161,0.5661783996832278,0.5406363186418188,0.5597927332710305,59212800
1178,1990-11-07,0.5427655577659607,0.5512796013785082,0.5406365992725661,0.5427655577659607,63100800
1179,1990-11-08,0.5406365394592285,0.5512795403876819,0.536379828696728,0.5406365394592285,43466400
1180,1990-11-09,0.5512792468070984,0.5576642912815426,0.5491502896830049,0.5512792468070984,43344000
1181,1990-11-12,0.5863989591598511,0.5895921210808649,0.5619216683567652,0.5619216683567652,87660000
1182,1990-11-13,0.584270715713501,0.5917205876716043,0.5768208437553975,0.585334883961609,67658400
1183,1990-11-14,0.591720700263977,0.5959773740663679,0.5810782849985493,0.5832066584377171,59724000
1184,1990-11-15,0.5778852701187134,0.5895924407035185,0.5725643903000341,0.5874634822455852,63129600
1185,1990-11-16,0.5789491534233093,0.5853348198964247,0.5725641080955413,0.5746924443588101,67075200
1186,1990-11-19,0.591720700263977,0.5938490371651725,0.5789493269518204,0.5789493269518204,45554400
1187,1990-11-20,0.581078290939331,0.6002347116888962,0.5800141224778537,0.5895923328526362,68868000
1188,1990-11-21,0.585334837436676,0.5874632103016857,0.5704357523880934,0.5789491707722066,60739200
1189,1990-11-23,0.585334837436676,0.5981055861582116,0.5832065011096291,0.5895921677740985,22060800
1190,1990-11-26,0.5981058478355408,0.6002348062393943,0.576821050272213,0.5832067562684556,47577600
1191,1990-11-27,0.611941397190094,0.6151339031049164,0.5938491418962317,0.6002348114094985,63417600
1192,1990-11-28,0.5991703271865845,0.6193909091067596,0.5981055379634947,0.6151335791123884,77623200
1193,1990-11-29,0.6066195368766785,0.6066195368766785,0.5938487900248204,0.5981054985936815,65865600
1194,1990-11-30,0.6151337027549744,0.6321617838644917,0.6002346159122106,0.6066196987381828,72165600
1195,1990-12-03,0.6289694905281067,0.6342903706230872,0.61939127790386,0.6236480258254221,68241600
1196,1990-12-04,0.6342899203300476,0.6406755857488227,0.6215191740997866,0.6257759189994143,54547200
1197,1990-12-05,0.6406757831573486,0.6449325293685882,0.6321617792033338,0.6342901157709868,68630400
1198,1990-12-06,0.6364184021949768,0.6534464818372907,0.6300333929950953,0.6491898090373698,108201600
1199,1990-12-07,0.6321616172790527,0.6406756190522587,0.6151335406567258,0.6321616172790527,81921600
1200,1990-12-10,0.6300334334373474,0.6417399786098957,0.6193910199951226,0.6236477661442148,55526400
1201,1990-12-11,0.614069402217865,0.6342899461066062,0.6130051976807327,0.6236476084316265,61768800
1202,1990-12-12,0.6172621250152588,0.6193911195775202,0.600234699225716,0.6108771143789715,71560800
1203,1990-12-13,0.6193910837173462,0.625776167059908,0.6108770790117231,0.6215194204728868,50709600
1204,1990-12-14,0.6268405318260193,0.6321620699137205,0.6172623186455084,0.6215196514220235,48636000
1205,1990-12-17,0.6300334334373474,0.6321617699739271,0.6172620257751495,0.6215193565317024,27288000
1206,1990-12-18,0.6406757831573486,0.6449325293685882,0.6321617792033338,0.6342901157709868,51876000
1207,1990-12-19,0.637483537197113,0.6449327543201407,0.6364186743204943,0.6417402118171406,34264800
1208,1990-12-20,0.6428043842315674,0.6470617163181328,0.6300336302631132,0.6321619674645965,46994400
1209,1990-12-21,0.6449326872825623,0.6470616820549098,0.6406759400290436,0.6449326872825623,33472800
1210,1990-12-24,0.6406757831573486,0.6428041928009353,0.6364184523386398,0.6428041928009353,13550400
1211,1990-12-26,0.6385476589202881,0.6449327438223563,0.6342903266859263,0.6406759961956582,16214400
1212,1990-12-27,0.6364184021949768,0.6406757326782488,0.6342900657950163,0.6385473962782884,22629600
1213,1990-12-28,0.6385476589202881,0.6406759961956582,0.6321619894105562,0.6342903266859263,20268000
1214,1990-12-31,0.6406757831573486,0.6406757831573486,0.6342901157709868,0.6385474465896956,23702400
1215,1991-01-02,0.6364184021949768,0.6406757326782488,0.6364184021949768,0.6385473962782884,38109600
1216,1991-01-03,0.6406757831573486,0.6470615236196441,0.6364184523386398,0.6364184523386398,52826400
1217,1991-01-04,0.645996630191803,0.6513181655775733,0.6385474160236306,0.6385474160236306,58485600
1218,1991-01-07,0.637483537197113,0.6619608412434744,0.6364186743204943,0.6406760066241541,87552000
1219,1991-01-08,0.6257759928703308,0.6406756613785989,0.6215192474682075,0.6364183313691175,76442400
1220,1991-01-09,0.6300334334373474,0.6449325199527317,0.6257761026807945,0.6300334334373474,115624800
1221,1991-01-10,0.6662177443504333,0.67047441622819,0.632161592443722,0.632161592443722,123890400
1222,1991-01-11,0.6640889644622803,0.6726029686411946,0.6534465505835569,0.6683462953934476,62006400
1223,1991-01-14,0.6534464359283447,0.6598321023629419,0.6428040969928862,0.6577037661125111,58658400
1224,1991-01-15,0.667281985282898,0.6768601928007989,0.6534464475054038,0.6534464475054038,83440800
1225,1991-01-16,0.7002735137939453,0.7055949768778238,0.6662180061860192,0.668346342961372,139917600
1226,1991-01-17,0.715173065662384,0.7343294818443459,0.713044071563548,0.7322004877455098,163526400
1227,1991-01-18,0.7258157730102539,0.7279441102893405,0.7002736795343888,0.7024020168134754,103032000
1228,1991-01-21,0.7620003819465637,0.7662570570538891,0.7204943285416838,0.7204943285416838,154512000
1229,1991-01-22,0.7566784024238586,0.7747706129810962,0.743907653792167,0.763064069043404,113716800
1230,1991-01-23,0.757742702960968,0.7683850435507577,0.7513569624577972,0.7513569624577972,77083200
1231,1991-01-24,0.7705134153366089,0.7737066145757944,0.7556143278275963,0.7598710742605732,86083200
1232,1991-01-25,0.7620003819465637,0.7747710649522477,0.7577430491555307,0.772642727398585,86889600
1233,1991-01-28,0.7854132652282715,0.8003130124069263,0.7577428385926706,0.7577428385926706,130989600
1234,1991-01-29,0.7875417470932007,0.8035056291522535,0.7662569851115739,0.7854134097393632,146980800
1235,1991-01-30,0.8194692730903625,0.8215976096359552,0.7790274441552553,0.7875414480210221,148586400
1236,1991-01-31,0.8354323506355286,0.8471388938851294,0.8173401411417216,0.8215974711989542,111420000
1237,1991-02-01,0.8492678999900818,0.8599103118374722,0.8279824916879276,0.8428822336538825,117878400
1238,1991-02-04,0.8439466953277588,0.857782236860601,0.834368485210067,0.8513964955036789,88236000
1239,1991-02-05,0.8620387315750122,0.8684243985298963,0.8343683119390637,0.8450106517416316,88740000
1240,1991-02-06,0.9003512263298035,0.906736890889156,0.8556527436287573,0.8599100725626961,106351200
1241,1991-02-07,0.8769384622573853,0.9280219702568558,0.87055272231925,0.9046082238083992,133466400
1242,1991-02-08,0.8854519724845886,0.891837713610193,0.8662955529431293,0.8769386253296662,74232000
1243,1991-02-11,0.8875805735588074,0.8897089094042061,0.8705524983533489,0.8865164421740623,152337600
1244,1991-02-12,0.8790670037269592,0.8918377558232289,0.8726813353750457,0.8790670037269593,96206400
1245,1991-02-13,0.8982235789299011,0.8992877110200032,0.8662957432011056,0.8726814857291622,95493600
1246,1991-02-14,0.8577820658683777,0.8982232351433379,0.8428823223347983,0.8960948987017776,133704000
1247,1991-02-15,0.8790670037269592,0.8875810089683434,0.8620389201682465,0.8641672570577169,115452000
1248,1991-02-19,0.8726812601089478,0.8811952646160249,0.8641671825259323,0.8705528503271015,66564000
1249,1991-02-20,0.8748099207878113,0.885452265942032,0.8641675025576253,0.8662958400517315,52552800
1250,1991-02-21,0.8513963222503662,0.8811951515104698,0.8513963222503662,0.8769384786450182,68277600
1251,1991-02-22,0.8705528378486633,0.8897092563700773,0.849268082651849,0.849268082651849,105343200
1252,1991-02-25,0.8769384622573853,0.8854518078291971,0.8641670554570422,0.8790667986503383,88524000
1253,1991-02-26,0.8662952780723572,0.8726810171718014,0.8556529398219889,0.8641669419589361,55540800
1254,1991-02-27,0.8960951566696167,0.9003518307781485,0.8620389869152486,0.8705529928158655,87674400
1255,1991-02-28,0.8833238482475281,0.9046086096994088,0.8790671736457955,0.9024802723985424,55008000
1256,1991-03-01,0.9003512263298035,0.9046078975806306,0.8684240727474621,0.8769381460081295,77724000
1257,1991-03-04,0.9109938144683838,0.91525114424002,0.8897089925080953,0.9003514034882395,47023200
1258,1991-03-05,0.9493067860603333,0.9578207892289948,0.9109939544911736,0.9131222908625032,76356000
1259,1991-03-06,0.9131223559379578,0.9620775305359954,0.9088656098160058,0.9578208574899756,101088000
1260,1991-03-07,0.8854519724845886,0.9152514644125848,0.8811952989071274,0.8875809669567905,165391200
1261,1991-03-08,0.8726812601089478,0.9024800201179332,0.8662955192318401,0.889709269123102,134697600
1262,1991-03-11,0.8450106978416443,0.8726811920631001,0.8322399478425907,0.8662954516839099,160970400
1263,1991-03-12,0.8152121901512146,0.8418184146479267,0.8141479850169191,0.8364969505207189,152884800
1264,1991-03-13,0.8556532859802246,0.8609747495619021,0.8173404435541313,0.8173404435541313,110268000
1265,1991-03-14,0.8343682289123535,0.8641669820069153,0.8258541533049215,0.8641669820069153,100216800
1266,1991-03-15,0.8226616382598877,0.8407539216104636,0.8194691703796032,0.8364965913694881,76932000
1267,1991-03-18,0.8450106978416443,0.8492680286049474,0.8173402766961211,0.8194692709194699,66218400
1268,1991-03-19,0.842882513999939,0.8599105978471369,0.8237260932272131,0.8364968455398413,92505600
1269,1991-03-20,0.842882513999939,0.8599105978471369,0.8407541770744109,0.8428825139999391,83217600
1270,1991-03-21,0.8066979050636292,0.8577821499993744,0.8003128951127085,0.8471390783050466,119188800
1271,1991-03-22,0.7981839179992676,0.8130835902397233,0.7917988348346564,0.8045695857713833,95688000
1272,1991-03-25,0.836496889591217,0.8407542213499852,0.8003130407493027,0.8003130407493027,59824800
1273,1991-03-26,0.8950300216674805,0.8960948840922283,0.8407539721859433,0.8407539721859433,89928000
1274,1991-03-27,0.9173797369003296,0.9301504874969982,0.8939659877390544,0.8939659877390544,91936800
1275,1991-03-28,0.9035444855690002,0.9216367046914314,0.9024802803711864,0.9131226977291228,30492000
1276,1991-04-01,0.9088661074638368,0.917380188977066,0.8897096798249732,0.9024804367149564,59205600
1277,1991-04-02,0.9556925296783448,0.957820866220755,0.9088656181005458,0.9152513584871044,96256800
1278,1991-04-03,0.9684633016586304,0.994005386873012,0.959949224536547,0.959949224536547,91778400
1279,1991-04-04,0.9684633016586304,0.994005386873012,0.959949224536547,0.9705916382493152,73850400
1280,1991-04-05,0.936536192893982,0.9727206941121894,0.9280221152328212,0.9705916997032952,108914400
1281,1991-04-08,0.9482421875,0.9642060555592932,0.9322783194407068,0.9365356480984977,46526400
1282,1991-04-09,0.938664972782135,0.9642070716726804,0.9344082973215876,0.9493073921932396,60768000
1283,1991-04-10,0.9152516722679138,0.938664770703992,0.8982235856480756,0.934408096159832,74340000
1284,1991-04-11,0.9450505375862122,0.9493072856449648,0.9195084415624584,0.9237651165452456,47937600
1285,1991-04-12,0.9131223559379578,0.936536103817166,0.8833235254137874,0.9322787730877572,176731200
1286,1991-04-15,0.9684633016586304,0.97272063252341,0.8939659672136462,0.9024799712597952,88819200
1287,1991-04-16,0.9556925296783448,0.97484894700276,0.9365361123539298,0.968463279692134,81331200
1288,1991-04-17,0.9493067860603333,1.0003902935408144,0.9461142449653752,0.970591538216243,128383200
1289,1991-04-18,0.936536192893982,0.9535642751403643,0.9195081106475996,0.9471785342046464,88084800
1290,1991-04-19,0.9131223559379578,0.9322787730877572,0.8939659387881582,0.9046082790865968,96588000
1291,1991-04-22,0.8694887757301331,0.9046084163529584,0.8662955762397232,0.902480079506992,139708800
1292,1991-04-23,0.8652315735816956,0.8769387798879936,0.8556533621228294,0.8705530376369177,103910400
1293,1991-04-24,0.8769384622573853,0.8918375477673325,0.8556530522018815,0.8641670554570422,82130400
1294,1991-04-25,0.8577820658683777,0.8833234916097585,0.8556530717434534,0.8726811517185931,65707200
1295,1991-04-26,0.8577820658683777,0.8705527422011035,0.840753985893238,0.8535247353018931,88372800
1296,1991-04-29,0.8322399258613586,0.8641670923194588,0.8322399258613586,0.8620387558357182,71258400
1297,1991-04-30,0.842882513999939,0.8450108509254671,0.8173404247671153,0.8322400986128391,115178400
1298,1991-05-01,0.8577820658683777,0.8577820658683777,0.8258542423596587,0.8386256494516777,111628800
1299,1991-05-02,0.8556532859802246,0.8726813702188222,0.8535249490057755,0.8620389545871004,66888000
1300,1991-05-03,0.8620387315750122,0.8620387315750122,0.8492679822726737,0.8556530646201281,23047200
1301,1991-05-06,0.8748099207878113,0.879067253459713,0.8535251574034046,0.855653494897511,44755200
1302,1991-05-07,0.8620387315750122,0.8833234842560765,0.8620387315750122,0.8790668114083928,50904000
1303,1991-05-08,0.8769384622573853,0.8790667986503383,0.8535247158089285,0.8599103826711363,57592800
1304,1991-05-09,0.9003512263298035,0.9024795619552172,0.8748091526996042,0.8790664816335431,76298400
1305,1991-05-10,0.8748099207878113,0.910994435074306,0.868424835229527,0.9046086918323324,52070400
1306,1991-05-13,0.878002941608429,0.883323821235864,0.8620390604348621,0.8790671467642986,68745600
1307,1991-05-14,0.8620387315750122,0.8790668114083928,0.8577820587273284,0.8737452761274653,58816800
1308,1991-05-15,0.8343682289123535,0.8556529794754048,0.8226616124488791,0.8535246432633503,111160800
1309,1991-05-16,0.8460749983787537,0.8513964614761647,0.8386257831081053,0.8450107934504006,70243200
1310,1991-05-17,0.8450106978416443,0.8471390343815987,0.8343683574584778,0.8428823613016898,44812800
1311,1991-05-20,0.8439466953277588,0.8513964955036789,0.8322400752682955,0.8471391640885284,65937600
1312,1991-05-21,0.8684245347976685,0.8790669493461064,0.847139121093271,0.8492681155345398,83570400
1313,1991-05-22,0.9088661074638368,0.9088661074638366,0.8705532521861098,0.874810000638836,88783200
1314,1991-05-23,0.9322788715362548,0.9344078659674754,0.9109941156157788,0.9109941156157788,67752000
1315,1991-05-24,0.936536192893982,0.9578209485912494,0.9322788617596454,0.936536192893982,67932000
1316,1991-05-28,0.9429212808609008,0.9514353592244694,0.9365362701578128,0.9407929439598716,43941600
1317,1991-05-29,0.938664972782135,0.9535647253375494,0.9344082973215876,0.9471789813869924,64202400
1318,1991-05-30,0.938664972782135,0.9514357299235134,0.9280225533710303,0.9376007673790112,61833600
1319,1991-05-31,0.9344078302383424,0.9450501712536772,0.9195080851308765,0.9407928402374832,81784800
1320,1991-06-03,0.9535642862319946,0.9556926229821934,0.928022126027351,0.9322788726036886,46951200
1321,1991-06-04,0.962077498435974,0.966334829023336,0.9407927454733374,0.953564152627985,35035200
1322,1991-06-05,0.9535642862319946,0.9727207054266424,0.9535642862319944,0.9578209597323922,41385600
1323,1991-06-06,0.9461144804954528,0.9620777014756898,0.940792944021055,0.959949364574522,32680800
1324,1991-06-07,0.938664972782135,0.938664972782135,0.9258942156407566,0.9344082973215876,51984000
1325,1991-06-10,0.940792679786682,0.9450500100767948,0.9344076708764952,0.9386643434832864,29498400
1326,1991-06-11,0.9418567419052124,0.9620772856312436,0.9407925373766434,0.9450498670223136,41846400
1327,1991-06-12,0.9461144804954528,0.9556926907721864,0.9386646071198872,0.9429212809222228,51069600
1328,1991-06-13,0.9450505375862122,0.955692955802834,0.9407932049197364,0.945050537586212,38001600
1329,1991-06-14,0.9663352966308594,0.9684637071887195,0.9450505333685724,0.9471788708504676,46360800
1330,1991-06-17,0.9663352966308594,0.9769777147999854,0.9578212890195936,0.9684637071887195,29419200
1331,1991-06-18,0.9493067860603333,0.9663347923976564,0.9344077007017552,0.9642064560263266,46850400
1332,1991-06-19,0.8801308870315552,0.9344076642488288,0.8769384191370678,0.9344076642488288,157039200
1333,1991-06-20,0.8577820658683777,0.8662954116346189,0.8428823223347983,0.859910402309938,187999200
1334,1991-06-21,0.8705528378486633,0.8769385786342383,0.8620388334636253,0.8620388334636253,67680000
1335,1991-06-24,0.8354323506355286,0.8641669718234098,0.8301114736301342,0.8599102994494625,79696800
1336,1991-06-25,0.8407541513442993,0.8535249032660963,0.834368483079626,0.845010825065086,97228800
1337,1991-06-26,0.8577820658683777,0.8641670751930586,0.8364966553267534,0.8428823223347983,96638400
1338,1991-06-27,0.8684245347976685,0.8716170764723494,0.8524606572092208,0.8652314085154661,56510400
1339,1991-06-28,0.8700206875801086,0.8780026252912468,0.8364966661148164,0.8652312911104488,61526400
1340,1991-07-01,0.911526083946228,0.9147192098715052,0.8652313118005429,0.8780026462867391,72388800
1341,1991-07-02,0.8700206875801086,0.9227005411017136,0.8684244169593693,0.9099297915283576,43920000
1342,1991-07-03,0.8173403739929199,0.8301117101197444,0.7886057446188618,0.8237260420563322,191630400
1343,1991-07-05,0.7886052131652832,0.8141472835981939,0.7854126735888458,0.8141472835981939,78758400
1344,1991-07-08,0.8556532859802246,0.858846412587453,0.772642517128743,0.7758350591283905,109185600
1345,1991-07-09,0.8668281435966492,0.8780026225139184,0.8492679976091804,0.8620387471421395,76948800
1346,1991-07-10,0.8333044648170471,0.8780029834695638,0.8301119222731819,0.8716173137741527,67310400
1347,1991-07-11,0.8460749983787537,0.8524606664045178,0.8301117052256352,0.8396899149605174,51148800
1348,1991-07-12,0.8684245347976685,0.8748096181470303,0.8428824475776565,0.8556531988839018,35174400
1349,1991-07-15,0.8923698663711548,0.8971592640263208,0.8748097159815243,0.8780028426208306,36763200
1350,1991-07-16,0.8620387315750122,0.8939658971345731,0.8620387315750122,0.8939658971345731,42734400
1351,1991-07-17,0.8652315735816956,0.8652315735816956,0.8301118546376084,0.8396900660964745,40526400
1352,1991-07-18,0.8556532859802246,0.8843879177997946,0.8524607439805771,0.8684246231939764,25656000
1353,1991-07-19,0.8652315735816956,0.8684247004730729,0.8428826083802189,0.8620390312979511,24441600
1354,1991-07-22,0.8620387315750122,0.8780026066585075,0.8492679822726737,0.8524605234464009,35136000
1355,1991-07-23,0.8492678999900818,0.8716168552557194,0.8492678999900817,0.8684243143913063,35596800
1356,1991-07-24,0.836496889591217,0.8588464380747416,0.8301118054024372,0.8556533113727534,54321600
1357,1991-07-25,0.842882513999939,0.8684246032327627,0.8412862430368064,0.8556532663125671,90211200
1358,1991-07-26,0.9067369699478148,0.9163151753183648,0.8524602779789449,0.8556528182333744,149294400
1359,1991-07-29,0.8971591591835022,0.9099299104255654,0.8780027400166481,0.9067373687669292,136468800
1360,1991-07-30,0.9290861487388612,0.9322786897760452,0.8907733178630318,0.9003515255819892,78038400
1361,1991-07-31,0.938664972782135,0.9450506436567184,0.929086758774154,0.9322793019075516,111628800
1362,1991-08-01,0.9354718327522278,0.9450500406486416,0.9322787070484794,0.9418569149448932,53942400
1363,1991-08-02,0.9354718327522278,0.9546282485450556,0.9354718327522276,0.9418569149448932,81369600
1364,1991-08-05,0.9227004647254944,0.9354717978491496,0.9163153827710606,0.9354717978491496,28252800
1365,1991-08-06,0.9514352679252625,0.9578209356990912,0.9227006398542896,0.9227006398542896,53097600
1366,1991-08-07,0.9705917835235596,0.9769774519348048,0.9514353628973868,0.954628489406791,69235200
1367,1991-08-08,1.0089040994644165,1.0120972243112394,0.9705912781606126,0.9705912781606126,91852800
1368,1991-08-09,1.031254529953003,1.047217829612073,0.9993267614193296,1.0057124320476176,114806400
1369,1991-08-12,1.0599889755249023,1.069567187398297,1.018483001001753,1.018483001001753,56899200
1370,1991-08-13,1.0536028146743774,1.0695666885537238,1.0504102737414625,1.0695666885537238,94497600
1371,1991-08-14,1.0536028146743774,1.0663735630134232,1.0472171482011616,1.0567953556072924,67008000
1372,1991-08-15,1.0408324003219604,1.063181363238565,1.0344467317996848,1.0536031527589382,45460800
1373,1991-08-16,1.04402494430542,1.0520068838218617,1.0248685233089905,1.0312541918436582,52075200
1374,1991-08-19,1.0248684883117676,1.0376392403374337,0.9833631057726876,0.9897481894817436,85425600
1375,1991-08-20,1.0280611515045166,1.045621302992088,1.0216760670418532,1.029658007227806,57326400
1376,1991-08-21,1.0727596282958984,1.0791452971430513,1.0440249953951155,1.0472175375148904,73214400
1377,1991-08-22,1.0727596282958984,1.0887235081099789,1.0631814173289709,1.0759521704156734,43627200
1378,1991-08-23,1.0887235403060913,1.104686835984641,1.0727596600199214,1.0727596600199214,43161600
1379,1991-08-26,1.0887235403060913,1.0887235403060913,1.0663739909839294,1.0823378712700993,44136000
1380,1991-08-27,1.0823371410369873,1.0855296810972246,1.0727589362490493,1.0823371410369873,34204800
1381,1991-08-28,1.0935122966766355,1.1078799051074395,1.0791452728534217,1.082337814901338,41558400
1382,1991-08-29,1.0951080322265625,1.104686238294455,1.0855298261586706,1.0983011573207293,27974400
1383,1991-08-30,1.0887235403060913,1.101494293770455,1.0791453290559134,1.095108624734463,22032000
1384,1991-09-03,1.0615850687026978,1.0855303020666192,1.0536031293788706,1.0855303020666192,33494400
1385,1991-09-04,1.0551990270614624,1.0663735043189946,1.0344463429249953,1.0631809635618006,38467200
1386,1991-09-05,1.0280611515045166,1.0599889122483277,1.0216760670418532,1.0599889122483277,58459200
1387,1991-09-06,1.031254529953003,1.0504109572301004,1.024868859324715,1.0344470729632638,50788800
1388,1991-09-09,1.031254529953003,1.0408327435915516,1.024868859324715,1.031254529953003,31915200
1389,1991-09-10,1.021675705909729,1.0536028707606084,1.021675705909729,1.047217203947466,65937600
1390,1991-09-11,1.0472173690795898,1.0504104952933828,1.0280609502268687,1.0280609502268687,64032000
1391,1991-09-12,1.0935122966766355,1.0951085677005938,1.0599888513507432,1.0599888513507432,53808000
1392,1991-09-13,1.0599889755249023,1.0951086959889107,1.0536033060734196,1.0919161535669986,51360000
1393,1991-09-16,1.0599889755249023,1.0663740603687266,1.0504107636515074,1.0599889755249023,21686400
1394,1991-09-17,1.0791451930999756,1.0823377349119494,1.047217436550049,1.0567956465935178,23366400
1395,1991-09-18,1.0823371410369873,1.091915345824925,1.069566396188812,1.0727589362490493,26942400
1396,1991-09-19,1.101494073867798,1.1142648247826044,1.0823376551918362,1.085530196768662,51364800
1397,1991-09-20,1.104687213897705,1.1110728851182328,1.0983021272849978,1.107880341811879,30316800
1398,1991-09-23,1.0839338302612305,1.104686517892996,1.0791450183188778,1.1014939765980942,49771200
1399,1991-09-24,1.12384295463562,1.1270360805941124,1.088723245951904,1.088723245951904,47625600
1400,1991-09-25,1.120650291442871,1.1286322285600792,1.1046864172084552,1.1238428324467948,25766400
1401,1991-09-26,1.1398067474365234,1.149384955398175,1.1142646646696464,1.1174577903951433,48000000
1402,1991-09-27,1.1270359754562378,1.1429992653296814,1.1206503087424158,1.1429992653296814,33273600
1403,1991-09-30,1.136614203453064,1.142999285673122,1.111072120750578,1.127035995515559,27700800
1404,1991-10-01,1.135018229484558,1.1398070424009448,1.1238431634645143,1.136614500456687,19627200
1405,1991-10-02,1.1110721826553345,1.1557706837232624,1.1014939741841678,1.1302285995976675,67219200
1406,1991-10-03,1.1174579858779907,1.1270361955152093,1.1014941082801195,1.104686649956685,34632000
1407,1991-10-04,1.1254398822784424,1.1366143623329696,1.1174579437802088,1.123843026892796,26457600
1408,1991-10-07,1.1302285194396973,1.1350179156393327,1.1078795627944895,1.1142646449174578,27187200
1409,1991-10-08,1.1398067474365234,1.1429992885546008,1.123842872631298,1.123842872631298,37708800
1410,1991-10-09,1.142999529838562,1.1653490762052876,1.1398069880465482,1.142999529838562,60931200
1411,1991-10-10,1.1461929082870483,1.1557711203768908,1.13022902660142,1.1557711203768908,42048000
1412,1991-10-11,1.1445962190628052,1.162155780975488,1.1206504052787607,1.158963239647265,69921600
1413,1991-10-14,1.1781195402145386,1.1781195402145386,1.1493849172824766,1.1493849172824766,50625600
1414,1991-10-15,1.1669450998306274,1.1781195783423946,1.158963162434388,1.1781195783423946,57854400
1415,1991-10-16,1.1589630842208862,1.1685412915284967,1.147788606463237,1.1685412915284967,100200000
1416,1991-10-17,1.1398067474365234,1.1589631633598263,1.130228539474872,1.1589631633598263,95563200
1417,1991-10-18,1.1493849754333496,1.1653488505168448,1.1461924342596224,1.1493849754333496,37843200
1418,1991-10-21,1.1621557474136353,1.1685414144931272,1.1461924566260668,1.1493849978620925,28704000
1419,1991-10-22,1.1669450998306274,1.1845052451808695,1.165348829272863,1.1685413703883911,32496000
1420,1991-10-23,1.15257728099823,1.1749268184679365,1.1461921999560083,1.1717336933395153,36724800
1421,1991-10-24,1.15257728099823,1.1557704061266512,1.1398065343064765,1.1557704061266512,26942400
1422,1991-10-25,1.142999529838562,1.158963408013717,1.1398069880465482,1.1525777398221464,28080000
1423,1991-10-28,1.15257728099823,1.15257728099823,1.1206501219651912,1.1429990748275871,37953600
1424,1991-10-29,1.1589630842208862,1.1589630842208862,1.1461923360131985,1.1525774178133523,36523200
1425,1991-10-30,1.2068543434143066,1.2100468849033832,1.1589632980407232,1.1589632980407232,65592000
1426,1991-10-31,1.1988723278045654,1.21643247407753,1.1908903899889045,1.2068542656202266,41092800
1427,1991-11-01,1.182909369468689,1.1972763938915807,1.1749274294081429,1.194083851710408,34296000
1428,1991-11-04,1.1621557474136353,1.1813121640446702,1.1589632061776098,1.1781196228086446,28838400
1429,1991-11-05,1.197275996208191,1.2068542041778565,1.1621557054502771,1.1653488311784457,51739200
1430,1991-11-06,1.2164326906204224,1.2196252324720265,1.1908906019849297,1.2004688121472953,38308800
1431,1991-11-07,1.210046648979187,1.222817981660426,1.206854108112564,1.2196248561864298,20894400
1432,1991-11-08,1.2164326906204224,1.2355891109451536,1.2132401487688185,1.2132401487688185,36494400
1433,1991-11-11,1.2451671361923218,1.2515528035547714,1.221221906646203,1.2260107187124398,40564800
1434,1991-11-12,1.2754985094070437,1.286672993008589,1.2515532709191155,1.2547458134887897,80035200
1435,1991-11-13,1.2898659706115725,1.29944418181758,1.261131336993549,1.2707095481995567,57523200
1436,1991-11-14,1.267516016960144,1.2962506414096746,1.2611309345985358,1.2962506414096746,44371200
1437,1991-11-15,1.2132397890090942,1.2834797811691234,1.210046663496788,1.264323366524808,71592000
1438,1991-11-18,1.2419745922088623,1.2483596749504473,1.2132399660493318,1.2164325074201243,72432000
1439,1991-11-19,1.2292029857635498,1.2435705879707166,1.2036614912288877,1.2292029857635498,71976000
1440,1991-11-20,1.2323956489562988,1.2451663914353142,1.2260099854132325,1.2387807278922478,36441600
1441,1991-11-21,1.2419745922088623,1.2419745922088623,1.222818174769175,1.2292032575107603,35558400
1442,1991-11-22,1.22601056098938,1.245166976004839,1.2164323534816504,1.2387813094638886,38102400
1443,1991-11-25,1.221221685409546,1.2387812444121231,1.2164322896034894,1.222817955809111,33724800
1444,1991-11-26,1.2068543434143066,1.2292033030528164,1.1845053837757968,1.2276070323082784,58809600
1445,1991-11-27,1.2164326906204224,1.2196252324720265,1.2004688121472953,1.203661938606453,15009600
1446,1991-11-29,1.2419745922088623,1.2483596749504473,1.210046840071073,1.210046840071073,20524800
1447,1991-12-02,1.2930580377578735,1.2962505787844378,1.226010583948206,1.2292031249747704,55852800
1448,1991-12-03,1.294654130935669,1.3122142733912738,1.2707089073015334,1.289865320051771,64996800
1449,1991-12-04,1.3026362657546997,1.3154070146674712,1.2770941833217446,1.2994437246783597,36297600
1450,1991-12-05,1.299444317817688,1.3058294028848791,1.2866729784679485,1.299444317817688,24892800
1451,1991-12-06,1.3313710689544678,1.3441418195908623,1.2898656909305664,1.2962507739450184,51580800
1452,1991-12-09,1.3026362657546997,1.3249852225039027,1.293058057918268,1.3186001403512229,57720000
1453,1991-12-10,1.299444317817688,1.3026368603512837,1.2770947662594831,1.3026368603512837,46252800
1454,1991-12-11,1.2866723537445068,1.312214435434753,1.2707090642195735,1.304232498368589,39134400
1455,1991-12-12,1.3026362657546997,1.3186001403512229,1.2834798500818363,1.2898655168419282,36979200
1456,1991-12-13,1.3026362657546997,1.3122144735911312,1.296250598994608,1.3058288068310395,26193600
1457,1991-12-16,1.3042327165603638,1.3058289873191655,1.2866725689985543,1.3026364458015616,27225600
1458,1991-12-17,1.3010401725769043,1.3217928616169852,1.2802874835368234,1.3026364433326811,27480000
1459,1991-12-18,1.3138110637664795,1.318600461153614,1.2930583725065226,1.3026365826732376,33561600
1460,1991-12-19,1.3122148513793943,1.318600519977928,1.2930584301913743,1.3074260383861795,38116800
1461,1991-12-20,1.3185999393463137,1.340948892688684,1.305828607772968,1.3281781457226611,35356800
1462,1991-12-23,1.3632981777191162,1.3632981777191162,1.3090220514527409,1.31860026015945,46113600
1463,1991-12-24,1.3569129705429075,1.3728762605184426,1.3537198448618717,1.3632980526901572,23995200
1464,1991-12-26,1.3776657581329346,1.3824545700958295,1.350527403187499,1.3569130704121468,24326400
1465,1991-12-27,1.409592866897583,1.4239604714085343,1.3760694307177477,1.3824545130715655,36657600
1466,1991-12-30,1.4143822193145752,1.420767301469959,1.3984183447112906,1.4111890936294709,35524800
1467,1991-12-31,1.4207675457000732,1.4303457551870569,1.3888403756126315,1.4143824624470924,40512000
1468,1992-01-02,1.4558870792388916,1.4654652837075686,1.39841785242683,1.4143817214103604,74265600
1469,1992-01-03,1.4431170225143433,1.4590803144977589,1.4271531459234428,1.4558877730225726,38246400
1470,1992-01-06,1.4878147840499878,1.50377865895045,1.4351349322503395,1.446309410837694,63057600
1471,1992-01-07,1.5325137376785278,1.5357062797628258,1.478237014599881,1.4878152254603718,64363200
1472,1992-01-08,1.586790919303894,1.6059473465606502,1.516550296290611,1.5197434239052472,90763200
1473,1992-01-09,1.6251035928726196,1.6474525606478334,1.5835976153658933,1.5867907426249956,88348800
1474,1992-01-10,1.5995604991912842,1.6314876595954515,1.5835966266855328,1.621909453013468,64641600
1475,1992-01-13,1.623507380485535,1.645856349072089,1.567634374411427,1.583597672855657,52804800
1476,1992-01-14,1.6378726959228516,1.6410652353538593,1.6091380872224508,1.628294493022718,44006400
1477,1992-01-15,1.6793793439865112,1.7017288910860835,1.6378739608991888,1.644259629300147,65294400
1478,1992-01-16,1.6314877271652222,1.6857644282468347,1.6282951863747834,1.6761862212681595,58761600
1479,1992-01-17,1.615524411201477,1.6538372384662765,1.5804041246729614,1.6314876994902436,85027200
1480,1992-01-20,1.5644404888153076,1.6251028642474863,1.5644404888153076,1.6251028642474863,58862400
1481,1992-01-21,1.524531364440918,1.5708261345397716,1.481429720126164,1.561247926402334,120019200
1482,1992-01-22,1.6027530431747437,1.6027530431747437,1.5197423090302185,1.5325130562969138,56131200
1483,1992-01-23,1.5963678359985352,1.652240800872614,1.580403964718144,1.602752916824859,75590400
1484,1992-01-24,1.591578483581543,1.6027529599354702,1.5835965477266505,1.5899822133320258,37756800
1485,1992-01-27,1.5404951572418213,1.6027532145054617,1.5388988867387638,1.593175006879717,46233600
1486,1992-01-28,1.542092204093933,1.5548629591550864,1.4814303867938377,1.545284746707298,95539200
1487,1992-01-29,1.5899821519851685,1.6059460230790137,1.5548618694216223,1.5644400751564729,97344000
1488,1992-01-30,1.577210783958435,1.5931740641504546,1.5516687172013297,1.5899815250334612,41923200
1489,1992-01-31,1.5357052087783811,1.580403689824293,1.5293201290626717,1.577211149966438,49948800
1490,1992-02-03,1.5963678359985352,1.602752916824859,1.500585777530769,1.5101639833775455,80265600
1491,1992-02-04,1.5899821519851685,1.6091385634548694,1.5644400751564729,1.5995603577200188,58440000
1492,1992-02-05,1.6251035928726196,1.6410668907373294,1.5772125300630897,1.5931758279277994,71212800
1493,1992-02-06,1.6123327016830444,1.6474530190514918,1.6059476146035907,1.6155258298306343,62356800
1494,1992-02-07,1.6059468984603882,1.6282958624880826,1.5835973498250913,1.6123319826925282,36499200
1495,1992-02-10,1.5899821519851685,1.6091385634548694,1.5580549944047617,1.604349752891086,41371200
1496,1992-02-11,1.5644404888153076,1.593175113617675,1.5516697393278458,1.5867900311776633,41078400
1497,1992-02-12,1.6059468984603882,1.6187176515322703,1.5149536020763703,1.5149536020763703,83342400
1498,1992-02-13,1.5644404888153076,1.6155246559800307,1.5516697393278458,1.6027533218851309,97358400
1499,1992-02-14,1.5133568048477173,1.5644403839818826,1.506971138228172,1.5612478429758094,82632000
1500,1992-02-18,1.5101641416549685,1.5612477166559855,1.5069710162998504,1.5229348892533845,73694400
1501,1992-02-19,1.4702547788619995,1.5069707446652365,1.4495015139202836,1.5069707446652365,145372800
1502,1992-02-20,1.500586748123169,1.522935714685388,1.4782371969532817,1.481430324039076,74323200
1503,1992-02-21,1.4622735977172852,1.513357189847163,1.452695387654961,1.4942007697225153,91118400
1504,1992-02-24,1.4670623540878296,1.4878150443243972,1.4431171221556442,1.4622735415444026,59049600
1505,1992-02-25,1.4782367944717407,1.487815003905915,1.4463096245603293,1.4686585850375662,57388800
1506,1992-02-26,1.5580558776855469,1.5580558776855469,1.4814301883667105,1.4814301883667105,100670400
1507,1992-02-27,1.5947716236114502,1.5995604344048149,1.5676332752937825,1.5676332752937825,79579200
1508,1992-02-28,1.577210783958435,1.6155235917905668,1.5612469191593623,1.596367187874501,58276800
1509,1992-03-02,1.570826530456543,1.605946830681471,1.5548626513347432,1.5804047410081072,34876800
1510,1992-03-03,1.5740185976028442,1.5995606795709147,1.5644403899407429,1.5772117232284788,27734400
1511,1992-03-04,1.5644404888153076,1.5867900311776633,1.5548622805478516,1.5740186970827634,33086400
1512,1992-03-05,1.5484769344329834,1.5740184290586978,1.5229348551999304,1.5644402224222205,55689600
1513,1992-03-06,1.5101641416549685,1.5580551759082193,1.4910077279536678,1.542091302954685,61867200
1514,1992-03-09,1.519742488861084,1.5388989043315708,1.510164281125841,1.5165493632110658,30427200
1515,1992-03-10,1.5548629760742188,1.5676343158820358,1.522935795770075,1.5261283384181794,45480000
1516,1992-03-11,1.5357052087783811,1.5740180255013945,1.5229344647397731,1.5612472814627865,39532800
1517,1992-03-12,1.546881079673767,1.55166989197488,1.5133570551359938,1.535706015089512,50025600
1518,1992-03-13,1.5452851057052612,1.5708272063691582,1.538900018995159,1.5644415350512266,36763200
1519,1992-03-16,1.586790919303894,1.586790919303894,1.5388998511620036,1.545284937175745,55132800
1520,1992-03-17,1.6346813440322876,1.644259553890665,1.593175378240961,1.6011573172241982,94473600
1521,1992-03-18,1.6139280796051023,1.6474515098863352,1.609138684075025,1.6410658440486745,69230400
1522,1992-03-19,1.6282958984375,1.663416200920063,1.612332018289496,1.621910229456775,111576000
1523,1992-03-20,1.641066551208496,1.6474522197978358,1.628295798637396,1.628295798637396,35774400
1524,1992-03-23,1.641066551208496,1.650644761788716,1.6314883406282763,1.641066551208496,37843200
1525,1992-03-24,1.6282958984375,1.6586268030326157,1.6155251450836658,1.6474523207720588,70228800
1526,1992-03-25,1.641066551208496,1.650644761788716,1.6219101300480565,1.628295798637396,36739200
1527,1992-03-26,1.5963678359985352,1.6474514056455805,1.5867896301517586,1.6442588652324184,60403200
1528,1992-03-27,1.5484769344329834,1.5963679676153713,1.5261273958763102,1.5899823016552732,89971200
1529,1992-03-30,1.5325137376785278,1.558055828175702,1.5325137376785278,1.5516701593995097,40713600
1530,1992-03-31,1.5133568048477173,1.5580553019697363,1.5037785972220987,1.5388988867184994,86702400
1531,1992-04-01,1.5388994216918943,1.5420919638078032,1.4942009090311632,1.497393451147072,74203200
1532,1992-04-02,1.4941999912261963,1.551669221657973,1.4910074510712896,1.5388984764311036,56918400
1533,1992-04-03,1.500586748123169,1.522935714685388,1.4910085360811225,1.500586748123169,59534400
1534,1992-04-06,1.5484769344329834,1.553265745447553,1.5037784419269753,1.5037784419269753,40123200
1535,1992-04-07,1.4814296960830688,1.5644404421886722,1.4782365703507927,1.5580553599389615,72758400
1536,1992-04-08,1.4973938465118408,1.50058697407845,1.4463102361314184,1.4782374195432129,105388800
1537,1992-04-09,1.5325137376785278,1.5357062797628258,1.4894120811101177,1.510164773873248,70008000
1538,1992-04-10,1.4814296960830688,1.5580553599389615,1.4558876132619645,1.548477151956975,126446400
1539,1992-04-13,1.500586748123169,1.5085686889261525,1.4590807728691886,1.4910085360811225,45552000
1540,1992-04-14,1.4941999912261963,1.5357053516689538,1.48781432630914,1.5101638612152153,72806400
1541,1992-04-15,1.6458553075790403,1.6506441186996454,1.615524416659821,1.6442590372055057,223305600
1542,1992-04-16,1.6298917531967163,1.647451899952493,1.6219098151615936,1.647451899952493,66393600
1543,1992-04-20,1.5085686445236206,1.5963688215568308,1.4750446110593551,1.5899831521808634,226118400
1544,1992-04-21,1.4830259084701538,1.513356801788737,1.4750439713637058,1.5101642607891173,99244800
1545,1992-04-22,1.5021823644638062,1.5133568428732378,1.4622732624555157,1.4878147603606695,61790400
1546,1992-04-23,1.4782367944717407,1.5197427584248355,1.4335388735172665,1.5133570905995497,115334400
1547,1992-04-24,1.433538556098938,1.491007799978975,1.4303454305895715,1.4814295926656356,90393600
1548,1992-04-27,1.4463096857070925,1.4878150668074337,1.4367314758679723,1.4367314758679723,99585600
1549,1992-04-28,1.3920327425003052,1.4622733263260477,1.3664912434795256,1.4526951180413952,199876800
1550,1992-04-29,1.4223648309707642,1.4239611022664151,1.3824551255410422,1.398419007712931,137308800
1551,1992-04-30,1.4079967737197876,1.4399239433340616,1.4016111059539311,1.430345733989029,95870400
1552,1992-05-01,1.452694535255432,1.4558870752003998,1.4079960529898603,1.411188592934828,62083200
1553,1992-05-04,1.4558870792388916,1.4814291526910988,1.4367306703015377,1.4495014147240382,73920000
1554,1992-05-05,1.4878147840499878,1.5005861178133268,1.446309410837694,1.4526950777193637,59246400
1555,1992-05-06,1.4814296960830688,1.497392986314766,1.4750440292259377,1.494200445189911,50016000
1556,1992-05-07,1.4686580896377563,1.4878145020443674,1.4590798834344507,1.4814294209803718,40579200
1557,1992-05-08,1.4622735977172852,1.4942007697225153,1.4463097194108965,1.4814300178419328,59822400
1558,1992-05-11,1.4558870792388916,1.4718509482224218,1.4463088747702146,1.4654652837075686,41112000
1559,1992-05-12,1.4590802192687988,1.4718515535509735,1.4399238024529837,1.4654658864098864,49905600
1560,1992-05-13,1.439923882484436,1.4590803003649715,1.4175749231596375,1.452695217476446,64320000
1561,1992-05-14,1.4143822193145752,1.44311684283604,1.3952258036335985,1.4399237171509358,72307200
1562,1992-05-15,1.4048043489456177,1.423960769228478,1.3984186806488137,1.4079968907902436,40814400
1563,1992-05-18,1.439923882484436,1.449502091424704,1.4111892556636323,1.414382381715375,37526400
1564,1992-05-19,1.4622735977172852,1.4622735977172852,1.4463097194108965,1.4463097194108965,51240000
1565,1992-05-20,1.4910086393356323,1.4942011820348464,1.4622740012195776,1.4622740012195776,58800000
1566,1992-05-21,1.4894115924835205,1.4942004040389172,1.4718514475655895,1.4942004040389172,48566400
1567,1992-05-22,1.4782367944717407,1.494200671731201,1.4686585850375662,1.494200671731201,36969600
1568,1992-05-26,1.475044012069702,1.4942004278108671,1.4686583452868425,1.4814296788525618,38217600
1569,1992-05-27,1.4686580896377563,1.4846219615123697,1.4654655491057584,1.4782362958410618,31166400
1570,1992-05-28,1.519742488861084,1.5261275709463091,1.462273242449624,1.4654657834922364,62702400
1571,1992-05-29,1.5452851057052612,1.5612489916961754,1.5261286763592958,1.529321804322176,89918400
1572,1992-06-01,1.586790919303894,1.586790919303894,1.5325141805404965,1.5388998511620036,68529600
1573,1992-06-02,1.5692299604415894,1.5899826485808584,1.5612480224016865,1.5867901072078834,42585600
1574,1992-06-03,1.570826530456543,1.5867904095783425,1.5644408618863077,1.5644408618863077,28190400
1575,1992-06-04,1.566036581993103,1.5772110554330183,1.5644397275526976,1.5740179311593614,41755200
1576,1992-06-05,1.5452851057052612,1.5708272063691582,1.54209256235021,1.5644415350512266,40939200
1577,1992-06-08,1.5101641416549685,1.5452838437024512,1.5101641416549685,1.542091302954685,40228800
1578,1992-06-09,1.4686580896377563,1.5197422457935943,1.4558873429024528,1.5133565801222866,84604800
1579,1992-06-10,1.4367316961288452,1.4750445413589477,1.4303460270546202,1.4718519991256471,65457600
1580,1992-06-11,1.3792624473571775,1.471852019479532,1.372876778194647,1.43673171599706,130732800
1581,1992-06-12,1.4367316961288452,1.4431173652030702,1.3904369107078671,1.4079970622062683,138028800
1582,1992-06-15,1.4510992765426636,1.4942009342657545,1.4367316675632251,1.4367316675632251,54940800
1583,1992-06-16,1.393630027770996,1.4654663197696185,1.388840629847024,1.44630989728897,57376000
1584,1992-06-17,1.3864457607269287,1.4032077709582764,1.3696837504955812,1.3888401665864285,70032000
1585,1992-06-18,1.384050965309143,1.4319419920567389,1.3601051596317153,1.3984179810297916,53356800
1586,1992-06-19,1.4079967737197876,1.4223643800410886,1.3936297520059908,1.4079967737197876,43110400
1587,1992-06-22,1.4223648309707642,1.4271536448577171,1.3696843705681447,1.4032084062075734,54080000
1588,1992-06-23,1.4079967737197876,1.4510990080761863,1.3936297520059908,1.431942589386121,57420800
1589,1992-06-24,1.384050965309143,1.4127855813577004,1.374472759959624,1.4127855813577004,34096000
1590,1992-06-25,1.340949296951294,1.3840515309427637,1.2739018321037292,1.3840515309427637,165340800
1591,1992-06-26,1.2786906957626345,1.3361599273787694,1.2595342852239224,1.331370532440464,140982400
1592,1992-06-29,1.384050965309143,1.393629170658662,1.3074253225129902,1.3122141328841197,90963200
1593,1992-06-30,1.340949296951294,1.3984185525349206,1.331371087687356,1.3936297402067013,74048000
1594,1992-07-01,1.381656289100647,1.3936294869604593,1.3313708457545708,1.3457384493433884,45136000
1595,1992-07-02,1.3385549783706665,1.3984186440353643,1.3170041522685811,1.3936298313938067,80563200
1596,1992-07-06,1.3313710689544678,1.3457386749519664,1.2978476293061223,1.3409492780836365,36224000
1597,1992-07-07,1.3026362657546997,1.3361602854859165,1.2882692463037582,1.3361602854859165,54396800
1598,1992-07-08,1.3146092891693115,1.3217930934377196,1.2547456176836322,1.3026366717936946,93417600
1599,1992-07-09,1.3217931985855105,1.3553172314331658,1.307426173513401,1.3217931985855105,61174400
1600,1992-07-10,1.3313710689544678,1.3409492780836365,1.295452638568212,1.3265822566936287,28905600
1601,1992-07-13,1.340949296951294,1.3648951124148878,1.3122146691594805,1.3361604846230746,35113600
1602,1992-07-14,1.3625000715255735,1.3696838743611557,1.345738644385853,1.3505274565379224,41116800
1603,1992-07-15,1.369684100151062,1.403208129171833,1.3601058896604952,1.3744734977001325,80172800
1604,1992-07-16,1.384050965309143,1.384050965309143,1.3553163492605858,1.3601051596317153,42291200
1605,1992-07-17,1.3457390069961548,1.3792624549159898,1.3361607955036827,1.3744736414735712,59865600
1606,1992-07-20,1.326581954956055,1.345738368857172,1.312214352226538,1.3313707661276553,48707200
1607,1992-07-21,1.374473214149475,1.393629631178684,1.331370983530028,1.3409491920446326,45907200
1608,1992-07-22,1.340949296951294,1.3744733216788256,1.331371087687356,1.3744733216788256,59008000
1609,1992-07-23,1.3601057529449463,1.3840515690681572,1.317004102373688,1.336160521429251,68441600
1610,1992-07-24,1.393630027770996,1.4127864502516445,1.360105996126051,1.3625004027842271,76259200
1611,1992-07-27,1.398418664932251,1.4079968749660337,1.3840516421853502,1.3936298522191328,30512000
1612,1992-07-28,1.4175750017166138,1.427153211187672,1.3936297703427245,1.4079967922455556,45363200
1613,1992-07-29,1.4175750017166138,1.431942608226957,1.379262163832381,1.427153211187672,145273600
1614,1992-07-30,1.400813341140747,1.427153569959703,1.3984189343229307,1.407997146201855,32035200
1615,1992-07-31,1.393630027770996,1.4079970523276726,1.3840518165306717,1.4079970523276726,35312000
1616,1992-08-03,1.4127861261367798,1.4223643351797155,1.3792621021827616,1.393629708050908,31516800
1617,1992-08-04,1.4151804447174072,1.4271530591287052,1.4079966422276486,1.417574850678177,31430400
1618,1992-08-05,1.3792624473571775,1.412786479700925,1.364895422501023,1.412786479700925,60150400
1619,1992-08-06,1.369684100151062,1.3792623106416289,1.3457388662284318,1.369684100151062,3705600
1620,1992-08-07,1.3553165197372437,1.412785759063049,1.3505271241564265,1.369683537265028,55008000
1621,1992-08-10,1.3577109575271606,1.3888399834174388,1.3553165519834502,1.360105363070871,42067200
1622,1992-08-11,1.3672889471054075,1.3768671523660283,1.3409487364868873,1.3648945419420662,33436800
1623,1992-08-12,1.3601057529449463,1.3888403815282904,1.355316940484813,1.374473359540376,30441600
1624,1992-08-13,1.3577109575271606,1.3744729655478287,1.3505271562886818,1.3648947587656397,28227200
1625,1992-08-14,1.3601057529449463,1.374473359540376,1.355316940484813,1.3601057529449463,33942400
1626,1992-08-17,1.3313710689544678,1.3601056963419742,1.3313710689544678,1.3553168840811352,63318400
1627,1992-08-18,1.3313710689544678,1.3553168840811352,1.3026364415669611,1.3217928598252988,66313600
1628,1992-08-19,1.326581954956055,1.3505271800287726,1.317003748005496,1.3313707661276553,27433600
1629,1992-08-20,1.348132848739624,1.3553166505002876,1.3217926320221185,1.3313708395005397,36534400
1630,1992-08-21,1.33616042137146,1.3577112450432651,1.3217928158519423,1.3505274422835063,52710400
1631,1992-08-24,1.3217931985855105,1.340949621753416,1.317004385097354,1.3337658169135411,42800000
1632,1992-08-25,1.348132848739624,1.3553166505002876,1.3122144245436973,1.3170038205866028,37123200
1633,1992-08-26,1.372078537940979,1.384051739783169,1.34573889694637,1.34573889694637,50016000
1634,1992-08-27,1.4103912115097046,1.4175750148313373,1.3792621765926525,1.3792621765926525,88028800
1635,1992-08-28,1.4247584342956543,1.427152839888594,1.407996425930358,1.407996425930358,49468800
1636,1992-08-31,1.4271529912948608,1.4367311992901284,1.407996575304326,1.422364179600938,25651200
1637,1992-09-01,1.4271529912948608,1.4295473971418224,1.403207763610403,1.4175747832995933,30825600
1638,1992-09-02,1.4439150094985962,1.4510988116870034,1.412785979492065,1.4271529992614544,61955200
1639,1992-09-03,1.4678603410720823,1.479833540434892,1.446309517590971,1.451098914257588,85296000
1640,1992-09-04,1.4558870792388916,1.4654652837075686,1.4463088747702146,1.4606764737768332,28585600
1641,1992-09-08,1.4702547788619995,1.4726491839912277,1.4415201634895232,1.455887178872138,49376000
1642,1992-09-09,1.4965959787368774,1.5013853786404523,1.4654669254911548,1.4702563253947298,60982400
1643,1992-09-10,1.5133568048477173,1.5133568048477173,1.4846221819708618,1.498989785712989,53302400
1644,1992-09-11,1.5085686445236206,1.5181468562837463,1.4942010345796064,1.503779246339732,30796800
1645,1992-09-14,1.566036581993103,1.570825391492858,1.527723767566448,1.527723767566448,95100800
1646,1992-09-15,1.556459665298462,1.5660378768245828,1.5325138441793411,1.561248478757704,44614400
1647,1992-09-16,1.5396970510482788,1.5660372686680328,1.5229350412350344,1.5277244374419945,35708800
1648,1992-09-17,1.5540637969970703,1.5612475977397242,1.5373023747406214,1.542091185497519,23590400
1649,1992-09-18,1.5301190614700315,1.561248095129013,1.50138443395232,1.5564592828464745,71683200
1650,1992-09-21,1.5157517194747925,1.5229355237576236,1.498990288958314,1.508568499799557,31811200
1651,1992-09-22,1.4894115924835205,1.515751225253012,1.484622196320719,1.5133568194753135,30777600
1652,1992-09-23,1.5157517194747925,1.5277249214820428,1.484622680392652,1.489412078117071,37654400
1653,1992-09-24,1.5373026132583618,1.54209142475826,1.5181461980439734,1.5181461980439734,36953600
1654,1992-09-25,1.5085686445236206,1.5396976865921164,1.4558881875391037,1.5373032798039978,41817600
1655,1992-09-28,1.475044012069702,1.4989898240498654,1.4606769925675354,1.4654658041991195,52854400
1656,1992-09-29,1.5085686445236206,1.513357458099858,1.4750446110593551,1.4750446110593551,39392000
1657,1992-09-30,1.542092204093933,1.542092204093933,1.5085687528305205,1.5277251777260972,59843200
1658,1992-10-01,1.5253294706344604,1.5516696886617465,1.5229350647976398,1.5325132727523418,47804800
1659,1992-10-02,1.5085686445236206,1.527725068043872,1.4942010345796064,1.5181468562837463,36803200
1660,1992-10-05,1.566036581993103,1.566036581993103,1.4510981387131376,1.5037779662462116,71347200
1661,1992-10-06,1.5804040431976318,1.5995604558424514,1.556458819695267,1.5756152323400865,74316800
1662,1992-10-07,1.5540637969970703,1.6139280237094422,1.5516693916186215,1.5804040099819294,58153600
1663,1992-10-08,1.5971665382385254,1.618717362894417,1.566037504334738,1.575615713582634,59532800
1664,1992-10-09,1.5780106782913208,1.5995615105752894,1.5612486600225877,1.5995615105752894,40182400
1665,1992-10-12,1.6067445278167725,1.6091389336495154,1.5851937061072496,1.5899825177727356,34700800
1666,1992-10-13,1.6139280796051023,1.6354788979721324,1.5947716666994474,1.62350628605793,86643200
1667,1992-10-14,1.5995604991912842,1.6282951189372354,1.5899822926093006,1.6163225068615896,47456000
1668,1992-10-15,1.6187180280685425,1.6235074269643304,1.58519457422898,1.5947727874128177,35942400
1669,1992-10-16,1.6354795694351196,1.6378739758795429,1.604350531834915,1.623506952605436,47644800
1670,1992-10-19,1.6833703517913818,1.690554154581826,1.6282955047437684,1.6282955047437684,83280000
1671,1992-10-20,1.6833703517913818,1.7192887811361277,1.666608340149504,1.690554154581826,84150400
1672,1992-10-21,1.7240774631500244,1.7240774631500244,1.6809758188749886,1.6905540270036,60396800
1673,1992-10-22,1.719289779663086,1.728867994077343,1.690555136420314,1.7240785945663075,49174400
1674,1992-10-23,1.6977382898330688,1.7288679238711468,1.6905550677699337,1.7288679238711468,46006400
1675,1992-10-26,1.7240774631500244,1.7288668595180448,1.6809758188749886,1.695342838764191,40121600
1676,1992-10-27,1.685765027999878,1.728867267042295,1.676186817613515,1.7240778695453298,49116800
1677,1992-10-28,1.695342183113098,1.7001315776288837,1.6713969643557804,1.690553373204516,36172800
1678,1992-10-29,1.7240774631500244,1.7240774631500244,1.695342838764191,1.700132235132211,32774400
1679,1992-10-30,1.7001322507858276,1.7240774790241116,1.69534285437371,1.7216830731217705,24998400
1680,1992-11-02,1.716894268989563,1.7240780737822317,1.6809764142414942,1.7049216507402067,31091200
1681,1992-11-03,1.69055438041687,1.7192890108097272,1.6785811792975156,1.714499613440475,35267200
1682,1992-11-04,1.695342183113098,1.7192879864776194,1.6857639786887302,1.690553373204516,23657600
1683,1992-11-05,1.7599958181381226,1.7671796200939995,1.6905539581843934,1.7049209774887415,90361600
1684,1992-11-06,1.7767571210861206,1.7863353250148677,1.7480225092998802,1.757600713228627,61155200
1685,1992-11-09,1.7599958181381226,1.7767578278327003,1.7336556007048438,1.7767578278327003,54796800
1686,1992-11-10,1.779152512550354,1.7863363156325047,1.7528122909874655,1.7623905002278344,38710400
1687,1992-11-11,1.7959141731262207,1.8198593992334964,1.7671795510330603,1.7767577583974472,60748800
1688,1992-11-12,1.791124939918518,1.805492544574524,1.762390315213943,1.7959143363396657,46960000
1689,1992-11-13,1.7863367795944214,1.795914991322521,1.771969169698447,1.7911255931546466,25811200
1690,1992-11-16,1.7767571210861206,1.7911241346756543,1.767178917157374,1.7815459307469077,19312000
1691,1992-11-17,1.7240774631500244,1.8007031281789143,1.7097104432608223,1.7791523060413963,56649600
1692,1992-11-18,1.76239013671875,1.771968343983526,1.721682901995297,1.7336555149244226,33273600
1693,1992-11-19,1.800702452659607,1.8198588617304536,1.7671790290892302,1.7671790290892302,46857600
1694,1992-11-20,1.819859862327576,1.8198598623275757,1.7959146301270312,1.8007034427241273,41113600
1695,1992-11-23,1.695342183113098,1.7576008041750906,1.6713969643557804,1.7288661909019871,309884800
1696,1992-11-24,1.7528122663497925,1.7767580814178787,1.7097106176777226,1.748023454100669,145513600
1697,1992-11-25,1.7456291913986206,1.771969423576694,1.7288677569286952,1.7623912104762796,53152000
1698,1992-11-27,1.757601618766785,1.7719686397583858,1.743234013167709,1.752812222031268,17593600
1699,1992-11-30,1.7839409112930298,1.786335901503511,1.7576012804439962,1.7719682986700729,35251200
1700,1992-12-01,1.7839409112930298,1.791124712709749,1.7623900916502344,1.7767576944836727,33593600
1701,1992-12-02,1.7384451627731323,1.7911250180593834,1.7336557661430394,1.781546809406659,49881600
1702,1992-12-03,1.75520658493042,1.7719685961812972,1.7336557616692692,1.7384451582870029,26048000
1703,1992-12-04,1.757601618766785,1.7719686397583858,1.748023409903226,1.752812222031268,23548800
1704,1992-12-07,1.788730263710022,1.79112466925505,1.743233635317749,1.7623900488926694,46422400
1705,1992-12-08,1.7719684839248655,1.8007031079885123,1.7528120678824348,1.795914296281616,26908800
1706,1992-12-09,1.76239013671875,1.7863359471843785,1.748023118125275,1.7576013253900509,26048000
1707,1992-12-10,1.7049216032028198,1.7576020574033464,1.6953433919488714,1.7240780257107169,89296000
1708,1992-12-11,1.654635310173035,1.704920747877129,1.6426626982639314,1.6953425414283814,112934400
1709,1992-12-14,1.669002890586853,1.69055430082248,1.657030274638743,1.6618196717825018,51286400
1710,1992-12-15,1.654635310173035,1.6809755240589233,1.637873302735894,1.6713973176101753,45289600
1711,1992-12-16,1.6666089296340942,1.6905547525361255,1.6330854791004672,1.6570307173948178,73792000
1712,1992-12-17,1.7240774631500244,1.7288668595180448,1.666608214378357,1.6713976107463773,51859200
1713,1992-12-18,1.7240774631500244,1.7288668595180448,1.695342838764191,1.7049210468928018,74387200
1714,1992-12-21,1.7336554527282717,1.7623900734917235,1.709710227729073,1.7192884346502235,64928000
1715,1992-12-22,1.6809762716293335,1.7528125596385973,1.6666086632629284,1.7432343489301896,56928000
1716,1992-12-23,1.6713981628417969,1.6905545854267594,1.6474523423067824,1.6857651874767074,59974400
1717,1992-12-24,1.6713981628417969,1.6713981628417969,1.6474523423067824,1.6713981628417969,32723200
1718,1992-12-28,1.6761866807937622,1.68097607789979,1.6474520519801548,1.6713978682952542,45731200
1719,1992-12-29,1.6570297479629517,1.6761861612341995,1.6522409369488091,1.671397350220057,60035200
1720,1992-12-30,1.6450577974319458,1.6666086248776075,1.6330851804740862,1.6618198119374932,50860800
1721,1992-12-31,1.6354795694351196,1.6522415837612174,1.6330851629906964,1.6474521862648035,30851200
1722,1993-01-04,1.6306902170181274,1.6426634187863705,1.618717599857468,1.6282958105075125,72646400
1723,1993-01-05,1.6570297479629517,1.661819143584433,1.623506317041937,1.6282951280560798,71529600
1724,1993-01-06,1.7049216032028198,1.7097110011336043,1.6618199448638622,1.666608758187026,87440000
1725,1993-01-07,1.6713981628417969,1.721683625975418,1.666608764891745,1.70492161006167,58748800
1726,1993-01-08,1.669002890586853,1.69055430082248,1.652241462102509,1.6713978814624944,43977600
1727,1993-01-11,1.7073147296905518,1.70970971916395,1.652240494731669,1.6713969028757627,58348800
1728,1993-01-12,1.719289779663086,1.7480244229058577,1.7001333508345713,1.704922165737793,85129600
1729,1993-01-13,1.748023509979248,1.7671799288030892,1.6905542535077251,1.7144994847337722,83696000
1730,1993-01-14,1.748023509979248,1.800703369441057,1.7336559035576131,1.7671799288030892,121264000
1731,1993-01-15,1.719289779663086,1.7432350233948224,1.6666093080807642,1.6761875224950216,181958400
1732,1993-01-18,1.7097105979919434,1.7192888069873955,1.6905541800010393,1.714499410185928,50611200
1733,1993-01-19,1.692948818206787,1.7097108323988257,1.690554411781514,1.7049214349407162,52960000
1734,1993-01-20,1.692948818206787,1.7049214349407162,1.6809762014728582,1.6953432246320606,47968000
1735,1993-01-21,1.71449875831604,1.7240769636697608,1.6618189211742054,1.6809753318816472,73363200
1736,1993-01-22,1.7121052742004397,1.7288672887388226,1.7001326572191269,1.7192890782322572,49088000
1737,1993-01-25,1.695342183113098,1.7288661909019871,1.6809751687801482,1.7097097820532516,49609600
1738,1993-01-26,1.685765027999878,1.7240778695453298,1.676186817613515,1.695343238386241,42345600
1739,1993-01-27,1.652241826057434,1.680976461427062,1.6378742160687936,1.6761870632282974,64192000
1740,1993-01-28,1.6666089296340942,1.6690033365419932,1.6235072668611907,1.65224190357902,77030400
1741,1993-01-29,1.6570297479629517,1.6857643678698238,1.642662730313185,1.6761861612341995,39424000
1742,1993-02-01,1.6761866807937622,1.6857648903982978,1.637873842375619,1.6522414490861823,42854400
1743,1993-02-02,1.7049216032028198,1.7144998144567682,1.6713981561178106,1.6737925627793926,70371200
1744,1993-02-03,1.692948818206787,1.7288672530161369,1.6857650143234046,1.714499645249372,71728000
1745,1993-02-04,1.6282958984375,1.6809763521613443,1.6187176872702207,1.6809763521613443,124214400
1746,1993-02-05,1.7049216032028198,1.7144998144567682,1.5756160435783264,1.6235070998480683,177216000
1747,1993-02-08,1.6426628828048706,1.7049209394122973,1.6282952792139918,1.6953427318875092,92665600
1748,1993-02-09,1.6067445278167725,1.6713975775527594,1.5995607257111255,1.6618193696143695,64550400
1749,1993-02-10,1.6378726959228516,1.652240292576607,1.6091380872224508,1.6187162901225844,39193600
1750,1993-02-11,1.633085012435913,1.6570302438877598,1.6235068029336717,1.652241431440396,31635200
1751,1993-02-12,1.6019550561904907,1.633084668981535,1.5947718390301486,1.633084668981535,34752000
1752,1993-02-16,1.5349074602127075,1.604349896460053,1.5277242437242258,1.5875878887722568,91180800
1753,1993-02-17,1.5373026132583618,1.5564590284727502,1.479833367615197,1.5516696323654542,121913600
1754,1993-02-18,1.5636430978775024,1.5851945151943387,1.5133576266869844,1.5564598767129405,138553600
1755,1993-02-19,1.5277246236801147,1.5708262717600334,1.5229352268893008,1.5684318656683671,97094400
1756,1993-02-22,1.4702547788619995,1.5516692301137265,1.4702547788619995,1.5277240096069524,76256000
1757,1993-02-23,1.522935152053833,1.5420915690607997,1.4702552975884016,1.494200526543383,105974400
1758,1993-02-24,1.6067445278167725,1.6091389336495154,1.5085680426001298,1.5133568542656155,77548800
1759,1993-02-25,1.6163229942321775,1.6282956099179318,1.5804045625674044,1.5804045625674044,60806400
1760,1993-02-26,1.5971665382385254,1.628295572142313,1.589982735150729,1.613928550574218,29833600
1761,1993-03-01,1.5612475872039795,1.6043498067617288,1.5564587764793982,1.6043498067617288,26432000
1762,1993-03-02,1.6211121082305908,1.6235070994992786,1.556459620736044,1.566037831987935,38380800
1763,1993-03-03,1.623507380485535,1.6378744075461134,1.5995615559076075,1.623507380485535,42352000
1764,1993-03-04,1.6043503284454346,1.623506746787425,1.566037491761454,1.623506746787425,56659200
1765,1993-03-05,1.5851932764053345,1.628294908140724,1.5804038814307024,1.599560292114711,35724800
1766,1993-03-08,1.6019550561904907,1.61871706544607,1.570826028006837,1.5827986412147976,48022400
1767,1993-03-09,1.6139280796051023,1.62829509698068,1.604349873152275,1.609138684075025,41312000
1768,1993-03-10,1.6282958984375,1.642663507492227,1.599561264935662,1.6187176872702207,26592000
1769,1993-03-11,1.6570297479629517,1.680975556855681,1.6282951280560798,1.633084523677561,57779200
1770,1993-03-12,1.7049216032028198,1.7097110011336043,1.633085311102017,1.6474523356791293,73580800
1771,1993-03-15,1.678580403327942,1.709710010318691,1.6666077923508054,1.709710010318691,35347200
1772,1993-03-16,1.6809762716293335,1.700132693046149,1.6666086632629284,1.6905544823377412,36336000
1773,1993-03-17,1.6354795694351196,1.676186817420585,1.6330851629906964,1.6618197941464778,39644800
1774,1993-03-18,1.633085012435913,1.6618196409426371,1.6282956153810355,1.6426632219381545,34406400
1775,1993-03-19,1.6139280796051023,1.642662698963585,1.609138684075025,1.642662698963585,45404800
1776,1993-03-22,1.5971665382385254,1.609139153646521,1.580404525902833,1.594772132078426,34083200
1777,1993-03-23,1.592377781867981,1.6282962271481831,1.5899833747446963,1.5995615878455682,34409600
1778,1993-03-24,1.652241826057434,1.66182003784731,1.5899831571194136,1.5947725553181782,50576000
1779,1993-03-25,1.673792600631714,1.6905546168570966,1.6546361776906,1.6570305844063309,43833600
1780,1993-03-26,1.6594245433807373,1.6905541607164654,1.6474519284248677,1.6857647639696318,28380800
1781,1993-03-29,1.6666089296340942,1.6953435663519234,1.6618201158182964,1.6618201158182964,48262400
1782,1993-03-30,1.743234395980835,1.7480237937681002,1.671398106032679,1.695343341146197,140777600
1783,1993-03-31,1.7719684839248655,1.805492504302832,1.7384450481543232,1.7480232561755389,179660800
1784,1993-04-01,1.7815468311309814,1.815070854128041,1.77196862236146,1.77196862236146,100412800
1785,1993-04-02,1.719289779663086,1.7623914522233368,1.719289779663086,1.7576026373201148,73251200
1786,1993-04-05,1.7528122663497925,1.767179872312142,1.6857648026096366,1.700132408571986,61187200
1787,1993-04-06,1.719289779663086,1.7815478810518517,1.7097115652488286,1.7576026373201148,55699200
1788,1993-04-07,1.7288676500320437,1.7336564639822898,1.7097112250156647,1.7240782514741004,39417600
1789,1993-04-08,1.7049216032028198,1.7288674236415011,1.6905545786257077,1.7240780257107169,40185600
1790,1993-04-12,1.7264715433120728,1.748022945991106,1.6953425189187836,1.7001319143832307,48976000
1791,1993-04-13,1.702526330947876,1.7671793701932277,1.7001319255036504,1.7288665446563265,53337600
1792,1993-04-14,1.7049216032028198,1.7288674236415011,1.680976367371759,1.7049216032028198,38592000
1793,1993-04-15,1.669002890586853,1.7216833361305752,1.6474520649587503,1.6857649036787212,109152000
1794,1993-04-16,1.6666089296340942,1.680976540296849,1.637874292916265,1.6713983280575726,49600000
1795,1993-04-19,1.6666089296340942,1.6713983280575726,1.6282960806769886,1.6666089296340942,45673600
1796,1993-04-20,1.6618194580078125,1.676186478375881,1.6282954361365702,1.6618194580078125,46009600
1797,1993-04-21,1.6259015798568726,1.661820019831427,1.6139289614012369,1.661820019831427,92528000
1798,1993-04-22,1.5947716236114502,1.628295052986937,1.5875878228140916,1.6187168467928963,79872000
1799,1993-04-23,1.5588542222976685,1.5947726651349776,1.5468816028877963,1.5899832666064129,89296000
1800,1993-04-26,1.5396970510482788,1.5804042880740925,1.5277244374419945,1.561247872461073,65376000
1801,1993-04-27,1.5804040431976318,1.5851934386624964,1.537302407050447,1.5420912179079922,58208000
1802,1993-04-28,1.6474528312683103,1.6474528312683103,1.585194731692883,1.5899835464566252,55372800
1803,1993-04-29,1.6378726959228516,1.6426620896764736,1.6091380872224508,1.6426620896764736,49660800
1804,1993-04-30,1.6378726959228516,1.661818495476741,1.628294493022718,1.628294493022718,46825600
1805,1993-05-03,1.6498466730117798,1.6666086881537303,1.6282958447478977,1.6378740555993558,38096000
1806,1993-05-04,1.685765027999878,1.695343238386241,1.6570303968407891,1.6618197943377544,49664000
1807,1993-05-05,1.7097105979919434,1.7240776191813802,1.6761865742041198,1.685764783199572,51868800
1808,1993-05-06,1.6713981628417969,1.7192892193042033,1.6618199515493155,1.70492161006167,47244800
1809,1993-05-07,1.6666089296340942,1.680976540296849,1.6570307173948178,1.6713983280575726,31798400
1810,1993-05-10,1.7073147296905518,1.7240767329684292,1.6857639166802418,1.6953421207522887,69091200
1811,1993-05-11,1.6809762716293335,1.700132693046149,1.6713980609209258,1.6905544823377412,38220800
1812,1993-05-12,1.652241826057434,1.6857652750181735,1.642663614267558,1.6761870632282974,48272000
1813,1993-05-13,1.6426628828048706,1.6474516942635682,1.6187170716892036,1.6426628828048704,43708800
1814,1993-05-14,1.6378726959228516,1.661818495476741,1.6235056838762063,1.6474508988229852,49116800
1815,1993-05-17,1.6570297479629517,1.6594241534700231,1.633084523677561,1.642662730313185,27763200
1816,1993-05-18,1.695342183113098,1.7001315776288837,1.657029365415627,1.6618187599314127,84185600
1817,1993-05-19,1.7719684839248655,1.7815466919460812,1.7144992357975728,1.7384450481543232,181017600
1818,1993-05-20,1.8030978441238403,1.8246492545748156,1.7623905987289934,1.767179995920609,150256000
1819,1993-05-21,1.7719684839248655,1.805492504302832,1.7623902759036505,1.7911248999672968,75500800
1820,1993-05-24,1.764784812927246,1.8007032418283484,1.7623904068958305,1.7671798035661286,64252800
1821,1993-05-25,1.748023509979248,1.762390531793375,1.7240776941456928,1.7576017193911686,36716800
1822,1993-05-26,1.824649214744568,1.824649214744568,1.7480235382116207,1.752812350691171,87484800
1823,1993-05-27,1.8030978441238403,1.8294380671589008,1.7815470182803954,1.8198598573832,95052800
1824,1993-05-28,1.7743632793426514,1.7959146905776011,1.7576018500810928,1.7911252932117618,35136000
1825,1993-06-01,1.843805432319641,1.8773288698343853,1.7767579726826987,1.7815467846387534,173088000
1826,1993-06-02,1.834227919578552,1.8677513698097616,1.8246497074256816,1.8342279195785525,70710400
1827,1993-06-03,1.8126755952835083,1.8390158116543616,1.8102811895972624,1.8342270002818697,23936000
1828,1993-06-04,1.800702452659607,1.8102806571950305,1.7911242481241836,1.800702452659607,32652800
1829,1993-06-07,1.7863367795944214,1.83422783823492,1.7815473814265468,1.8054932030506208,52761600
1830,1993-06-08,1.7671799659729004,1.786336385199666,1.7384453371327515,1.7815469880892143,48131200
1831,1993-06-09,1.743234395980835,1.7815472398485457,1.738445582801173,1.7767584266688834,62480000
1832,1993-06-10,1.7456291913986206,1.771969423576694,1.7145001449742068,1.7480241831295242,56544000
1833,1993-06-11,1.7121052742004397,1.771968943714579,1.704921470168622,1.7576019202585185,67542400
1834,1993-06-14,1.7671799659729004,1.7671799659729002,1.7288671275193688,1.743234149635683,40489600
1835,1993-06-15,1.7719684839248655,1.7815466919460812,1.7528120678824348,1.7815466919460812,42345600
1836,1993-06-16,1.748023509979248,1.7863363476269305,1.709710672331566,1.7767581382150095,66966400
1837,1993-06-17,1.7408391237258911,1.7576011307346908,1.7336553229210752,1.7528117353290429,28083200
1838,1993-06-18,1.6761866807937622,1.7480235451315405,1.6666084711892264,1.7336559384209769,75910400
1839,1993-06-21,1.6977382898330688,1.7097114958205402,1.6666092404027804,1.7001332817952368,68102400
1840,1993-06-22,1.685765027999878,1.7192890566559322,1.6713980047241177,1.7097108462695692,41062400
1841,1993-06-23,1.6977382898330688,1.7097114958205402,1.68097685374463,1.685765668453387,33129600
1842,1993-06-24,1.695342183113098,1.7144985919618336,1.6713969643557804,1.690553373204516,35782400
1843,1993-06-25,1.695342183113098,1.7097097820532516,1.6618187599314127,1.695342183113098,45484800
1844,1993-06-28,1.7288676500320437,1.7288676500320437,1.695343613949532,1.7001330125074752,52224000
1845,1993-06-29,1.7049216032028198,1.7576020574033464,1.6953433919488714,1.7288674236415011,42361600
1846,1993-06-30,1.685765027999878,1.728867267042295,1.6713980047241177,1.7097108462695692,56422400
1847,1993-07-01,1.669002890586853,1.695343113358714,1.657030274638743,1.69055430082248,57907200
1848,1993-07-02,1.6713981628417969,1.676186976184226,1.6570305535992635,1.6713981628417969,25404800
1849,1993-07-06,1.6474528312683103,1.6809768730456918,1.6330858023692874,1.66182044477513,47721600
1850,1993-07-07,1.5971665382385254,1.613928550574218,1.556459295086842,1.5732207228150366,182569600
1851,1993-07-08,1.6259015798568726,1.6378741983125085,1.6091395632543943,1.6091395632543943,70105600
1852,1993-07-09,1.6211121082305908,1.6282959128214138,1.599561279065742,1.6282959128214138,50000000
1853,1993-07-12,1.6043503284454346,1.623506746787425,1.5995609315561905,1.623506746787425,26540800
1854,1993-07-13,1.5851932764053345,1.6091384974567151,1.5804038814307024,1.6091384974567151,36476800
1855,1993-07-14,1.6139280796051023,1.6378733034335076,1.5804040647165425,1.58998227116937,43491200
1856,1993-07-15,1.5995604991912842,1.6139281013679274,1.5851934816219764,1.6139281013679274,34432000
1857,1993-07-16,1.5540637969970703,1.594771611467237,1.546880580861724,1.594771611467237,86217600
1858,1993-07-19,1.5085686445236206,1.5373032798039978,1.4942010345796064,1.5229356698599836,122435200
1859,1993-07-20,1.542092204093933,1.542092204093933,1.4942011418549912,1.5181469652783088,74822400
1860,1993-07-21,1.5133568048477173,1.5133568048477173,1.4702551628361336,1.5037785972220987,178963200
1861,1993-07-22,1.4870163202285769,1.56603695738059,1.4702548983544774,1.5468805455753676,147584000
1862,1993-07-23,1.4870163202285769,1.4989895160623112,1.4702548983544774,1.475043709002136,92790400
1863,1993-07-26,1.498989820480347,1.5181462361758946,1.4894116126325725,1.498989820480347,65801600
1864,1993-07-27,1.4463096857070925,1.508568341965138,1.4463096857070925,1.503778944741811,112220800
1865,1993-07-28,1.498989820480347,1.5229350477960757,1.4319423655459282,1.455887592861657,113459200
1866,1993-07-29,1.5133568048477173,1.5468808238410814,1.4846221819708618,1.4942003895964804,96534400
1867,1993-07-30,1.4175750017166138,1.4223643987558987,1.379262163832381,1.3984185827744977,287936000
1868,1993-08-02,1.393630027770996,1.4510992952129418,1.3840518165306717,1.4319428727322931,148208000
1869,1993-08-03,1.398418664932251,1.4032080622529153,1.3792622448646858,1.398418664932251,85136000
1870,1993-08-04,1.398418664932251,1.4127862722866975,1.3744734321515677,1.4032080622529153,94416000
1871,1993-08-05,1.4319428205490112,1.4367316336908482,1.4032081878751943,1.4079970010170313,67910400
1872,1993-08-06,1.4032076597213743,1.4534931018216997,1.393629452435247,1.4319422815797571,71760000
1873,1993-08-09,1.398418664932251,1.417575084999816,1.3840516421853502,1.4032080622529153,70876800
1874,1993-08-10,1.3601057529449463,1.4032079881237198,1.3481331371870986,1.3984185910560716,192028800
1875,1993-08-11,1.3864457607269287,1.398418374631852,1.3624999483096574,1.364894938776582,95974400
1876,1993-08-12,1.4175750017166138,1.427153211187672,1.384051560871666,1.3888403733034391,77366400
1877,1993-08-13,1.441520929336548,1.4510991395493902,1.398418691074979,1.4175751115006636,61900800
1878,1993-08-16,1.4894115924835205,1.4989898002017186,1.4463093654479262,1.4510987616107276,78451200
1879,1993-08-17,1.4798332452774048,1.50377847001214,1.4558874359353202,1.494200263196776,54272000
1880,1993-08-18,1.4798332452774048,1.5181460725388607,1.4654656427506842,1.4894114520927688,66012800
1881,1993-08-19,1.4223648309707642,1.4918067245854083,1.4127866185891689,1.4798341052603368,114742400
1882,1993-08-20,1.460676670074463,1.470254875830337,1.4032074355392177,1.4079962461135125,73683200
1883,1993-08-23,1.475044012069702,1.4989898240498654,1.4463093884579548,1.4463093884579548,59472000
1884,1993-08-24,1.4534929990768433,1.4750438177953964,1.4510985935764125,1.4654656111863351,39417600
1885,1993-08-25,1.4223648309707642,1.4558882820025034,1.3960246007694543,1.4367318572393126,68800000
1886,1993-08-26,1.381656289100647,1.4127859020072877,1.3696836758482276,1.4079965059418842,136256000
1887,1993-08-27,1.3768675327301023,1.3888401464615376,1.3648949189986674,1.38405133481193,67763200
1888,1993-08-30,1.3912347555160522,1.4032079556039323,1.3744733276865226,1.3888403493414767,54012800
1889,1993-08-31,1.439125895500183,1.4463096990979185,1.4079968593867154,1.4127862566543856,93020800
1890,1993-09-01,1.4702547788619995,1.4798329839861584,1.4367307686238209,1.4415201634895232,86035200
1891,1993-09-02,1.4678603410720823,1.5037787699455791,1.4582821323463144,1.479833540434892,55497600
1892,1993-09-03,1.4510992765426636,1.47025569877684,1.4415210654255757,1.4654663009144897,26800000
1893,1993-09-07,1.4319428205490112,1.4606774532228282,1.422364609657739,1.4510992423315558,38659200
1894,1993-09-08,1.4271529912948608,1.4319423875962054,1.403207763610403,1.4175747832995933,54777600
1895,1993-09-09,1.460676670074463,1.4654654806487577,1.427152657625261,1.4367308633811349,29856000
1896,1993-09-10,1.4941999912261963,1.4989893860657992,1.460676565777948,1.4750435810822706,56540800
1897,1993-09-13,1.4630714654922483,1.5037787046575513,1.4606770595666283,1.5037787046575513,33481600
1898,1993-09-14,1.441520929336548,1.4606773497622323,1.4223645089108632,1.455887952352033,57756800
1899,1993-09-15,1.4654664993286133,1.4702558978394151,1.424759242721408,1.4510994730115905,60428800
1900,1993-09-16,1.4558870792388916,1.4798328827141871,1.4510982693081562,1.47025467824551,25641600
1901,1993-09-17,1.4558870792388916,1.4654652837075686,1.4415200648394797,1.4463088747702146,25286400
1902,1993-09-20,1.4487038850784302,1.4894117095355306,1.4367312706416129,1.4606770841226984,34691200
1903,1993-09-21,1.4558870792388916,1.4822272876795548,1.4319418603708025,1.4463088747702146,57846400
1904,1993-09-22,1.4798332452774048,1.494200263196776,1.441520418015949,1.4558874359353202,72051200
1905,1993-09-23,1.5085686445236206,1.5181468562837463,1.470255797483118,1.4798340092432436,72214400
1906,1993-09-24,1.5325137376785278,1.5468813462730622,1.5037791050970557,1.5037791050970557,91481600
1907,1993-09-27,1.5756160020828247,1.5804048152798702,1.5564595800794323,1.5660377910811285,73472000
1908,1993-09-28,1.609139084815979,1.6139284815388109,1.575615646186049,1.575615646186049,84012800
1909,1993-09-29,1.5899821519851685,1.6091385634548694,1.5468805184819834,1.604349752891086,87529600
1910,1993-09-30,1.5804040431976318,1.5947716449849063,1.5756152323400865,1.5851934386624964,38400000
1911,1993-10-01,1.570826530456543,1.5947723491392425,1.570826530456543,1.5804047410081072,46048000
1912,1993-10-04,1.5827986001968384,1.609138816257662,1.580404194538775,1.580404194538775,40505600
1913,1993-10-05,1.5947716236114502,1.6235062421935726,1.580404022016733,1.5851934174174094,86931200
1914,1993-10-06,1.6259015798568726,1.6378741983125085,1.589983139882318,1.5947725380291606,77321600
1915,1993-10-07,1.6115329265594482,1.6426625328384457,1.6043497109017737,1.6282949323085594,41596800
1916,1993-10-08,1.6187180280685425,1.6235074269643304,1.5756163610451426,1.6139292137804928,38086400
1917,1993-10-11,1.609139084815979,1.6235066903770012,1.575615646186049,1.6187172936541694,36457600
1918,1993-10-12,1.6139280796051023,1.6330844925107575,1.5756152537937924,1.6139280796051023,79296000
1919,1993-10-13,1.5947716236114502,1.6139280359995318,1.556458798835287,1.604349829805491,62409600
1920,1993-10-14,1.5732206106185913,1.6091390388885023,1.5708262046292525,1.6043502269098242,63257600
1921,1993-10-15,1.546881079673767,1.5899827288137658,1.5373028704640457,1.575615707302931,126425600
1922,1993-10-18,1.5899821519851685,1.5947715471562356,1.5468805184819834,1.5516693290457668,67750400
1923,1993-10-19,1.5373026132583618,1.609138878008619,1.5229350095438716,1.5708260475798426,91392000
1924,1993-10-20,1.551669716835022,1.5660373213316536,1.5181462806885977,1.5420915087064109,81590400
1925,1993-10-21,1.522935152053833,1.5325133605573162,1.494200526543383,1.5085681316023345,127142400
1926,1993-10-22,1.5396970510482788,1.5468808530550135,1.5181462296354846,1.5181462296354846,47625600
1927,1993-10-25,1.542092204093933,1.5564598150694624,1.513357566750568,1.542092204093933,48553600
1928,1993-10-26,1.522935152053833,1.5468809656162674,1.5181463401058175,1.5420915690607997,66944000
1929,1993-10-27,1.5301190614700315,1.5420916767838715,1.5229352584387306,1.5229352584387306,45564800
1930,1993-10-28,1.5133568048477173,1.5420914277245723,1.5085679933386076,1.5277244085898445,56009600
1931,1993-10-29,1.5349074602127075,1.537302450316204,1.5181460371322473,1.5229348481245686,39843200
1932,1993-11-01,1.5492757558822632,1.5612483733295164,1.5277249275556877,1.5373031384350098,30163200
1933,1993-11-02,1.5373026132583618,1.5612478399726484,1.5229350095438716,1.5564590284727502,42422400
1934,1993-11-03,1.5037786960601809,1.5420915290808224,1.4894116759811589,1.5325133208256618,56796800
1935,1993-11-04,1.4654664993286133,1.513357561398176,1.4654664993286135,1.5085687474950653,63177600
1936,1993-11-05,1.5085686445236206,1.513357458099858,1.4558881875391037,1.4606775857229923,56432000
1937,1993-11-08,1.5037786960601809,1.5229351125705015,1.4894116759811589,1.5133569043153412,28819200
1938,1993-11-09,1.498989820480347,1.5325132556438494,1.4942004242527531,1.5133568399483013,36320000
1939,1993-11-10,1.5588542222976685,1.5636430362185398,1.513357567010923,1.5325139919097954,57177600
1940,1993-11-11,1.5636430978775024,1.5804051164769142,1.5516704779955155,1.5564598767129405,31158400
1941,1993-11-12,1.568431377410889,1.580403988749591,1.566036972064608,1.566036972064608,34339200
1942,1993-11-15,1.542092204093933,1.5708268414372983,1.542092204093933,1.5708268414372983,29244800
1943,1993-11-16,1.5756160020828247,1.585194213084521,1.5420919712730854,1.5516701822747816,47664000
1944,1993-11-17,1.546881079673767,1.5899827288137658,1.5468810796737669,1.585193916512653,72217600
1945,1993-11-18,1.5373026132583618,1.5612478399726484,1.5325132171510658,1.546880820865556,48438400
1946,1993-11-19,1.5349074602127075,1.537302450316204,1.5229348481245686,1.5277242437242258,38403200
1947,1993-11-22,1.475044012069702,1.5277244476616127,1.4654658041991195,1.5277244476616127,80355200
1948,1993-11-23,1.482227802276611,1.5037786236613062,1.4798333964799584,1.4894116042739791,98256000
1949,1993-11-24,1.5085686445236206,1.527725068043872,1.4846228228194809,1.4846228228194809,32467200
1950,1993-11-26,1.5133568048477173,1.518146200964226,1.5085679933386076,1.5133568048477173,6403200
1951,1993-11-29,1.522935152053833,1.5325133605573162,1.5133569435503498,1.5133569435503498,32105600
1952,1993-11-30,1.5325137376785278,1.5420919485390183,1.4989902919706082,1.5037791050970557,44153600
1953,1993-12-01,1.5612475872039795,1.5756151885923304,1.542091175091047,1.542091175091047,58886400
1954,1993-12-02,1.5875883102416992,1.5899827163735216,1.5660374858403163,1.5708262981039611,51936000
1955,1993-12-03,1.6426628828048706,1.6570299017883563,1.5995606566396272,1.6043500527057175,114502400
1956,1993-12-06,1.6259015798568726,1.6378741983125085,1.6091395632543943,1.6282959866264703,59337600
1957,1993-12-07,1.6378726959228516,1.6474508988229852,1.628294493022718,1.628294493022718,32780800
1958,1993-12-08,1.5995604991912842,1.6043498947859438,1.5756152750399923,1.5899822926093006,105900800
1959,1993-12-09,1.5540637969970703,1.5995604222241346,1.542091185497519,1.5995604222241346,61465600
1960,1993-12-10,1.568431377410889,1.5756151780570298,1.5468805600797646,1.5564587660721865,19916800
1961,1993-12-13,1.5588542222976685,1.5708268417075404,1.5468816028877963,1.561248629258104,20112000
1962,1993-12-14,1.5325137376785278,1.5612483702600002,1.5181467136915898,1.5516701593995097,47414400
1963,1993-12-15,1.5277246236801147,1.5516698538117404,1.5277246236801147,1.5325134358634471,35219200
1964,1993-12-16,1.5325137376785278,1.5516701593995097,1.5277249245520803,1.5325137376785278,29113600
1965,1993-12-17,1.542092204093933,1.542092204093933,1.5277251777260972,1.542092204093933,26112000
1966,1993-12-20,1.570826530456543,1.570826530456543,1.54209189880185,1.5516701093534142,35462400
1967,1993-12-21,1.5804040431976318,1.5804040431976318,1.561247630552812,1.570825836875222,31008000
1968,1993-12-22,1.5540637969970703,1.5804040099819294,1.5516693916186215,1.5756151992250318,24169600
1969,1993-12-23,1.5492757558822632,1.5756159819522986,1.546881349314332,1.5516701624501943,31820800
1970,1993-12-27,1.542092204093933,1.5564598150694624,1.5277251777260972,1.546881602621674,24537600
1971,1993-12-28,1.5851932764053345,1.5899820867727068,1.5420910600626854,1.5420910600626854,27776000
1972,1993-12-29,1.5612475872039795,1.599560411429844,1.542091175091047,1.5851933946487966,48988800
1973,1993-12-30,1.556459665298462,1.5756160883507038,1.546881453772341,1.5660378768245828,25328000
1974,1993-12-31,1.5444860458374023,1.5612480576387682,1.537302827586085,1.551669848696199,22995200
1975,1994-01-03,1.5349074602127075,1.5468806569081823,1.5181460371322473,1.5420912613085254,36646400
1976,1994-01-04,1.542092204093933,1.546881602621674,1.5181469652783088,1.5373033901738855,45302400
1977,1994-01-05,1.5756160020828247,1.5804048152798702,1.5325137602713892,1.53730315807604,53974400
1978,1994-01-06,1.6211121082305908,1.6235070994992786,1.5804048565619604,1.582799263223028,82006400
1979,1994-01-07,1.633085012435913,1.6426632219381545,1.5947721744269476,1.6139285934314305,70832000
1980,1994-01-10,1.6426628828048706,1.6570299017883563,1.6282952792139918,1.6282952792139918,74185600
1981,1994-01-11,1.633085012435913,1.6474520343855183,1.6163229996551125,1.6282956153810355,35360000
1982,1994-01-12,1.6378726959228516,1.6426620896764736,1.6043492780759392,1.628294493022718,39488000
1983,1994-01-13,1.6354795694351196,1.6378739758795429,1.6091393447237614,1.623506952605436,40755200
1984,1994-01-14,1.6402673721313477,1.6474511716478932,1.6235059527356843,1.6378729671615684,45216000
1985,1994-01-17,1.623507380485535,1.6474526204557398,1.6187179817268609,1.633085593395161,30755200
1986,1994-01-18,1.6211121082305908,1.6378741240733046,1.6091394903176324,1.6330853107511694,43686400
1987,1994-01-19,1.5947716236114502,1.6139280359995318,1.580404022016733,1.604349829805491,76563200
1988,1994-01-20,1.652241826057434,1.6546362328529898,1.5947725553181782,1.5947725553181782,145004800
1989,1994-01-21,1.652241826057434,1.6666088514384214,1.6282960042789176,1.652241826057434,99078400
1990,1994-01-24,1.633085012435913,1.6666084533900012,1.6282956153810355,1.6474520343855183,38374400
1991,1994-01-25,1.6306902170181274,1.6354796146469417,1.609139389207424,1.6330852081363263,70361600
1992,1994-01-26,1.6139280796051023,1.62829509698068,1.609138684075025,1.62829509698068,50489600
1993,1994-01-27,1.6139280796051023,1.62350628605793,1.5947716666994474,1.609138684075025,51129600
1994,1994-01-28,1.6259015798568726,1.6378741983125085,1.6139289614012369,1.6187177749404322,41875200
1995,1994-01-31,1.6306902170181274,1.6450578252969856,1.623506997486282,1.6330852081363263,62566400
1996,1994-02-01,1.6306902170181274,1.6426634187863705,1.618717599857468,1.6282958105075125,44003200
1997,1994-02-02,1.609139084815979,1.6378737113305502,1.609139084815979,1.6235066903770012,40924800
1998,1994-02-03,1.6187180280685425,1.6187180280685425,1.5995616017008674,1.6139292137804928,31792000
1999,1994-02-04,1.556459665298462,1.6187177479144292,1.556459665298462,1.6091395363883083,78217600
2000,1994-02-07,1.546881079673767,1.5564592888834885,1.5229352643457157,1.527724661254324,118851200
2001,1994-02-08,1.5085686445236206,1.542092093380235,1.4942010345796064,1.542092093380235,149875200
2002,1994-02-09,1.5253294706344604,1.5373026690334026,1.4942004409335334,1.5037786488882354,98585600
2003,1994-02-10,1.5205411911010742,1.5468814183465878,1.5133573864690937,1.527724995733055,66620800
2004,1994-02-11,1.5085686445236206,1.5229356698599836,1.4942010345796064,1.5181468562837463,53747200
2005,1994-02-14,1.5157517194747925,1.5229355237576236,1.508568499799557,1.5133573129163806,55270400
2006,1994-02-15,1.5277246236801147,1.5373028326542613,1.5181464147059682,1.5277246236801147,28876800
2007,1994-02-16,1.5085686445236206,1.5373032798039978,1.5085686445236206,1.5373032798039978,43731200
2008,1994-02-17,1.5061728954315186,1.5229349037313444,1.4942002829062249,1.513356696789638,85017600
2009,1994-02-18,1.5325137376785278,1.5468813462730622,1.5037791050970557,1.5037791050970557,79465600
2010,1994-02-22,1.522935152053833,1.5373027571127842,1.5037787350468663,1.5325133605573162,63235200
2011,1994-02-23,1.551669716835022,1.5708261330922444,1.4989898644313748,1.5277244888172086,139462400
2012,1994-02-24,1.5301190614700315,1.5468810736739038,1.518146446156192,1.532513467611301,82553600
2013,1994-02-25,1.551669716835022,1.5564591132030423,1.5277244888172086,1.53730269694582,52995200
2014,1994-02-28,1.5804040431976318,1.5899822495200415,1.551669424230402,1.556458819695267,55494400
2015,1994-03-01,1.5947716236114502,1.5947716236114502,1.5756152112233686,1.5899822282107738,48070400
2016,1994-03-02,1.5851932764053345,1.5899820867727068,1.5516692654046895,1.566036865721326,68499200
2017,1994-03-03,1.551669716835022,1.5947719457174874,1.5420915087064109,1.5899825493494668,31564800
2018,1994-03-04,1.551669716835022,1.561247924963633,1.5420915087064109,1.551669716835022,25705600
2019,1994-03-07,1.556459665298462,1.5756160883507038,1.546881453772341,1.556459665298462,30540800
2020,1994-03-08,1.551669716835022,1.5564591132030423,1.5277244888172086,1.5564591132030423,24723200
2021,1994-03-09,1.5492757558822632,1.5660377710729765,1.53251374069155,1.5564595601936542,37024000
2022,1994-03-10,1.5492757558822632,1.5756159819522986,1.542091951570872,1.5612483733295164,46588800
2023,1994-03-11,1.566036581993103,1.5756147855997666,1.5468801747797754,1.5516689842795304,34857600
2024,1994-03-14,1.6067445278167725,1.6139283299224196,1.5756154981688597,1.5804043098343457,69203200
2025,1994-03-15,1.6259015798568726,1.6330853847733129,1.5995613515683562,1.6091395632543943,62934400
2026,1994-03-16,1.623507380485535,1.633085593395161,1.6187179817268609,1.6282961946364871,41286400
2027,1994-03-17,1.6187180280685425,1.6330856401481677,1.6187180280685425,1.6235074269643304,30992000
2028,1994-03-18,1.623507380485535,1.6282961946364871,1.5995615559076075,1.6187179817268609,36857600
2029,1994-03-21,1.5947716236114502,1.6354788537842957,1.5899822282107738,1.628295052986937,65078400
2030,1994-03-22,1.623507380485535,1.6426638063047874,1.5756163159374026,1.5756163159374026,89024000
2031,1994-03-23,1.652241826057434,1.6761870632282974,1.6282960042789176,1.6330854024776822,116441600
2032,1994-03-24,1.6713981628417969,1.6713981628417969,1.6282959197218196,1.642663528964353,60166400
2033,1994-03-25,1.6761866807937622,1.7097107067133972,1.6666084711892264,1.6666084711892264,102051200
2034,1994-03-28,1.654635310173035,1.6857643349796336,1.6043498724689398,1.6761861285308857,118403200
2035,1994-03-29,1.5804040431976318,1.657029693776911,1.5804040431976318,1.657029693776911,78339200
2036,1994-03-30,1.6019550561904907,1.6282952729339164,1.5804042354946837,1.585193631542302,86860800
2037,1994-03-31,1.623507380485535,1.6426638063047874,1.580405130088355,1.5995615559076075,72297600
2038,1994-04-04,1.6187180280685425,1.6426638533320053,1.570826962149355,1.5804051753331922,73996800
2039,1994-04-05,1.6809762716293335,1.6809762716293335,1.628295820429298,1.6330852180872952,101878400
2040,1994-04-06,1.7049216032028198,1.7097110011336043,1.6713981561178106,1.6761869694409746,80780800
2041,1994-04-07,1.719289779663086,1.7264730020179189,1.7001333508345713,1.7097115652488286,76630400
2042,1994-04-08,1.6666089296340942,1.7240782030697526,1.6618201158182964,1.7192893892539547,118710400
2043,1994-04-11,1.6666089296340942,1.6713983280575726,1.647452505155541,1.6666089296340942,40400000
2044,1994-04-12,1.623507380485535,1.66182023212404,1.6091397688172342,1.66182023212404,84969600
2045,1994-04-13,1.6259015798568726,1.6378741983125085,1.589983139882318,1.6235071730872748,69644800
2046,1994-04-14,1.6115329265594482,1.6330843273542777,1.6043497109017737,1.6187167268243914,53088000
2047,1994-04-15,1.6259015798568726,1.6330853847733129,1.5995613515683562,1.5995613515683562,35241600
2048,1994-04-18,1.5899821519851685,1.6426625758304876,1.5756151356865349,1.6235061643607869,78006400
2049,1994-04-19,1.6881591081619265,1.7144993277853524,1.642663056075727,1.666608285109784,291273600
2050,1994-04-20,1.71449875831604,1.7168931635026552,1.6666077315474357,1.6953423476085985,104732800
2051,1994-04-21,1.7528122663497925,1.7576016632064055,1.7097106176777226,1.7144994299268463,141980800
2052,1994-04-22,1.757601618766785,1.7767580364939024,1.7384452010396672,1.7623904308948268,66060800
2053,1994-04-25,1.7959141731262207,1.805492380490608,1.7528119476827886,1.7623901550471754,142745600
2054,1994-04-26,1.8186626434326167,1.824649170418202,1.800703354779615,1.8102815641135488,113193600
2055,1994-04-28,1.764784812927246,1.8246490559649056,1.757601594832999,1.8246490559649056,141382400
2056,1994-04-29,1.7719684839248655,1.7911248999672968,1.7480232561755389,1.7623902759036505,56803200
2057,1994-05-02,1.8294377326965328,1.830634862547751,1.762390276524409,1.7767578808650044,79260800
2058,1994-05-03,1.791124939918518,1.829437772857952,1.7863361281048071,1.824648961044241,41929600
2059,1994-05-04,1.822254657745361,1.8246496491628608,1.776758589927716,1.795915013621774,68889600
2060,1994-05-05,1.807887434959412,1.8438058716174195,1.8007036307062914,1.8246494500141608,56374400
2061,1994-05-06,1.7719684839248655,1.805492504302832,1.7408394540077712,1.7863360882604007,96403200
2062,1994-05-09,1.7671799659729004,1.7935196039540628,1.7552067655005317,1.7576017563595174,47600000
2063,1994-05-10,1.800702452659607,1.8102806571950305,1.7767572336246535,1.7815460435887602,65305600
2064,1994-05-11,1.791124939918518,1.805492544574524,1.7767579198699486,1.8007031481533766,57433600
2065,1994-05-12,1.8102816343307493,1.8255467598969348,1.7863364023708783,1.7911252149198422,58998400
2066,1994-05-13,1.848594307899475,1.867750725597915,1.8102814725025944,1.867750725597915,179920000
2067,1994-05-16,1.819859862327576,1.853383888937376,1.8150710497304796,1.843805679135652,56633600
2068,1994-05-17,1.8126755952835083,1.8246487929295032,1.7911247748925294,1.8198593969496288,122464000
2069,1994-05-18,1.8593696355819704,1.8677507144267784,1.8150708583748865,1.8246490671668183,96953600
2070,1994-05-19,1.8845127820968628,1.896485397291528,1.8581725609826083,1.8629619578249672,89651200
2071,1994-05-20,1.8725398778915403,1.901274500688285,1.862961670292626,1.8773286893872996,78140800
2072,1994-05-23,1.9371912479400637,1.953953247934405,1.858171225976836,1.87732763036835,74947200
2073,1994-05-24,1.9587441682815552,1.987478797269005,1.9252201421591029,1.9635329808090352,85144000
2074,1994-05-25,2.011425018310547,2.021003232683454,1.9252210889543808,1.9539557320731027,86003200
2075,1994-05-26,1.9922668933868408,2.0210015120414586,1.963532274732223,2.0210015120414586,64296000
2076,1994-05-27,2.0066356658935547,2.0210026913003936,1.9635334204577288,1.9826898440719505,47544000
2077,1994-05-31,2.059314727783203,2.0599136580891777,1.987478459815408,2.001845479565997,76000000
2078,1994-06-01,2.030580759048462,2.049737181303636,2.0066355235333004,2.049737181303636,100764800
2079,1994-06-02,2.0018465518951416,2.044948803450341,1.9922683387281797,2.040159404562991,60291200
2080,1994-06-03,2.025791645050049,2.0497368770104263,2.001845828482145,2.011424038187801,86841600
2081,1994-06-06,2.08804988861084,2.0928392861637346,1.9826895731304763,2.0162136021780155,764504000
2082,1994-06-07,2.054526805877685,2.078472044035081,2.0497374074816004,2.068893831850587,166171200
2083,1994-06-08,1.9922668933868408,2.0545255261088364,1.9778998763631883,2.0545255261088364,203835200
2084,1994-06-09,2.0018465518951416,2.0138191722019103,1.982690125561217,1.9874795244485668,79356800
2085,1994-06-10,2.0138189792633057,2.0305809968515005,1.987479334033493,2.0018463601036016,53726400
2086,1994-06-13,2.025791645050049,2.0449480644613613,1.987478806227424,2.016213435344393,56628800
2087,1994-06-14,2.052131414413452,2.07368282608393,2.0305805873505376,2.035369984813165,59249600
2088,1994-06-15,2.0784711837768555,2.092838788410828,2.040158350896176,2.0545259555301483,58860800
2089,1994-06-16,2.052131414413452,2.0784716389389937,2.0497370079859203,2.0784716389389937,48478400
2090,1994-06-17,2.030580759048462,2.054526579171236,2.025791945788475,2.049737181303636,47622400
2091,1994-06-20,2.049736976623535,2.049736976623535,2.0066353231571914,2.011424135938983,45668800
2092,1994-06-21,2.0162127017974854,2.044947320460105,1.9922668939416452,1.9970562893557389,86995200
2093,1994-06-22,1.9731111526489256,2.0305804095221958,1.9635329431700477,2.021002200043317,82924800
2094,1994-06-23,1.920430302619934,2.001844748908293,1.9156409080462131,1.9731101352876,85979200
2095,1994-06-24,1.896484375,1.9300083810030813,1.8869061710858583,1.9156407828282829,81454400
2096,1994-06-27,1.9874776601791384,1.997055864361671,1.8916956183538107,1.9060626323240155,76161600
2097,1994-06-28,1.965927004814148,2.0210018458164485,1.922825362017502,1.9922672224162148,99417600
2098,1994-06-29,1.9683223962783811,1.987478815781784,1.9491659767749787,1.9683223962783811,53435200
2099,1994-06-30,1.977900743484497,1.9970571643191768,1.9539549251373625,1.9826895563893825,40827200
2100,1994-07-01,1.9252196550369265,1.982688898470864,1.9102537062260048,1.9779000871550567,66622400
2101,1994-07-05,1.882119417190552,1.9539557327067472,1.8773300176986396,1.9300104890706191,40430400
2102,1994-07-06,1.8509886264801023,1.8773288457224575,1.829437803739742,1.8605668348766455,89254400
2103,1994-07-07,1.930009841918945,1.934798655197309,1.836622136914696,1.8581729658825643,89667200
2104,1994-07-08,1.896484375,1.949164788831364,1.882117361432374,1.9108519731747984,48945600
2105,1994-07-11,1.8533835411071775,1.901274581127939,1.8294377287930856,1.901274581127939,85406400
2106,1994-07-12,1.8390165567398071,1.848594767972827,1.7959148984950275,1.848594767972827,83752000
2107,1994-07-13,1.896484375,1.896484375,1.834226341861667,1.8485933554292928,82956800
2108,1994-07-14,1.8677512407302856,1.901275273252339,1.8533842157977165,1.8916970617614144,81446400
2109,1994-07-15,1.8629615306854248,1.891696151328845,1.8390157211788976,1.867750341822318,45520000
2110,1994-07-18,1.9347985982894895,1.982689652702596,1.8964857547590048,1.9731114418199749,150499200
2111,1994-07-19,1.920430302619934,1.939586711700396,1.901273893539472,1.939586711700396,70126400
2112,1994-07-20,1.8533835411071775,1.9156416008304564,1.834227125098873,1.9156416008304564,112604800
2113,1994-07-21,1.8294377326965328,1.872539961110896,1.819859524671944,1.862961753086307,85740800
2114,1994-07-22,1.9371912479400637,1.944375045738648,1.810280214998052,1.858171225976836,152916800
2115,1994-07-25,1.961138367652893,1.9779003789457927,1.9252199390559537,1.9395875443377144,51513600
2116,1994-07-26,1.930009841918945,1.9635332886903387,1.90606402170428,1.9587444754119745,54308800
2117,1994-07-27,1.896484375,1.9300083810030813,1.896484375,1.9300083810030813,29291200
2118,1994-07-28,1.896484375,1.9252189867424243,1.8869061710858583,1.896484375,39899200
2119,1994-07-29,1.9731111526489256,1.977900549692121,1.9012748738610945,1.9108530833399728,67064000
2120,1994-08-01,2.044947624206543,2.0545258318501163,1.9731107745760448,1.977900170701532,83934400
2121,1994-08-02,2.023395776748657,2.0928382054575008,2.016212561039968,2.059314193721194,95249600
2122,1994-08-03,2.044947624206543,2.068892851011776,2.03536941656297,2.0593146433682024,58771200
2123,1994-08-04,2.0210018157958984,2.0545258349019004,2.0210018157958984,2.0497364387693,40192000
2124,1994-08-05,2.011425018310547,2.0257926321738133,2.00184680393764,2.016214417800906,31204800
2125,1994-08-08,2.030580759048462,2.030580759048462,1.9922679145381137,2.0066355235333004,34537600
2126,1994-08-09,2.049736976623535,2.0641045841840198,2.021002346110121,2.0305805562812598,40198400
2127,1994-08-10,2.0736820697784424,2.083260276602806,2.0401580535894936,2.049736260413858,48646400
2128,1994-08-11,2.116783857345581,2.145518479843485,2.06410400840312,2.06410400840312,81428800
2129,1994-08-12,2.116783857345581,2.131151460898229,2.102416838400325,2.1215732533989278,38088000
2130,1994-08-15,2.0856549739837646,2.1263622125312667,2.083260568094484,2.1263622125312667,36113600
2131,1994-08-16,2.102416753768921,2.1119949608826576,2.068892736567158,2.102416753768921,56779200
2132,1994-08-17,2.140730142593384,2.155097164721097,2.111995513730436,2.1215737233514185,79790400
2133,1994-08-18,2.1263620853424072,2.15988610421682,2.1215732738502897,2.1407296890335545,61276800
2134,1994-08-19,2.102416753768921,2.1455183934770528,2.0976273579083684,2.140729582223868,74761600
2135,1994-08-22,2.092839479446411,2.1072065042168027,2.088050081451195,2.1072065042168027,62835200
2136,1994-08-23,2.1263620853424072,2.15988610421682,2.0880492549758776,2.092838651075392,58363200
2137,1994-08-24,2.1359400749206543,2.145518281534648,2.1263618683066605,2.1263618683066605,35246400
2138,1994-08-25,2.152703046798706,2.174253875180534,2.135941031565018,2.140730429320757,55174400
2139,1994-08-26,2.1790430545806885,2.2125664970811787,2.1550972374167325,2.15988663469254,60961600
2140,1994-08-29,2.1862261295318604,2.2269339575675784,2.183831723355495,2.1981993296286904,56625600
2141,1994-08-30,2.236512899398804,2.2413017133199995,2.169465412248205,2.1838324386194867,39851200
2142,1994-08-31,2.226933717727661,2.2700353626902112,2.212566113001852,2.2365119260090545,60968000
2143,1994-09-01,2.150307893753052,2.18383132797529,2.1359402900810958,2.18383132797529,115568000
2144,1994-09-02,2.145519256591797,2.1646756785256525,2.135941045624869,2.1646756785256525,46964800
2145,1994-09-06,2.145519256591797,2.1550974675587247,2.133546639035038,2.1407304434121346,28804800
2146,1994-09-07,2.1790430545806885,2.214960903415312,2.1503084247484656,2.1550972374167325,43588800
2147,1994-09-08,2.219749927520752,2.222144333452353,2.1838315001169675,2.1838315001169675,28377600
2148,1994-09-09,2.1790430545806885,2.217355894356986,2.140730214804391,2.1503084247484656,60800000
2149,1994-09-12,2.150307893753052,2.188620724068408,2.140729686174213,2.188620724068408,36238400
2150,1994-09-13,2.2053825855255127,2.217355785825214,2.159886528973687,2.159886528973687,41134400
2151,1994-09-14,2.207777500152588,2.2269339184419485,2.202988103276501,2.212566312421182,29968000
2152,1994-09-15,2.231722116470337,2.231722116470337,2.198198685994405,2.2077768925028614,40640000
2153,1994-09-16,2.1790430545806885,2.2269341043010606,2.174253657304881,2.222144707025253,52921600
2154,1994-09-19,2.1790430545806885,2.19341007719303,2.169464844636614,2.188621264524763,48350400
2155,1994-09-20,2.145519256591797,2.188621498246773,2.143124850001966,2.1790432872798453,40276800
2156,1994-09-21,2.1934096813201904,2.1981990777315943,2.1072058073818427,2.157491254360687,82948800
2157,1994-09-22,2.1838314533233643,2.2029878695805865,2.169464433434162,2.193409661451976,44320000
2158,1994-09-23,2.145519256591797,2.2029885223933627,2.145519256591797,2.1790432872798453,48371200
2159,1994-09-26,2.128756046295166,2.145518052230032,2.116783435459094,2.145518052230032,29921600
2160,1994-09-27,2.1646742820739746,2.1646742820739746,2.1024162432559907,2.126361462922223,50585600
2161,1994-09-28,2.1838314533233643,2.2029878695805865,2.1646750370661416,2.169464433434162,33355200
2162,1994-09-29,2.1646742820739746,2.193408896437788,2.1598854719836185,2.1790418815594945,27105600
2163,1994-09-30,2.150307893753052,2.2029877431329683,2.150307893753052,2.1646749128176124,34608000
2164,1994-10-03,2.140730142593384,2.159886561835349,2.1263625358581493,2.1503083522143664,28833600
2165,1994-10-04,2.107205629348755,2.150307854980036,2.1024168179493823,2.1455184589732776,42622400
2166,1994-10-05,2.1263620853424072,2.1407296890335545,2.0736822358921274,2.1024168586670244,50985600
2167,1994-10-06,2.08804988861084,2.1407303386548087,2.078471678112625,2.126362730603699,40790400
2168,1994-10-07,2.0832607746124268,2.102417192840553,2.064104356384301,2.09283898372649,51518400
2169,1994-10-10,2.0976274013519287,2.121573211935892,2.0832603826874547,2.0832603826874547,39480000
2170,1994-10-11,2.1383345127105717,2.169464123131603,2.11199488257987,2.11199488257987,55692800
2171,1994-10-12,2.155097246170044,2.164675456153022,2.135940826204088,2.1407302234993484,27912000
2172,1994-10-13,2.1934096813201904,2.2125660977509347,2.169464453085478,2.169464453085478,63033600
2173,1994-10-14,2.143124580383301,2.1981994326662697,2.1143899510975164,2.1934100354815413,99878400
2174,1994-10-17,2.111995220184326,2.155096865184292,2.1072058237357525,2.145518656894584,31160000
2175,1994-10-18,2.169464588165283,2.174253400267423,2.109600344636237,2.1167841473969182,52686400
2176,1994-10-19,2.207777500152588,2.2221445215658626,2.1550970575531,2.169464663573866,59488000
2177,1994-10-20,2.2844042778015137,2.2939824915771854,2.217356781371814,2.231723809731434,136558400
2178,1994-10-21,2.2748236656188965,2.2844018692960137,2.236510850910428,2.270034271476759,67099200
2179,1994-10-24,2.255667924880981,2.2796131488467144,2.236511511865463,2.2796131488467144,57145600
2180,1994-10-25,2.2867965698242188,2.289190974901387,2.236511140167524,2.250878155237765,44780800
2181,1994-10-26,2.337082862854004,2.341872259384888,2.2891918205824053,2.29398121711329,97904000
2182,1994-10-27,2.361029148101806,2.361029148101806,2.3275051195088023,2.341872727365109,41238400
2183,1994-10-28,2.3801844120025635,2.389762617715637,2.351449794863341,2.361028000576415,58414400
2184,1994-10-31,2.4137086868286133,2.442443314052764,2.3753958505297463,2.3849740596044637,59932800
2185,1994-11-01,2.404130458831787,2.4089198556351934,2.380185228637204,2.404130458831787,39624000
2186,1994-11-02,2.4137086868286133,2.456810919968582,2.39455226867918,2.4041304777538968,61408000
2187,1994-11-03,2.399341106414795,2.4232863312180166,2.389762899572036,2.4137081243752574,63441600
2188,1994-11-04,2.356239080429077,2.4184977224189117,2.349055278544212,2.3993413071308702,46947200
2189,1994-11-07,2.3706071376800537,2.375395950114432,2.3322942997749823,2.356239531161896,47094400
2190,1994-11-08,2.437654495239258,2.4472327042881203,2.363423228958702,2.37060703189722,43328000
2191,1994-11-09,2.4424431324005127,2.475967153972477,2.418497903798347,2.4615995491252223,60206400
2192,1994-11-10,2.440048217773437,2.4663884314305062,2.432864416847451,2.432864416847451,24689600
2193,1994-11-11,2.384974718093872,2.401736734754476,2.327505447778357,2.384974718093872,132899200
2194,1994-11-14,2.471177577972412,2.471177577972412,2.404130124306494,2.404130124306494,48934400
2195,1994-11-15,2.4735724925994877,2.4951240501636063,2.4616000221496197,2.471178232352536,52544000
2196,1994-11-16,2.475966691970825,2.48554489854594,2.4711772963796004,2.4807555029547155,30196800
2197,1994-11-17,2.4616000652313232,2.480756485972423,2.447233041979282,2.475967673090932,33232000
2198,1994-11-18,2.45681095123291,2.480756181920675,2.45202155433086,2.45681095123291,25694400
2199,1994-11-21,2.4328653812408447,2.4807564320526727,2.428076568463439,2.471178221890307,35560000
2200,1994-11-22,2.3753957748413086,2.447232632916453,2.3706069627602826,2.423286818688916,56358400
2201,1994-11-23,2.356239080429077,2.3777899014762736,2.339477070900191,2.361028476554788,87507200
2202,1994-11-25,2.384974718093872,2.3897641162573224,2.361029481099565,2.3658182946553667,12563200
2203,1994-11-28,2.428076267242432,2.4328650794257496,2.384974034555164,2.394552243529281,43449600
2204,1994-11-29,2.45681095123291,2.466389160429515,2.43286513593765,2.4376545328397,37673600
2205,1994-11-30,2.408919095993042,2.461598936573256,2.4041297006999502,2.461598936573256,40934400
2206,1994-12-01,2.396946907043457,2.429273804258493,2.3945525006946484,2.39934189799981,43096000
2207,1994-12-02,2.4232871532440186,2.4232871532440186,2.3753961027846504,2.404130733060271,37715200
2208,1994-12-05,2.425680160522461,2.461598573801721,2.418496945552379,2.4280751501197004,38166400
2209,1994-12-06,2.428076267242432,2.456810894164783,2.413708661477516,2.4232868704516326,38830400
2210,1994-12-07,2.4137086868286133,2.4472327108938656,2.4137086868286133,2.4328651049780468,36744000
2211,1994-12-08,2.394551992416382,2.442443032264709,2.384973784446716,2.418497804644256,41934400
2212,1994-12-09,2.418498516082764,2.4232873291725894,2.3849744860236157,2.394552696810859,79956800
2213,1994-12-12,2.418498516082764,2.4328655399598325,2.361029251359303,2.418498516082764,65313600
2214,1994-12-13,2.404130458831787,2.432865085829776,2.3849740408331277,2.428076273633853,30219200
2215,1994-12-14,2.4232871532440186,2.437654760685604,2.394552522968397,2.394552522968397,33641600
2216,1994-12-15,2.4328653812408447,2.456811198950536,2.413708960916114,2.428076568463439,28854400
2217,1994-12-16,2.428076267242432,2.461599706348101,2.4214908101171155,2.437654476216549,54020800
2218,1994-12-19,2.399341106414795,2.4376539337858305,2.39455171068974,2.428075726943072,31507200
2219,1994-12-20,2.2939817905426025,2.4041309229976617,2.2508795494201213,2.399342109877161,253456000
2220,1994-12-21,2.356239080429077,2.361028476554788,2.303559230690664,2.308348042208974,69395200
2221,1994-12-22,2.3227155208587646,2.3753953677594226,2.3083479178629878,2.3562389535032984,57355200
2222,1994-12-23,2.332294464111328,2.351450884413649,2.3131380438090074,2.322716253960168,19486400
2223,1994-12-27,2.3275039196014404,2.361027930911678,2.3227151091898435,2.3370821250318987,20566400
2224,1994-12-28,2.337082862854004,2.337082862854004,2.298770029036725,2.327504654399684,34961600
2225,1994-12-29,2.3682124614715576,2.3706074526144323,2.3227163988707837,2.332294609619513,23446400
2226,1994-12-30,2.341871976852417,2.3706065987487204,2.341871976852417,2.3706065987487204,20686400
2227,1995-01-03,2.305954933166504,2.356240405422989,2.303560526060892,2.356240405422989,39545600
2228,1995-01-04,2.3227155208587646,2.327504332119112,2.2796132964788005,2.3083479178629878,51611200
2229,1995-01-05,2.2844042778015137,2.337084161263819,2.2748260640258424,2.332295346679871,39824000
2230,1995-01-06,2.3227155208587646,2.346660746375236,2.289191503606862,2.2939808994745783,46681600
2231,1995-01-09,2.3083488941192627,2.337083527656017,2.2891924717614263,2.332294714370366,46000000
2232,1995-01-10,2.337082862854004,2.3562392797626432,2.317926445945364,2.322715842476249,42184000
2233,1995-01-11,2.3514504432678223,2.3658174634954494,2.327504630078519,2.34187223491359,31512000
2234,1995-01-12,2.34666109085083,2.3801851130238547,2.337082882316745,2.34666109085083,26996800
2235,1995-01-13,2.404130458831787,2.413708667831117,2.370607019637874,2.375395831833797,41307200
2236,1995-01-16,2.45681095123291,2.47117797272407,2.4137087175444405,2.4232869267410453,74648000
2237,1995-01-17,2.475966691970825,2.495123105121055,2.4663884853957105,2.4807555029547155,73932800
2238,1995-01-18,2.492727756500244,2.4999117031232063,2.461598880086836,2.48554468678821,50504000
2239,1995-01-19,2.4328653812408447,2.490334642215038,2.430470974852142,2.471178221890307,67108800
2240,1995-01-20,2.361029148101806,2.4328654335606408,2.3466615402455,2.408920199943552,82388800
2241,1995-01-23,2.406524419784546,2.4137082213570955,2.3179261490810203,2.337082563536235,53843200
2242,1995-01-24,2.37599515914917,2.4184984686845747,2.3753962286829093,2.4137090710810205,36739200
2243,1995-01-25,2.3658180236816406,2.3849744449260264,2.337083391815062,2.361029210674335,52459200
2244,1995-01-26,2.2939817905426025,2.337083447057488,2.2891923928145066,2.3322946339369874,80836800
2245,1995-01-27,2.2939817905426025,2.308348814511699,2.2891923928145066,2.3035600013911988,58376000
2246,1995-01-30,2.2604570388793945,2.3035592662464777,2.255668227287168,2.3035592662464777,55164800
2247,1995-01-31,2.2748236656188965,2.2891906788309933,2.2317214567682906,2.26524546194178,59945600
2248,1995-02-01,2.2652480602264404,2.3275061632354075,2.259859729870382,2.2748262748899606,66705600
2249,1995-02-02,2.2604570388793945,2.274824642870892,2.2365118117034446,2.2508788310875327,46312000
2250,1995-02-03,2.3035597801208496,2.3179268027099096,2.270035753067143,2.2796139629956964,60332800
2251,1995-02-06,2.332294464111328,2.3418726742624885,2.303559833657847,2.303559833657847,48345600
2252,1995-02-07,2.337082862854004,2.341872259384888,2.322715842476249,2.327504654399684,33152000
2253,1995-02-08,2.3706071376800537,2.375395950114432,2.3370831122093603,2.346661321685628,49150400
2254,1995-02-09,2.3706071376800537,2.3945523690669672,2.365817740638164,2.380185347156321,42398400
2255,1995-02-10,2.3753957748413086,2.3993415890688468,2.356239357302266,2.3753957748413086,49862400
2256,1995-02-13,2.3753957748413086,2.4041304011498728,2.361028753990761,2.3753957748413086,38160000
2257,1995-02-14,2.3706071376800537,2.3849741595906995,2.356239531161896,2.380185347156321,31121600
2258,1995-02-15,2.3275039196014404,2.351449725481219,2.284402287468009,2.3035586983289265,147001600
2259,1995-02-16,2.332294464111328,2.3418726742624885,2.3083486464296508,2.332294464111328,56744000
2260,1995-02-17,2.3131375312805176,2.3322939473382966,2.308348134962361,2.32750455102014,37824000
2261,1995-02-21,2.289191961288452,2.3275047974606435,2.279613752245404,2.317926588417596,55392000
2262,1995-02-22,2.356239080429077,2.3753954957171186,2.2844028154026224,2.2891916269209327,60902400
2263,1995-02-23,2.361029148101806,2.3801855688385047,2.337083329877151,2.3466615402455,59939200
2264,1995-02-24,2.34666109085083,2.3706069044897697,2.34666109085083,2.3514504874216,34177600
2265,1995-02-27,2.3658180236816406,2.375396234303833,2.3418727894299494,2.3514510000521422,28592000
2266,1995-02-28,2.4137086868286133,2.4232868959033302,2.36581764145503,2.370607038296132,52544000
2267,1995-03-01,2.4232871532440186,2.452021783519639,2.404130733060271,2.4184983405018565,52032000
2268,1995-03-02,2.4424431324005127,2.4424431324005127,2.418497903798347,2.4232867156758027,26038400
2269,1995-03-03,2.437654495239258,2.4472327042881203,2.4184980771415328,2.437654495239258,31776000
2270,1995-03-06,2.463994026184082,2.4663891630933152,2.4089199078516166,2.423286929358293,45156800
2271,1995-03-07,2.5035042762756348,2.5292462995366565,2.461599901003942,2.4663892981734725,91750400
2272,1995-03-08,2.624429702758789,2.6292191003595846,2.519069386224677,2.519069386224677,140096000
2273,1995-03-09,2.600484132766724,2.6340075732129544,2.5621712953381715,2.6244293638558163,58238400
2274,1995-03-10,2.626823663711548,2.634007613142056,2.547803727621043,2.600484172187641,44324800
2275,1995-03-13,2.6435863971710205,2.6699267713307115,2.6148517624191614,2.629219372098911,34550400
2276,1995-03-14,2.748945713043213,2.7585239211025967,2.6531636324493726,2.657953028782777,78643200
2277,1995-03-15,2.7010555267333984,2.7537359800195924,2.69626671349335,2.748946582171934,57294400
2278,1995-03-16,2.686688184738159,2.701055207367193,2.667531764827753,2.6818987874567872,47510400
2279,1995-03-17,2.6795034408569336,2.7489451425729823,2.6771088893390127,2.701054112214568,59868800
2280,1995-03-20,2.7250006198883057,2.739367640383794,2.6818983891869315,2.686687785757064,37772800
2281,1995-03-21,2.6986608505249023,2.739367949072748,2.696266298121867,2.729789739460605,74772800
2282,1995-03-22,2.717816114425659,2.720210373507153,2.677108740878457,2.7010539624261165,52464000
2283,1995-03-23,2.787259578704834,2.806416001926173,2.7297903090408164,2.7345797071499724,105286400
2284,1995-03-24,2.8303608894348145,2.8399390978853423,2.8016262640832297,2.806415076004769,65683200
2285,1995-03-27,2.796837329864502,2.830361357286514,2.782470307117601,2.7872591198307197,61008000
2286,1995-03-28,2.8207831382751465,2.8351501609763217,2.792048508265251,2.792048508265251,47603200
2287,1995-03-29,2.768101692199707,2.835149138031534,2.760917744985488,2.820782120514095,65763200
2288,1995-03-30,2.7633132934570312,2.787258521093991,2.696265837623155,2.777680313117723,75011200
2289,1995-03-31,2.7250006198883057,2.7633134540195474,2.7010548062525523,2.7489458489166045,63080000
2290,1995-04-03,2.681898593902588,2.734579037157995,2.6627421753747123,2.720211430958339,65617600
2291,1995-04-04,2.677109956741333,2.73936802872681,2.672320559492238,2.691476979273544,66689600
2292,1995-04-05,2.7058451175689697,2.7058451175689697,2.6340082369837683,2.67711048225642,65792000
2293,1995-04-06,2.681898593902588,2.71542261863012,2.660347915362477,2.7058444093661818,35414400
2294,1995-04-07,2.667531728744507,2.71063338065612,2.66274233152792,2.69147696100484,43148800
2295,1995-04-10,2.717816114425659,2.729788579047671,2.657952329797421,2.662741140264044,43169600
2296,1995-04-11,2.7633132934570312,2.763911639151838,2.7250004615519594,2.744156877504496,43624000
2297,1995-04-12,2.7441580295562744,2.806416115235481,2.7106339952615737,2.763314453551056,40430400
2298,1995-04-13,2.7776808738708496,2.7776808738708496,2.725001011670172,2.748946244141151,32814400
2299,1995-04-17,2.9644556045532227,2.9931902279352856,2.89261875379436,2.89261875379436,187913600
2300,1995-04-18,2.940509080886841,2.969243697312445,2.911774464461237,2.9644548868784786,75609600
2301,1995-04-19,2.91656494140625,2.950088380701387,2.8926191265318795,2.9357213594627525,59163200
2302,1995-04-20,2.8830409049987797,2.9452995557161152,2.8351498600652447,2.930931949932314,83913600
2303,1995-04-21,2.8734633922576904,2.906987424137842,2.8686745789077395,2.8974092128303166,53555200
2304,1995-04-24,2.978822708129883,2.979421638437641,2.8782518157539694,2.887830023818696,68089600
2305,1995-04-25,3.065027475357056,3.0698168730910997,2.9740347644861918,2.9740347644861918,69371200
2306,1995-04-26,3.050659418106079,3.074604644843215,3.031503002873411,3.0554482296105467,44305600
2307,1995-04-27,3.012346744537353,3.084183013097716,2.9261428715004607,3.0506595769981946,128844800
2308,1995-04-28,3.132073163986206,3.1464407643815173,3.0123458888591723,3.0219240942536256,92104000
2309,1995-05-01,3.146441698074341,3.2086997593094626,3.1320740934155054,3.136863489837596,65550400
2310,1995-05-02,3.048264503479004,3.151230535153233,3.045870243704341,3.1464417233001853,78099200
2311,1995-05-03,3.0985515117645264,3.1033403249003886,3.0746056922624216,3.0746056922624216,61566400
2312,1995-05-04,3.122495174407959,3.189542616803222,3.103338762295027,3.1224951744079594,66524800
2313,1995-05-05,3.065027475357056,3.127286138254044,3.0602386622306086,3.1177079273935533,43707200
2314,1995-05-08,3.0602381229400635,3.079394541285205,3.031503495422352,3.0602381229400635,43988800
2315,1995-05-09,3.057842493057251,3.079394044828509,3.0315030066866,3.065026441082237,36748800
2316,1995-05-10,3.0362913608551025,3.0793935809942408,3.021924343880264,3.069815374808578,38688000
2317,1995-05-11,3.117708444595337,3.122497258516208,3.026715134021846,3.031504532550411,38673600
2318,1995-05-12,3.093761444091797,3.151230696923224,3.079394423187676,3.1177072584086267,36192000
2319,1995-05-15,3.115311861038208,3.141652225353265,3.060237749621907,3.0889723736342845,35232000
2320,1995-05-16,3.251803159713745,3.2571909037871416,3.122497009648408,3.122497009648408,86708800
2321,1995-05-17,3.294905662536621,3.328429704314002,3.261382205367036,3.2661710201307783,66515200
2322,1995-05-18,3.242224931716919,3.323639438334844,3.242224931716919,3.280537778268329,58326400
2323,1995-05-19,3.2709591388702397,3.2757479517590857,3.218278689447523,3.2278568998327835,45190400
2324,1995-05-22,3.3427953720092773,3.352373582244261,3.2182786389544904,3.270959087550679,91382400
2325,1995-05-23,3.3906843662261963,3.3906843662261963,3.296099597535564,3.352371548528725,55516800
2326,1995-05-24,3.3523733615875244,3.4289990384238105,3.333216942378453,3.414632016320766,68684800
2327,1995-05-25,3.419420957565308,3.4242103548516627,3.3380064651651424,3.3667410950606493,43440000
2328,1995-05-26,3.3523733615875244,3.4194208288192747,3.333216942378453,3.4170265687219006,52934400
2329,1995-05-30,3.179964303970337,3.385896019573263,3.165597287671704,3.3715284186673453,99612800
2330,1995-05-31,3.244616985321045,3.247011244082405,3.103338180184954,3.189542018523425,119756800
2331,1995-06-01,3.223066568374634,3.280535803609184,3.213488362502209,3.256589996624475,61153600
2332,1995-06-02,3.184755802154541,3.2230686503933463,3.165599378035138,3.20870103999996,55556800
2333,1995-06-05,3.247013807296753,3.2709596291529164,3.13207526544554,3.165599299122638,55852800
2334,1995-06-06,3.184755802154541,3.295503879094838,3.184755802154541,3.2518032865724504,49036800
2335,1995-06-07,3.218278169631958,3.2470127961465294,3.146441895649267,3.175176522163838,64590400
2336,1995-06-08,3.223066568374634,3.242222980119484,3.203910156629784,3.223066568374634,29320000
2337,1995-06-09,3.251803159713745,3.2901160064578976,3.1655992545394027,3.2087009148227503,81214400
2338,1995-06-12,3.208700180053711,3.2470130180245014,3.1895437610683155,3.242224205581909,45832000
2339,1995-06-13,3.213489055633545,3.247012491114201,3.194332639756765,3.2230672635719357,37691200
2340,1995-06-14,3.211095333099365,3.223068682902429,3.1703882237388816,3.1943340464334966,43096000
2341,1995-06-15,3.251803159713745,3.2565919732529407,3.213490312969593,3.2182791265087887,43912000
2342,1995-06-16,3.3332178592681885,3.3523742837467414,3.25180334753818,3.256592161353977,92278400
2343,1995-06-19,3.44097113609314,3.443964618574666,3.3284277700153817,3.342794790565085,78982400
2344,1995-06-20,3.500836133956909,3.500836133956909,3.438577475112103,3.462523293008585,56670400
2345,1995-06-21,3.467310905456543,3.5391477496688517,3.448154491614242,3.5199913358265498,57224000
2346,1995-06-22,3.519991636276245,3.5247804478418927,3.4721005975827413,3.4721005975827413,46296000
2347,1995-06-23,3.4912586212158203,3.5319660228560834,3.457734586384707,3.476891010686008,46356800
2348,1995-06-26,3.4385788440704346,3.491259313651175,3.429000630020099,3.486469914322112,41048000
2349,1995-06-27,3.328428030014038,3.4673117728089893,3.323638633051711,3.4289989355403816,66004800
2350,1995-06-28,3.366740703582764,3.40984235111048,3.251802197365557,3.323638471447574,107286400
2351,1995-06-29,3.424210548400879,3.43857757185694,3.371530098310983,3.371530098310983,57643200
2352,1995-06-30,3.462522506713867,3.4864677345651347,3.433787882527891,3.433787882527891,53342400
2353,1995-07-03,3.484073638916016,3.4912572953007834,3.462522669761713,3.48167908678776,16763200
2354,1995-07-05,3.4744973182678223,3.524782647979955,3.462524551121151,3.5104156197078358,48547200
2355,1995-07-06,3.553513765335083,3.563091969554315,3.4625211175559745,3.4720993217752065,47070400
2356,1995-07-07,3.6636648178100586,3.6636648178100586,3.5535151345434146,3.558304530802033,66699200
2357,1995-07-10,3.788183450698853,3.821706903159553,3.668455498521576,3.67803371131145,111982400
2358,1995-07-11,3.69718861579895,3.7977601010194975,3.6971886157989498,3.792970704291151,78227200
2359,1995-07-12,3.826493978500366,3.831282789683791,3.706766099019068,3.706766099019068,94675200
2360,1995-07-13,3.8360729217529297,3.888752777918534,3.759447251252072,3.8360729217529297,84811200
2361,1995-07-14,3.97016716003418,3.97016716003418,3.754657206635353,3.7642354137951375,89905600
2362,1995-07-17,4.17609977722168,4.185677987719894,4.080317672239532,4.128208724730605,155830400
2363,1995-07-18,3.903120279312134,4.104262659010727,3.879174465615717,4.099473262428461,289624000
2364,1995-07-19,3.620563268661499,3.783392833654212,3.3906862357306102,3.716345365716036,305092800
2365,1995-07-20,3.6828222274780273,3.7307132799510345,3.6014071459701285,3.649298198443135,177848000
2366,1995-07-21,3.5247802734375,3.678031589673913,3.515202066172725,3.601405931555707,169257600
2367,1995-07-24,3.58703875541687,3.5918275665352417,3.5295695143523065,3.5487259280404944,94811200
2368,1995-07-25,3.6924002170562735,3.74029126666396,3.639719770184052,3.658876190027125,109422400
2369,1995-07-26,3.6780331134796143,3.759448201264093,3.634931455234834,3.7402917787980527,77470400
2370,1995-07-27,3.69718861579895,3.740290847924177,3.6876104069497297,3.6971886157989498,52916800
2371,1995-07-28,3.54872727394104,3.678032823073429,3.524781455445369,3.678032823073429,158468800
2372,1995-07-31,3.467310905456543,3.5822493885103515,3.448154491614242,3.5678823704323035,101435200
2373,1995-08-01,3.42899751663208,3.4822762839121526,3.366739474136524,3.4768885434006847,166144000
2374,1995-08-02,3.40984320640564,3.548727561891702,3.371530361389846,3.486468896437227,129804800
2375,1995-08-03,3.4912586212158203,3.5008368333664706,3.3523742527275555,3.371530677028856,113536000
2376,1995-08-04,3.5966155529022217,3.596615552902222,3.496044128145169,3.500833521994135,77705600
2377,1995-08-07,3.58703875541687,3.6588750144439,3.5152019117824898,3.6205621870675233,64273600
2378,1995-08-08,3.582249879837036,3.634930317432476,3.577461068023325,3.606195692727901,43913600
2379,1995-08-09,3.69718861579895,3.7594472656226174,3.6780321981005097,3.74507966004505,144384000
2380,1995-08-10,3.60619592666626,3.7211344329407625,3.596617717810052,3.716345036208921,71883200
2381,1995-08-11,3.69718861579895,3.701978012527297,3.529570253241336,3.630141153854409,97195200
2382,1995-08-14,3.783392906188965,3.802549325967136,3.6684543875199327,3.711556624324588,88872000
2383,1995-08-15,3.7690255641937256,3.807338400502645,3.7115563097303457,3.8025490036602863,63267200
2384,1995-08-16,3.783392906188965,3.788182303437276,3.7211348342136734,3.769025883659104,38118400
2385,1995-08-17,3.797759294509888,3.860017346504676,3.779201226501864,3.78818108769474,74564800
2386,1995-08-18,3.721134185791016,3.821705079797766,3.716344789377276,3.819310820046472,77502400
2387,1995-08-21,3.620563268661499,3.764236414243305,3.6157744561125353,3.735501785126944,110491200
2388,1995-08-22,3.8049447536468506,3.807339891461585,3.61577563490019,3.644510273384399,94320000
2389,1995-08-23,3.7498703002929688,3.850441234257042,3.735502689950863,3.8312848102060126,111188800
2390,1995-08-24,3.6828222274780273,3.7594479114348394,3.658876408937737,3.7594479114348394,95275200
2391,1995-08-25,3.6157748699188232,3.706767580230504,3.615774869918823,3.6924005563318567,73489600
2392,1995-08-28,3.450549364089966,3.615774047442162,3.4433662922302632,3.615774047442162,112622400
2393,1995-08-29,3.519991636276245,3.519991636276245,3.333216293067877,3.45294418210534,163929600
2394,1995-08-30,3.5726726055145264,3.5918290269918165,3.5056251303440127,3.558305581710354,79499200
2395,1995-08-31,3.5439369678497314,3.6014062159770246,3.5056241357648696,3.5774609882276973,38764800
2396,1995-09-01,3.4385788440704346,3.5247827705234536,3.424211815298827,3.515204556473118,80262400
2397,1995-09-05,3.639719724655152,3.644509121859779,3.4577337384223936,3.48167955523047,92052800
2398,1995-09-06,3.582249879837036,3.697188378655337,3.5630934633673195,3.649297337481045,100265600
2399,1995-09-07,3.625351667404175,3.701977323945268,3.5726712362284903,3.610984064499037,93932800
2400,1995-09-08,3.6588754653930655,3.663664861709073,3.572671593171764,3.5918280092209423,64417600
2401,1995-09-11,3.740289688110352,3.749867893989498,3.639718234075667,3.654085835198033,77408000
2402,1995-09-12,3.687610626220703,3.7450798827332337,3.6636653949775697,3.7450798827332337,71155200
2403,1995-09-13,3.6828222274780273,3.716345671905345,3.644509385499622,3.6828222274780273,61208000
2404,1995-09-14,3.634931087493897,3.697189161906152,3.6301416900581134,3.682822138813924,54230400
2405,1995-09-15,3.579855442047119,3.654086552175578,3.5439368706490004,3.6301407404755976,88316800
2406,1995-09-18,3.5247802734375,3.577460705697456,3.4816786330496976,3.57267130976138,76827200
2407,1995-09-19,3.5750653743743896,3.620562148705446,3.5056236677941617,3.5247800812793755,58011200
2408,1995-09-20,3.567882537841797,3.625351782065229,3.5487261231006526,3.582249556593963,44652800
2409,1995-09-21,3.4721004962921143,3.56548743441269,3.467311100258781,3.496045722636616,83836800
2410,1995-09-22,3.4385788440704346,3.4768917002717763,3.409844201919428,3.443368243399498,99899200
2411,1995-09-25,3.457134246826172,3.4721007818194525,3.3906857194167443,3.467311385392264,57878400
2412,1995-09-26,3.381108283996582,3.5199926276260056,3.3763194710822417,3.4625233650085003,76548800
2413,1995-09-27,3.395476818084717,3.4002656323052256,3.194334344061028,3.3715309931589843,140756800
2414,1995-09-28,3.505624532699585,3.505624532699585,3.405053629393096,3.4098424416422195,105510400
2415,1995-09-29,3.467310905456543,3.5535147677468992,3.450548751040852,3.5104131289053995,95158400
2416,1995-10-02,3.381108283996582,3.481679785881002,3.3763194710822417,3.46731217792284,67731200
2417,1995-10-03,3.405052661895752,3.419419679168428,3.342794028094626,3.376318042743076,80736000
2418,1995-10-04,3.29969334602356,3.3763190192594337,3.2757475308336037,3.3763190192594337,73473600
2419,1995-10-05,3.3523733615875244,3.352373361587524,3.2565912655421663,3.294904103960309,101289600
2420,1995-10-06,3.290115594863892,3.4098429336576337,3.275747986828401,3.35237367073082,76616000
2421,1995-10-09,3.184755802154541,3.2853267364775705,3.170388191761154,3.2518032865724504,108614400
2422,1995-10-10,3.208700180053711,3.2230677865965136,3.079394644206049,3.112918085126734,157644800
2423,1995-10-11,3.318850040435791,3.347584670289748,3.256591383448447,3.290115410581834,107009600
2424,1995-10-12,3.357161521911621,3.376317934063449,3.318848697607964,3.333215714418183,78700800
2425,1995-10-13,3.304482698440552,3.4002648056417275,3.2949044877204345,3.39068659492161,68644800
2426,1995-10-16,3.323638439178467,3.347584253378299,3.27574739538627,3.285325604144709,61067200
2427,1995-10-17,3.4912586212158203,3.505625647137958,3.323639616275605,3.3427960405769053,123140800
2428,1995-10-18,3.6636648178100586,3.778603312727905,3.634930194080597,3.764235708559466,294329600
2429,1995-10-19,3.706766605377197,3.7163448136598256,3.63014093911617,3.6492973556814263,95840000
2430,1995-10-20,3.6588754653930655,3.7115559018320186,3.634930237635305,3.697188297491423,79984000
2431,1995-10-23,3.6924002170562735,3.7211348468208856,3.6205633503409778,3.639719770184052,93473600
2432,1995-10-24,3.7355024814605713,3.7594483024917,3.692400822055229,3.692400822055229,68681600
2433,1995-10-25,3.673242092132568,3.745078340894689,3.673242092132568,3.7402895304606063,60211200
2434,1995-10-26,3.75465989112854,3.759449290436425,3.6540889363486335,3.668455965056712,82841600
2435,1995-10-27,3.8312838077545166,3.836671550609172,3.730712900104718,3.7355017125606538,130683200
2436,1995-10-30,3.936644315719605,3.960590133058168,3.773814745483027,3.802549375524776,125464000
2437,1995-10-31,3.8312838077545166,3.960589928569989,3.8217055982351305,3.946222321987152,91958400
2438,1995-11-01,3.7690255641937256,3.869596467200896,3.7642361673513673,3.836073027734335,72819200
2439,1995-11-02,3.8312838077545166,3.8456514143373535,3.7642363411188127,3.7786039477016495,63504000
2440,1995-11-03,3.812129020690918,3.836074847044366,3.783394379831439,3.8312854479305702,40635200
2441,1995-11-06,3.730711698532105,3.788180937138961,3.711555285663152,3.716344096576728,87729600
2442,1995-11-07,3.563093662261963,3.7307126080323214,3.558304850180937,3.697188585035263,115921600
2443,1995-11-08,3.6492979526519775,3.658876162501458,3.577461671084643,3.596618090783604,71280000
2444,1995-11-09,3.79296875,3.79356768004822,3.678030303030303,3.6971867108585856,99814400
2445,1995-11-10,3.711556196212769,3.7929706785754256,3.701379057075735,3.773814261006863,60819200
2446,1995-11-13,3.690002918243408,3.7259214767106696,3.680424713933098,3.701976258238493,59003200
2447,1995-11-14,3.601404905319214,3.6780305416026016,3.5966160953551074,3.673241731638495,75657600
2448,1995-11-15,3.601404905319214,3.6253507089613777,3.51999045907172,3.6157725044259545,108686400
2449,1995-11-16,3.443366527557373,3.518794341010019,3.4337883182798947,3.4673117584473205,195126400
2450,1995-11-17,3.347585201263428,3.472101950380666,3.3475852012634277,3.448156129400457,143803200
2451,1995-11-20,3.294905662536621,3.424211845666811,3.28532744840134,3.385898989125688,115296000
2452,1995-11-21,3.371530055999756,3.400264687158845,3.227856900204312,3.290115560019455,130163200
2453,1995-11-22,3.347585201263428,3.428999706459344,3.342795803224332,3.3858980471456546,65428800
2454,1995-11-24,3.371530055999756,3.381108266386119,3.3475848223376325,3.3571630327239954,15014400
2455,1995-11-27,3.3427953720092773,3.42899926412413,3.338604905031472,3.395475820605466,79100800
2456,1995-11-28,3.505624532699585,3.505624532699585,3.3140603505848536,3.333216768796327,86537600
2457,1995-11-29,3.4385788440704346,3.5439391986241247,3.4194224159697635,3.5199939558021813,91067200
2458,1995-11-30,3.338005781173706,3.438576672896207,3.3284275731712096,3.42899846489371,93512000
2459,1995-12-01,3.304482698440552,3.36674136042511,3.290115674664169,3.3380067282647574,96124800
2460,1995-12-04,3.366740703582764,3.433788165542801,3.2661692183389706,3.2996932416227263,130436800
2461,1995-12-05,3.294905662536621,3.3763207749904067,3.261382205367036,3.366742560855126,104528000
2462,1995-12-06,3.4721004962921143,3.486467515177337,3.294903365991769,3.2996927620251038,145272000
2463,1995-12-07,3.467310905456543,3.5247801469834474,3.404453922536492,3.491256715063098,132876800
2464,1995-12-08,3.620563268661499,3.625352665817989,3.533760450902062,3.5487269881743595,147041600
2465,1995-12-11,3.567882537841797,3.630140593446824,3.563093141852819,3.620562386076252,61924800
2466,1995-12-12,3.500836133956909,3.5678836056164767,3.491257923719828,3.563094208194157,44739200
2467,1995-12-13,3.515202522277832,3.529570127342912,3.467311479739987,3.491257293312636,39577600
2468,1995-12-14,3.400263786315918,3.582249735442685,3.395474974695236,3.5343586961988,92822400
2469,1995-12-15,3.385897636413574,3.4385775008073995,3.342795397720842,3.4146322673395417,115470400
2470,1995-12-18,3.3332178592681885,3.4098435571824,3.2709597720167323,3.385898318888049,99460800
2471,1995-12-19,3.4816782474517822,3.487065988441523,3.3475833605960084,3.3475833605960084,84340800
2472,1995-12-20,3.338005781173706,3.500835317216145,3.333216384868747,3.4912571092136484,84980800
2473,1995-12-21,3.448154926300049,3.448154926300049,3.3475840332533453,3.361951053142548,60593600
2474,1995-12-22,3.467310905456543,3.4816785081419472,3.4146310596938925,3.4529438873784954,36057600
2475,1995-12-26,3.457735061645508,3.496047915514156,3.4433680337486425,3.457735061645508,34707200
2476,1995-12-27,3.405052661895752,3.472100106585329,3.385896249127301,3.462521900201104,40539200
2477,1995-12-28,3.347585201263428,3.3906868605771163,3.342795803224332,3.3811086491065594,49777600
2478,1995-12-29,3.361952066421509,3.4002649104832923,3.3044828003288336,3.342795644390617,52342400
2479,1996-01-02,3.4385788440704346,3.4385788440704346,3.347586102896143,3.366742530996814,57779200
2480,1996-01-03,3.328428030014038,3.4529447511370126,3.323638633051711,3.414631913868405,62857600
2481,1996-01-04,3.347585201263428,3.352374014694889,3.2518030865578598,3.342795803224332,102353600
2482,1996-01-05,3.3092706203460693,3.357161652589809,3.299692413897321,3.304481224818032,62083200
2483,1996-01-08,3.304482698440552,3.3571631497049923,3.299693885384287,3.3140609091606694,11377600
2484,1996-01-09,3.0722103118896484,3.294903341348617,3.0602375526550967,3.294903341348617,177424000
2485,1996-01-10,3.1560213565826416,3.1895448085124034,3.083585538898736,3.084184469492474,181571200
2486,1996-01-11,3.318850040435791,3.32842825038711,3.184755101117325,3.1991221237405334,116617600
2487,1996-01-12,3.285325288772583,3.328427516351731,3.213489022283886,3.3140599122895447,80544000
2488,1996-01-15,3.160808086395264,3.290114164051457,3.1368628628928983,3.290114164051457,84572800
2489,1996-01-16,3.3092706203460693,3.313460501060069,3.1895427474330567,3.203910349409842,122006400
2490,1996-01-17,3.251803159713745,3.352374090113321,3.242224948027707,3.247013761566903,143078400
2491,1996-01-18,3.357161521911621,3.4050525522911927,3.2565900658108684,3.275746477962697,121331200
2492,1996-01-19,3.519991636276245,3.572671486535397,3.433787766627938,3.457732993670987,227440000
2493,1996-01-22,3.5247802734375,3.553514895231828,3.4816786330496976,3.510413254844025,82643200
2494,1996-01-23,3.42899751663208,3.515201364815568,3.419419311278359,3.500834349088617,66473600
2495,1996-01-24,3.496047019958496,3.543938075026421,3.428999542863402,3.443367151687582,92217600
2496,1996-01-25,3.424210548400879,3.510414442959967,3.409842940337244,3.500836232453401,59881600
2497,1996-01-26,3.467310905456543,3.4816785081419472,3.4098416639296394,3.4146310596938925,50881600
2498,1996-01-29,3.462522506713867,3.496045942627126,3.4236107441583115,3.4768895265031423,39587200
2499,1996-01-30,3.479283571243286,3.500835122658606,3.472100500248032,3.481678707718223,45120000
2500,1996-01-31,3.5439369678497314,3.5487263641640507,3.452944283951896,3.476889511701223,68774400
2501,1996-02-01,3.60619592666626,3.610984738790627,3.5247808590847503,3.534359067940959,78587200
2502,1996-02-02,3.563093662261963,3.606195894028544,3.5295702238723727,3.6014064973400486,44686400
2503,1996-02-05,3.721134185791016,3.725922997597321,3.553515249636519,3.553515249636519,126480000
2504,1996-02-06,3.69718861579895,3.73550145119583,3.663665177130417,3.6971886157989498,98158400
2505,1996-02-07,3.711556196212769,3.72113440499705,3.6582768252427336,3.678032173164049,65555200
2506,1996-02-08,3.788183450698853,3.81212869036968,3.658877285731703,3.701979535589991,103924800
2507,1996-02-09,3.8360729217529297,3.8408617338554976,3.773814272167247,3.7833924809798543,122832000
2508,1996-02-12,3.812129020690918,3.874387701523672,3.7977619925650608,3.821707234310744,87779200
2509,1996-02-13,3.816915988922119,3.8408612154177857,3.735500932700589,3.7450791402203354,114513600
2510,1996-02-14,3.783392906188965,3.836073352882706,3.769025883659104,3.836073352882706,80212800
2511,1996-02-15,3.7738137245178223,3.7977595353781006,3.74507910224992,3.7738137245178223,52195200
2512,1996-02-16,3.7498703002929688,3.802550174129468,3.7498703002929688,3.783393750078438,62206400
2513,1996-02-20,3.7450788021087646,3.7738134220737938,3.711555371119901,3.725922388798746,64182400
2514,1996-02-21,3.826493978500366,3.836072185474576,3.735500719941696,3.7450789269159057,80046400
2515,1996-02-22,3.927067041397095,3.931856439848982,3.8312849184361895,3.8312849184361895,106500800
2516,1996-02-23,3.9653806686401367,3.9701700680317655,3.903122568803551,3.9318572113299286,102640000
2517,1996-02-26,3.855229139328003,3.955800034337959,3.850439742866488,3.946221826022371,63696000
2518,1996-02-27,3.8360729217529297,3.862412411380128,3.8211063858757592,3.860018151480712,60958400
2519,1996-02-28,3.8360729217529297,3.907909195543748,3.8264947129403226,3.860018151480712,60051200
2520,1996-02-29,3.780998468399048,3.836073172674027,3.776208779071975,3.792970937894202,61723200
2521,1996-03-01,3.6588754653930655,3.778603358004143,3.625352029610716,3.7690251499795537,157652800
2522,1996-03-04,3.687610626220703,3.7307128609088553,3.658875997964438,3.678032416801948,72564800
2523,1996-03-05,3.7594475746154794,3.764835317535989,3.66845429076532,3.678032500401782,57369600
2524,1996-03-06,3.716344594955444,3.788181445151327,3.716344594955444,3.764235633550231,44256000
2525,1996-03-07,3.728317975997925,3.74029132318833,3.701978482923187,3.721134903055759,44291200
2526,1996-03-08,3.6445095539093018,3.735502265508924,3.6301419451996977,3.658876578011304,108524800
2527,1996-03-11,3.69718861579895,3.701978012527297,3.644508759431977,3.644508759431977,74592000
2528,1996-03-12,3.6684553623199454,3.701979398143688,3.6301425125829234,3.687611787188458,76888000
2529,1996-03-13,3.86480712890625,3.86959594048929,3.745079239433941,3.763636724691371,156710400
2530,1996-03-14,3.816915988922119,3.903119856599825,3.816915988922119,3.8743852340405898,60640000
2531,1996-03-15,3.922276735305786,3.9510113612618447,3.8169164401335696,3.831283460807868,121721600
2532,1996-03-18,4.032425403594971,4.056371214922393,3.922276308389544,3.922276308389544,119472000
2533,1996-03-19,4.0946855545043945,4.101868628251519,4.013270467513558,4.0755291322250935,92491200
2534,1996-03-20,4.008481502532959,4.085107188750004,3.97435854203184,4.070739580280512,92944000
2535,1996-03-21,3.860019207000733,3.99890356506512,3.850440995568969,3.994114167045423,66313600
2536,1996-03-22,3.8743834495544434,3.886356203439644,3.8217030401559993,3.8743834495544434,48046400
2537,1996-03-25,3.826493978500366,3.922276048242461,3.785786014252616,3.888752031529048,63379200
2538,1996-03-26,3.936644315719605,3.941433713030335,3.783392955496944,3.807338772835507,79899200
2539,1996-03-27,3.927067041397095,3.984536315173637,3.874387166072439,3.9558016782853658,52729600
2540,1996-03-28,3.917487859725952,3.9653789093558536,3.8743862073628095,3.9031208371407513,54955200
2541,1996-03-29,3.95101261138916,3.989325458119685,3.912699764658636,3.9222779763412663,53508800
2542,1996-04-01,3.936644315719605,3.9653789457613535,3.912699082988586,3.951610268866349,31692800
2543,1996-04-02,4.008481502532959,4.022848526394859,3.931855816315914,3.9366446294006834,54396800
2544,1996-04-03,4.003693103790283,4.027638929011558,3.960591436842821,3.989326076343709,46072000
2545,1996-04-04,3.998902797698975,4.018059216886496,3.965378771817052,4.008481007292736,28961600
2546,1996-04-08,3.974954843521118,3.97974423804583,3.9031186025080737,3.92706382131002,73753600
2547,1996-04-09,3.893543720245361,3.984536447782701,3.8887543216340794,3.984536447782701,66942400
2548,1996-04-10,3.893543720245361,3.946223597323252,3.879176109019217,3.8887543216340794,51910400
2549,1996-04-11,3.8743834495544434,3.922274465095245,3.8169142309054807,3.8887504619131215,62465600
2550,1996-04-12,3.8743834495544434,3.893539855770764,3.85043764948048,3.8743834495544434,33737600
2551,1996-04-15,3.965977191925049,3.97016765808314,3.869596177985247,3.869596177985247,50102400
2552,1996-04-16,4.032425403594971,4.042003611204461,3.9845343655475247,3.9941125731570137,80116800
2553,1996-04-17,4.058765888214111,4.061160147884392,3.996506952282996,4.0324255241965306,62630400
2554,1996-04-18,4.17609977722168,4.185677987719894,4.042004830246672,4.061161251243101,133958400
2555,1996-04-19,4.204833507537842,4.295826780073023,4.195255299092426,4.27667036318219,169492800
2556,1996-04-22,4.319773197174072,4.343719017178398,4.223991086371987,4.233569297452195,92758400
2557,1996-04-23,4.314982891082764,4.338928118195148,4.267091852250588,4.319771702662278,57139200
2558,1996-04-24,4.271880149841309,4.334138785135938,4.262301943227315,4.329349389525272,69251200
2559,1996-04-25,4.319773197174072,4.358086041494906,4.223991086371987,4.2718821417730295,63896000
2560,1996-04-26,4.348507881164551,4.362875490256347,4.305406223104393,4.319773247588573,54296000
2561,1996-04-29,4.314982891082764,4.348506325961584,4.291037079362972,4.343717514382069,34267200
2562,1996-04-30,4.33892822265625,4.33892822265625,4.286248370976275,4.314982994967377,28441600
2563,1996-05-01,4.410766124725342,4.415554937559913,4.314984021958315,4.324562232235018,65014400
2564,1996-05-02,4.276669502258301,4.415553204454842,4.25751308922379,4.410764393499879,87340800
2565,1996-05-03,4.2479352951049805,4.3868190107846425,4.219200672763596,4.3101933512076185,75300800
2566,1996-05-06,4.281459808349609,4.305405625308577,4.2000453168257,4.25272517876337,75852800
2567,1996-05-07,4.334138870239258,4.348505888138685,4.276669629426853,4.276669629426853,47366400
2568,1996-05-08,4.377241611480713,4.382031008392208,4.243146682463799,4.324561753099244,77851200
2569,1996-05-09,4.348507881164551,4.41076654621631,4.338929669972559,4.377242514740528,47776000
2570,1996-05-10,4.401187896728516,4.411364452802759,4.3724532660141,4.382031476252238,43913600
2571,1996-05-13,4.544860363006592,4.554438571796271,4.405976043252506,4.405976043252506,95606400
2572,1996-05-14,4.559226989746094,4.5975398215927,4.529893435559827,4.5688051977077455,76832000
2573,1996-05-15,4.506546974182129,4.587961446588242,4.49696876656921,4.559226823749484,56323200
2574,1996-05-16,4.487391471862793,4.496969681424285,4.429922214493841,4.44428923653232,67092800
2575,1996-05-17,4.482601165771484,4.520913996248164,4.458655939027259,4.516125184742278,35392000
2576,1996-05-20,4.473024845123291,4.516127089896182,4.468236031597217,4.496970666576596,38457600
2577,1996-05-21,4.410766124725342,4.477813596662259,4.410766124725342,4.473024199220128,42113600
2578,1996-05-22,4.477812767028809,4.492179787478211,4.391608890510037,4.405975910959439,45646400
2579,1996-05-23,4.540071964263916,4.564017783805395,4.47781388574975,4.47781388574975,51976000
2580,1996-05-24,4.540071964263916,4.55922838605406,4.5304937533688445,4.540071964263916,26443200
2581,1996-05-28,4.492180824279785,4.564616042794957,4.487392011227204,4.549650088556286,43376000
2582,1996-05-29,4.487391471862793,4.5304931225857485,4.468235052739809,4.496969681424285,33569600
2583,1996-05-30,4.5304951667785645,4.5304951667785645,4.468237068841312,4.4921823112455534,33824000
2584,1996-05-31,4.549646854400635,4.573592656464224,4.520912242688631,4.542462909169048,40259200
2585,1996-06-03,4.535280704498291,4.578382337970522,4.525702498770319,4.549647720786607,31684800
2586,1996-06-04,4.516126155853272,4.554438994568431,4.453867500637374,4.544860784889641,65852800
2587,1996-06-05,4.631062984466553,4.645430001445719,4.516124510203978,4.520913320994596,50968000
2588,1996-06-06,4.59035587310791,4.7124783169170925,4.587961613421316,4.664587277111025,88136000
2589,1996-06-07,4.645431041717529,4.645431041717529,4.506547313186397,4.506547313186397,70198400
2590,1996-06-10,4.621484756469727,4.645429979524446,4.596940018620085,4.635851773381097,45819200
2591,1996-06-11,4.678955078125,4.722056723459345,4.621485827940911,4.626274639819196,65259200
2592,1996-06-12,4.789103984832764,4.803471589090972,4.702900113105773,4.707689509394316,88844800
2593,1996-06-13,4.77473783493042,4.822628883502403,4.741213808626269,4.793894254359213,62577600
2594,1996-06-14,4.712478160858154,4.789103822010319,4.707689349339844,4.779525614366299,55944000
2595,1996-06-17,4.77473783493042,4.789104857198251,4.688533947500852,4.717268576644041,57499200
2596,1996-06-18,4.688534259796143,4.769948755487631,4.674166651963783,4.769948755487631,74585600
2597,1996-06-19,4.664588451385498,4.717268900737783,4.650221428130599,4.693323082502862,73409600
2598,1996-06-20,4.664588451385498,4.6927241520508005,4.559228137288494,4.674166661757953,102228800
2599,1996-06-21,4.746004104614258,4.755582316142634,4.655010802790865,4.688534835444,56806400
2600,1996-06-24,4.755579471588135,4.793892294784787,4.712477253188257,4.750790076384909,48102400
2601,1996-06-25,4.674165725708008,4.760369601796884,4.650220496875933,4.760369601796884,41145600
2602,1996-06-26,4.616697788238525,4.674167055312034,4.559228521165017,4.669378242026383,71457600
2603,1996-06-27,4.595146656036377,4.635853757262277,4.559228075324057,4.6166973367777215,77582400
2604,1996-06-28,4.602329730987549,4.635853170287122,4.564016894869473,4.616696752228084,52000000
2605,1996-07-01,4.686135768890381,4.693319713817144,4.60232707289365,4.60711588233887,47862400
2606,1996-07-02,4.659797668457031,4.698110493749145,4.645430066668829,4.688532287426117,38548800
2607,1996-07-03,4.640644550323486,4.707692042183418,4.621488124077791,4.659800976569181,44243200
2608,1996-07-05,4.535280704498291,4.602328144594093,4.535280704498291,4.602328144594093,35331200
2609,1996-07-08,4.609513282775879,4.626275442625396,4.525704529654703,4.54007155239014,64432000
2610,1996-07-09,4.597539901733398,4.650220338744475,4.597539901733398,4.631063922487252,35571200
2611,1996-07-10,4.578383922576904,4.597540340663,4.525704065143883,4.597540340663,77980800
2612,1996-07-11,4.386819362640381,4.535281882282365,4.3580847379942655,4.530492485870961,140915200
2613,1996-07-12,4.305406093597412,4.413160966266051,4.232970289029228,4.413160966266051,139478400
2614,1996-07-15,4.238358020782471,4.358085347927264,4.2096233921148185,4.30540548767366,111832000
2615,1996-07-16,4.420344352722168,4.429922563037268,4.118630435492754,4.223990748958848,182100800
2616,1996-07-17,4.487391471862793,4.525704310108761,4.429922214493841,4.5113367034627645,126208000
2617,1996-07-18,4.592751502990723,4.597540315181963,4.439500159151324,4.492180016292376,98537600
2618,1996-07-19,4.635253429412842,4.659798170366651,4.511335664065065,4.511335664065065,99208000
2619,1996-07-22,4.587963581085205,4.655011065568705,4.516127282871005,4.6364535719887146,144475200
2620,1996-07-23,4.2958269119262695,4.59754019491375,4.223990054077008,4.59754019491375,257678400
2621,1996-07-24,4.396397590637207,4.434710423671082,4.195255217209361,4.195255217209361,192225600
2622,1996-07-25,4.540071964263916,4.549650175158988,4.41076640948425,4.444289855313201,100920000
2623,1996-07-26,4.5640177726745605,4.57838479667833,4.53049374231977,4.57838479667833,59304000
2624,1996-07-29,4.477812767028809,4.592751269053837,4.473023370474039,4.568805455494896,56748800
2625,1996-07-30,4.544860363006592,4.549649175097697,4.449078275109798,4.516125736637554,66976000
2626,1996-07-31,4.516126155853272,4.583173623604802,4.506547946174481,4.559227807104064,56320000
2627,1996-08-01,4.621484756469727,4.631062962613076,4.496968076606185,4.516124488892884,96025600
2628,1996-08-02,4.726845741271973,4.74600215646536,4.621485457708343,4.678954703288505,109289600
2629,1996-08-05,4.664588451385498,4.741214134365136,4.645432030640588,4.731635923992681,55072000
2630,1996-08-06,4.750791549682617,4.755580946371112,4.631064232367335,4.659798858675899,67388800
2631,1996-08-07,4.779526233673096,4.793893839304508,4.7076899593384605,4.765159212649159,76790400
2632,1996-08-08,4.798681735992432,4.822627545940787,4.741212493645216,4.755580096535702,54379200
2633,1996-08-09,4.769949436187744,4.808262283064754,4.746004199193437,4.779527647906996,44313600
2634,1996-08-12,4.798681735992432,4.832205752998656,4.750790700703086,4.760368907760955,66187200
2635,1996-08-13,4.731636047363281,4.822629340577905,4.726847234355976,4.789105311096439,72508800
2636,1996-08-14,4.784316539764404,4.793894750470032,4.74121429928529,4.746003696941897,52032000
2637,1996-08-15,4.793894767761231,4.817840002307873,4.7651601355407065,4.779527159347174,35556800
2638,1996-08-16,4.760368347167969,4.798681170887631,4.741211935308138,4.79389236022632,47598400
2639,1996-08-19,4.731636047363281,4.755581866222554,4.683744994252317,4.7460036556003615,43131200
2640,1996-08-20,4.726845741271973,4.7555803640620535,4.722056345169928,4.7412127603633145,25678400
2641,1996-08-21,4.731636047363281,4.731636047363281,4.664588573007931,4.69332320487451,49345600
2642,1996-08-22,4.789103984832764,4.793893381121306,4.73163473701477,4.755580549242644,50236800
2643,1996-08-23,4.722057819366455,4.789105293475107,4.722057819366455,4.784316480485421,44006400
2644,1996-08-26,4.707687377929688,4.7412107983416565,4.702897983809603,4.726843785195714,31944000
2645,1996-08-27,4.779526233673096,4.779526233673096,4.71247877147728,4.717268168223577,28038400
2646,1996-08-28,4.81304931640625,4.817838127609138,4.784314695366832,4.78910350656972,32070400
2647,1996-08-29,4.755579471588135,4.798681105380725,4.736423059989809,4.798681105380725,34182400
2648,1996-08-30,4.69332218170166,4.760369641440255,4.69332218170166,4.760369641440255,28088000
2649,1996-09-03,4.726845741271973,4.726845741271973,4.621485457708343,4.67416530718646,48524800
2650,1996-09-04,4.726845741271973,4.736423948868667,4.710083877977759,4.726845741271973,27126400
2651,1996-09-05,4.655007839202881,4.702898866355174,4.655007839202881,4.702898866355174,40372800
2652,1996-09-06,4.69332218170166,4.702900390235745,4.65979874413609,4.67416576463349,41921600
2653,1996-09-09,4.784316539764404,4.789105352813424,4.683745035051529,4.693323245757156,41747200
2654,1996-09-10,4.765159130096436,4.793893756253979,4.736424503938891,4.779526150871474,38904000
2655,1996-09-11,4.793894767761231,4.808261791567698,4.736425503320183,4.748398266745401,36387200
2656,1996-09-12,4.927989482879639,4.961512632273963,4.796288806997175,4.808261276836929,95944000
2657,1996-09-13,5.018982410430908,5.033350311098888,4.9375682040295965,4.966302836150384,80137600
2658,1996-09-16,5.038137912750244,5.1003968555951325,5.018981494831041,5.023771183918322,62409600
2659,1996-09-17,5.129131317138672,5.157865943091228,5.066872376300672,5.090818482535264,75624000
2660,1996-09-18,5.2297043800354,5.2823851369695,5.105187609082177,5.133922248532921,86049600
2661,1996-09-19,5.277592658996582,5.296749075181688,5.20096699425616,5.229701618533818,75912000
2662,1996-09-20,5.291960716247559,5.311117133013677,5.205756840800027,5.248858193916347,104849600
2663,1996-09-23,5.277592658996582,5.291960555742839,5.220123410441266,5.272804139557733,46385600
2664,1996-09-24,5.244072437286377,5.301541717863677,5.215337796997727,5.268017386252499,72520000
2665,1996-09-25,5.196180820465088,5.282384732212031,5.186602608048761,5.268016828979849,44067200
2666,1996-09-26,5.057292938232422,5.215333927159504,5.047714731910012,5.20096603306857,92604800
2667,1996-09-27,5.148286819458008,5.181809959170608,5.028558647993658,5.076449682736455,98372800
2668,1996-09-30,5.0525078773498535,5.167446431876688,5.047718186303515,5.114765676444169,89574400
2669,1996-10-01,5.062084197998047,5.129131663076068,5.014193151513747,5.0477162994452565,69124800
2670,1996-10-02,5.162655830383301,5.200968675135682,5.071663408704013,5.090819831080204,68760000
2671,1996-10-03,5.133919715881348,5.177022238401978,5.119552987851067,5.162654341156803,58294400
2672,1996-10-04,5.224913120269775,5.234491328401145,5.1434977665457,5.157865663350185,45166400
2673,1996-10-07,5.268013954162598,5.291960056743436,5.205756192038957,5.224912606417731,42432000
2674,1996-10-08,5.186601161956787,5.277593569934333,5.172233262730562,5.277593569934333,48465600
2675,1996-10-09,5.153076648712158,5.215335594317117,5.1051856017910415,5.210545905017499,64955200
2676,1996-10-10,5.124343395233154,5.215336993401032,5.109976661910257,5.124343395233154,51739200
2677,1996-10-11,5.253648281097412,5.258436801044608,5.143498291732158,5.157866190003704,36523200
2678,1996-10-14,5.234491348266602,5.291960597272923,5.224913140098881,5.263225972769762,36091200
2679,1996-10-15,5.320694446563721,5.33027265333592,5.263225205930529,5.315904758570275,61206400
2680,1996-10-16,5.287172794342041,5.323091087781864,5.248859948006229,5.3159074290939,36427200
2681,1996-10-17,5.191389083862305,5.325484004847678,5.191389083862305,5.29674937892224,49097600
2682,1996-10-18,5.162655830383301,5.1722340415713965,5.117159327239849,5.133921196819015,69646400
2683,1996-10-21,5.133919715881348,5.210545383282562,5.114763299031043,5.162654341156803,71401600
2684,1996-10-22,5.076449871063232,5.109974181234237,5.028558834543769,5.100395973930344,113806400
2685,1996-10-23,5.153076648712158,5.162654858096382,5.047716345485702,5.08124066293799,67443200
2686,1996-10-24,5.234491348266602,5.263225972769762,5.129131058421677,5.167443891092558,81417600
2687,1996-10-25,5.227306365966797,5.282381639725423,5.215334192063,5.2344906056808345,53084800
2688,1996-10-28,5.234491348266602,5.272804180937483,5.220123451407589,5.236885315701099,51240000
2689,1996-10-29,5.186601161956787,5.263226839923165,5.167444742465192,5.244070420431571,66756800
2690,1996-10-30,5.220124244689941,5.2488588735597945,5.167444676369399,5.186601095615967,60526400
2691,1996-10-31,5.258437633514404,5.263227323434841,5.215336270306294,5.224914480932004,37028800
2692,1996-11-01,5.263225555419922,5.315905111557703,5.229701244883794,5.25843586710843,56531200
2693,1996-11-04,5.287172794342041,5.301540696325611,5.239281736422276,5.258438159590182,36006400
2694,1996-11-05,5.4212646484375,5.4212646484375,5.299142520756266,5.306326175325751,86417600
2695,1996-11-06,5.536203384399414,5.536203384399414,5.402108492735761,5.4164763871642,71438400
2696,1996-11-07,5.497891426086426,5.598463195317383,5.483524698604775,5.545782466383345,76742400
2697,1996-11-08,5.497891426086426,5.497891426086426,5.4212657616113535,5.493102906664159,67369600
2698,1996-11-11,5.502682209014893,5.545783569246051,5.478736099496962,5.493103999050738,38593600
2699,1996-11-12,5.430843353271484,5.588884352921135,5.421265146299224,5.517047216021825,81156800
2700,1996-11-13,5.555361747741699,5.584096377471398,5.483525758024991,5.502682177844791,90409600
2701,1996-11-14,5.73255729675293,5.73255729675293,5.564938094831389,5.564938094831389,114969600
2702,1996-11-15,5.708611965179443,5.780449109751372,5.646354197817626,5.775659421146316,104041600
2703,1996-11-18,5.761294364929199,5.813973939576419,5.694246889513986,5.722981521834791,98585600
2704,1996-11-19,5.972016334533691,5.972016334533691,5.756505959431448,5.766084172342316,104739200
2705,1996-11-20,5.871442317962647,6.053428295191504,5.871442317962647,5.976802620568828,123857600
2706,1996-11-21,5.761294364929199,5.9241239480804335,5.746926464161206,5.9193342580860415,130718400
2707,1996-11-22,5.766081809997559,5.842707481891214,5.72298045416486,5.775660018984266,94424000
2708,1996-11-25,5.881018161773682,5.88580784911855,5.766079696071265,5.790025794366536,75129600
2709,1996-11-26,5.890597820281982,5.952856755835463,5.837918261781181,5.900176028119839,108238400
2710,1996-11-27,5.957645416259766,5.967223624324491,5.890597959806681,5.904965856511196,44446400
2711,1996-11-29,6.010325908660889,6.019904116348623,5.957645181770945,5.957645181770945,17152000
2712,1996-12-02,6.043848991394043,6.043848991394043,5.948066915460698,6.034270783800708,64502400
2713,1996-12-03,5.926516532897949,6.110897047254774,5.9241225653709,6.067795693441153,77563200
2714,1996-12-04,5.871442317962647,5.948067992585323,5.828340960594893,5.943279472528909,102542400
2715,1996-12-05,5.861865997314453,5.952859599854314,5.818764626059538,5.8762339005430135,74950400
2716,1996-12-06,5.85707426071167,5.919332022620536,5.680475481659209,5.70861146518097,110238400
2717,1996-12-09,6.264146327972412,6.273724533366866,5.976800166138816,6.005534782322175,94718400
2718,1996-12-10,6.273724555969238,6.479656557299157,6.264146350540277,6.465288664548451,125725600
2719,1996-12-11,6.388665676116943,6.407822094935885,6.139632231470706,6.206679697337001,113558400
2720,1996-12-12,6.206678867340088,6.53233794371287,6.206678867340088,6.513181527455648,78272800
2721,1996-12-13,6.130054950714111,6.283306324481964,6.071388409193605,6.216258848458528,74532000
2722,1996-12-16,5.881018161773682,6.187520736980128,5.861861750823279,6.149207915079322,64883200
2723,1996-12-17,6.1204752922058105,6.139631709395813,5.852285451545775,5.8714418687357774,68944800
2724,1996-12-18,6.33119535446167,6.3407735622596455,6.130052990704189,6.235413276481917,61796800
2725,1996-12-19,6.503605365753174,6.522761788038162,6.35993219861577,6.436557887755719,94609600
2726,1996-12-20,6.407820224761963,6.561071530585866,6.388663811533975,6.551493323971872,90414400
2727,1996-12-23,6.417400360107422,6.494026036049003,6.350352893658538,6.446134988585515,36892800
2728,1996-12-24,6.503605365753174,6.522761788038162,6.369510409758264,6.446136098898212,16246400
2729,1996-12-26,6.551490783691406,6.599381798192074,6.522756174991006,6.532334377891139,27905600
2730,1996-12-27,6.455711364746094,6.570649846017537,6.43775222704743,6.551493432472297,19079200
2731,1996-12-30,6.398241996765137,6.56107150865886,6.398241996765137,6.541915095494893,27279200
2732,1996-12-31,6.33119535446167,6.455712055835349,6.321617146663695,6.436555640239399,34367200
2733,1997-01-02,6.254573345184326,6.369511905892155,6.187525851438093,6.369511905892155,54480800
2734,1997-01-03,6.4844489097595215,6.494027120852224,6.283306476812772,6.302462898998177,44131200
2735,1997-01-06,6.4652910232543945,6.532338485717773,6.369508934020995,6.484447441101074,55948000
2736,1997-01-07,6.51318359375,6.52276180491728,6.388666848575368,6.474870749080883,36880800
2737,1997-01-08,6.388665676116943,6.53114154108282,6.369509257298002,6.513182398440063,50593600
2738,1997-01-09,6.312041759490967,6.417402092350452,6.302463547412832,6.417402092350452,47763200
2739,1997-01-10,6.455711364746094,6.465289571518714,6.254569022521067,6.283303642838928,66556800
2740,1997-01-13,6.417400360107422,6.551495293005188,6.398243941122026,6.522760664527096,50361600
2741,1997-01-14,6.541917324066162,6.637699422515154,6.455713435462069,6.455713435462069,63728000
2742,1997-01-15,6.4844489097595215,6.6089656539646535,6.465292487574117,6.561074598501141,53058400
2743,1997-01-16,6.589811325073242,6.67601525229077,6.513185611990995,6.513185611990995,58688000
2744,1997-01-17,6.676011562347412,6.723902606553635,6.551494847411234,6.561073056252479,65368800
2745,1997-01-20,6.953780174255371,7.1166097375643815,6.637699257243764,6.666433886063,146220800
2746,1997-01-21,7.279439449310303,7.284229138818696,6.867576427836167,6.94420210624996,114592000
2747,1997-01-22,7.461423397064209,7.547627261728622,7.250702838995644,7.289015667735383,129236800
2748,1997-01-23,7.260282516479492,7.6434108814652175,7.241126098230207,7.518894162844857,105048000
2749,1997-01-24,7.35127592086792,7.490159365414549,7.231547724920696,7.289016978363775,89817600
2750,1997-01-27,7.365644454956055,7.4626238439111,7.317753398681957,7.394379088720512,53263200
2751,1997-01-28,7.327329158782959,7.566784360050376,7.260281702428083,7.538049735898286,64656800
2752,1997-01-29,7.451844215393066,7.461422421325449,7.336905744204485,7.41353139166354,48933600
2753,1997-01-30,7.74876594543457,7.758344148086529,7.509310879135603,7.52846728443952,79937600
2754,1997-01-31,7.815821647644043,7.911603775678897,7.729617732412675,7.806243434840558,86516000
2755,1997-02-03,7.844553470611572,7.922376421708909,7.748771376953312,7.863709889343225,60804800
2756,1997-02-04,7.90202522277832,7.911603435169567,7.700882762562145,7.844555948430842,56464000
2757,1997-02-05,7.538051128387451,7.930757731009923,7.423112610546727,7.902023101549742,110099200
2758,1997-02-06,7.442267417907715,7.538049495358265,7.35606354820222,7.52847128761321,102122400
2759,1997-02-07,7.691303253173828,7.700881463949885,7.471004405324516,7.538051880756915,62448000
2760,1997-02-10,7.490157604217529,7.777503803867819,7.48057939756252,7.72003456393776,66804800
2761,1997-02-11,7.5476274490356445,7.557205656458279,7.2890158486245245,7.528471034190376,88834400
2762,1997-02-12,7.652987003326416,7.662565209838715,7.471001079592747,7.538048525178835,72001600
2763,1997-02-13,7.662567615509033,7.74877150118351,7.614676567912102,7.700880453586579,58292000
2764,1997-02-14,7.499739646911621,7.700882089549098,7.480583223803291,7.614678185561608,57395200
2765,1997-02-18,7.461423397064209,7.499736225803948,7.375219532399796,7.480579811434079,52545600
2766,1997-02-19,7.471004962921143,7.518896020375766,7.394379270993746,7.461426751430218,56383200
2767,1997-02-20,7.298595905303955,7.4710036825946,7.289017695454475,7.423112633347198,75395200
2768,1997-02-21,7.279439449310303,7.308174078715474,7.202813770896509,7.269861239508578,61131200
2769,1997-02-24,7.672145843505859,7.681724053048313,7.2028135759256005,7.221969995010509,68599200
2770,1997-02-25,7.624258041381836,7.740393881522231,7.576366973282703,7.662570895861141,63941600
2771,1997-02-26,7.681721210479736,7.69129941647784,7.53804812050817,7.62425197449111,48849600
2772,1997-02-27,7.365644454956055,7.681725426365092,7.356066243701235,7.681725426365092,56628800
2773,1997-02-28,7.471004962921143,7.538052443357614,7.312965057928523,7.3656446365209725,78412000
2774,1997-03-03,7.624258041381836,7.672149109480967,7.403959128125828,7.432693768985307,53874400
2775,1997-03-04,7.595518589019775,7.672144249438638,7.557205758810344,7.605096796572133,63920800
2776,1997-03-05,7.7296142578125,7.739192466310409,7.605097547339684,7.624253964335502,46393600
2777,1997-03-06,7.490157604217529,7.72961277059277,7.488960328385653,7.72003456393776,57018400
2778,1997-03-07,7.413533210754394,7.62425379297222,7.394376794189138,7.538049918428564,46032000
2779,1997-03-10,7.662567615509033,7.672145825028419,7.351276390736493,7.442268796563148,45997600
2780,1997-03-11,7.538051128387451,7.705670384846039,7.53805112838745,7.633833226588053,47577600
2781,1997-03-12,7.56678581237793,7.624255071712445,7.490160133265241,7.490160133265241,43234400
2782,1997-03-13,7.633831024169922,7.672143852396622,7.509314332433148,7.528470746546498,45505600
2783,1997-03-14,7.5859375,7.681719539141414,7.576359296085858,7.643406723484849,61327200
2784,1997-03-17,7.700878620147705,7.720035034625684,7.509314475367911,7.547627304323869,83958400
2785,1997-03-18,7.633831024169922,7.724824575815698,7.576361781829872,7.710456680623322,59012000
2786,1997-03-19,7.413533210754394,7.528471710145935,7.274649775263722,7.490158877015422,111560000
2787,1997-03-20,7.3560662269592285,7.490161184221506,7.308175170794129,7.403957283124328,81410400
2788,1997-03-21,7.202809810638428,7.442264924024014,7.116605969819617,7.394373901346896,85829600
2789,1997-03-24,6.905887126922607,7.16449871142595,6.714322990253464,7.135764090925579,186269600
2790,1997-03-25,6.920257091522217,7.001671289348982,6.810107095385946,6.944202031160071,89701600
2791,1997-03-26,7.221970558166504,7.25070518903454,6.944202459775484,6.9537806700648295,81270400
2792,1997-03-27,7.183655261993408,7.365641195297241,6.972934707641601,7.289015539169311,93919200
2793,1997-03-31,7.025619029998779,7.241128213654649,6.992094703661236,7.13576788250359,93825600
2794,1997-04-01,7.145345211029053,7.183658053983633,6.877155310346998,6.905889942562932,86680800
2795,1997-04-02,7.049560546875,7.174077241317086,6.972934888756794,7.116607997728432,63331200
2796,1997-04-03,7.2890191078186035,7.308175531229428,6.944203486423769,6.972938121540005,92252800
2797,1997-04-04,7.2171807289123535,7.413533419631043,7.183656414371166,7.183656414371166,94964000
2798,1997-04-07,7.346484184265137,7.48057907159201,7.2794367406017,7.327327771789869,76511200
2799,1997-04-08,7.528476238250732,7.528476238250732,7.31775552929206,7.403959455684244,53339200
2800,1997-04-09,7.50931978225708,7.60510192233689,7.490163354241118,7.595523708328909,73762400
2801,1997-04-10,7.413533210754394,7.490158877015422,7.31775112792811,7.490158877015422,67913600
2802,1997-04-11,7.279439449310303,7.451847225741336,7.274650929016972,7.317752288517198,60033600
2803,1997-04-14,7.461423397064209,7.461423397064209,7.154920767146296,7.260281046180578,59107200
2804,1997-04-15,7.442267417907715,7.58594053408354,7.346485340457165,7.4997366643780445,84440000
2805,1997-04-16,7.528476238250732,7.5476326663378845,7.375224813553516,7.403959455684244,42710400
2806,1997-04-17,7.518895149230957,7.662568304948746,7.471004097325027,7.547629780374514,71720800
2807,1997-04-18,8.246837615966797,8.246837615966797,7.892443897278328,7.969069566183943,231764000
2808,1997-04-21,8.246837615966797,8.57249670881566,8.131899112608375,8.198946572900788,155695200
2809,1997-04-22,8.476715087890625,8.491082986206406,8.237259859419138,8.246838068557997,82300000
2810,1997-04-23,8.821531295776367,8.86942234515626,8.457559320489176,8.476715740241135,102814400
2811,1997-04-24,8.744905471801758,9.032251763317698,8.63954516491258,8.936469666145717,118163200
2812,1997-04-25,8.706589698791504,8.840684589641977,8.677855079323544,8.697011492302183,58566400
2813,1997-04-28,8.802374839782715,8.816742739145063,8.553341384032604,8.716170951253831,67224000
2814,1997-04-29,9.118453979492188,9.12803218745384,8.92688982025916,8.993937275990719,73953600
2815,1997-04-30,9.310015678405762,9.39621952727989,9.070560542644296,9.089716953505214,90204000
2816,1997-05-01,9.27170467376709,9.44411240530408,9.13760977146054,9.348330332227974,72325600
2817,1997-05-02,9.252549171447754,9.463269752992112,9.113665736400955,9.348331253967917,96192000
2818,1997-05-05,9.209449768066406,9.252551129715282,8.850266297988531,9.166347237202409,111063200
2819,1997-05-06,8.989148139953613,9.1759225977855,8.9173110005619,9.147187975871766,74770400
2820,1997-05-07,8.850268363952637,9.118458314375443,8.821533726407337,8.917315851558339,70532800
2821,1997-05-08,8.917313575744629,9.05140851673327,8.821531475038457,8.831109685109075,53834400
2822,1997-05-09,8.946049690246582,9.080144653483682,8.869423996968239,9.041831806844511,58392000
2823,1997-05-12,9.051405906677246,9.080140528603206,8.965202040899367,9.00351487013398,42976000
2824,1997-05-13,9.022669792175291,9.137608260865424,8.955622352106051,9.070560820796182,49813600
2825,1997-05-14,8.878998756408691,9.089719330994445,8.85984234053726,9.070562915123013,60744800
2826,1997-05-15,8.97478199005127,9.032251245056935,8.878999898375163,8.888578107542774,41861600
2827,1997-05-16,8.845479011535645,8.965206072121937,8.802376474658184,8.917315014044362,59913600
2828,1997-05-19,8.821531295776367,8.974782653792026,8.821531295776367,8.898156974784197,45632000
2829,1997-05-20,9.128034591674805,9.137612802159248,8.831110066657052,8.87900111907927,64876800
2830,1997-05-21,9.223819732666016,9.420173696837283,9.175928664479796,9.242976159940504,76620000
2831,1997-05-22,9.242968559265137,9.31959420535231,9.17592111893886,9.271703176547827,33655200
2832,1997-05-23,9.415374755859377,9.424952960087106,9.262123488215684,9.300436305126606,28904800
2833,1997-05-27,9.702720642089844,9.760189866031146,9.377061706422465,9.405796318393117,69036000
2834,1997-05-28,9.645258903503418,9.750619229162345,9.56863321211511,9.750619229162345,52241600
2835,1997-05-29,9.645258903503418,9.889503294803657,9.578211423538647,9.750619229162345,51111200
2836,1997-05-30,9.501583099365234,9.626099813369011,9.003516243350122,9.003516243350122,83337600
2837,1997-06-02,9.530317306518556,9.616521181652894,9.434535223035956,9.578208348259857,38939200
2838,1997-06-03,9.252549171447754,9.463269752992112,9.242970963195738,9.453691544740096,41995200
2839,1997-06-04,9.132821083068848,9.367486573146646,9.060983944986427,9.242969880456558,54639200
2840,1997-06-05,9.238182067871094,9.310018042231516,9.156766716433468,9.215433239590531,35892000
2841,1997-06-06,9.506372451782228,9.525528868643033,9.27170576062991,9.30044038592112,35964000
2842,1997-06-09,9.587788581848145,9.664414264819955,9.386646164047134,9.56863216110519,48200000
2843,1997-06-10,9.563841819763184,9.73624957362678,9.482426462497918,9.587786756525672,53135200
2844,1997-06-11,9.73146152496338,9.760196155450476,9.46806133010588,9.563843431729536,49056800
2845,1997-06-12,9.73146152496338,9.817665416424669,9.606944792852628,9.712305104638649,44614400
2846,1997-06-13,9.93260383605957,9.966127571282527,9.697938274106404,9.71230500459441,50116000
2847,1997-06-16,10.066694259643556,10.066694259643556,9.875130144331594,9.932599378925184,40612800
2848,1997-06-17,10.282208442687988,10.339677702730958,10.028385877498206,10.076276927534014,53191200
2849,1997-06-18,9.97570514678955,10.229527697331964,9.96612693733512,10.210371278423102,55657600
2850,1997-06-19,9.908658981323242,10.018808404508569,9.808087768849688,9.836822400984987,65519200
2851,1997-06-20,9.95175838470459,10.06669688385421,9.846398093817438,9.913445551654716,64240000
2852,1997-06-23,9.812875747680664,10.076276512015674,9.808086642874573,9.951759787057306,35724800
2853,1997-06-24,10.119379043579102,10.124168148663616,9.836821843592746,9.923025735114008,39319200
2854,1997-06-25,9.994861602783203,10.210371316307516,9.946970555333357,10.18163668783761,49576000
2855,1997-06-26,9.827241897583008,10.023595171365123,9.79850727215148,9.970915024740654,37312000
2856,1997-06-27,9.76977252960205,9.961336696849148,9.75061611287734,9.894289238312664,38198400
2857,1997-06-30,9.683571815490724,9.86555783378382,9.669205082864693,9.798510353360047,38286400
2858,1997-07-01,9.5734224319458,9.721884117106825,9.4441159994752,9.688360963379576,59377600
2859,1997-07-02,9.836821556091309,9.846399765980394,9.50637389952538,9.626100938531415,53237600
2860,1997-07-03,9.927816390991213,9.966129237652057,9.846401591836916,9.966129237652057,28764000
2861,1997-07-07,9.92302417755127,10.09543193353189,9.91344596888568,10.00922805554158,39320000
2862,1997-07-08,10.05711555480957,10.061904657454718,9.879918756939116,9.913442475455147,36007200
2863,1997-07-09,10.018804550170898,10.16247765557488,9.92302247990158,10.152899448547949,48266400
2864,1997-07-10,9.95175838470459,10.05711867559174,9.875132718604842,9.99964942601693,43780800
2865,1997-07-11,9.942180633544922,10.04275182492471,9.841609442165131,9.98049346835627,38094400
2866,1997-07-14,10.416302680969238,10.421091785650145,9.999650573730468,10.023596097134996,57424000
2867,1997-07-15,10.610262870788574,10.67012668748226,10.46898426339148,10.57913368610786,75503200
2868,1997-07-16,11.374120712280272,11.45553547106291,10.727591745476971,10.909577676873456,111217600
2869,1997-07-17,11.455538749694824,11.55132084626418,11.225661717928372,11.532164426950308,131668000
2870,1997-07-18,10.765909194946287,11.292710801460563,10.727596350836158,11.11072479193745,158927200
2871,1997-07-21,10.416302680969238,10.804220160122576,10.248684017137547,10.794641950760765,127223200
2872,1997-07-22,11.043673515319824,11.09635365784737,10.478559259115254,10.488137466847537,101384000
2873,1997-07-23,10.83774471282959,11.254396851590602,10.80422097752698,11.129880120466622,95556000
2874,1997-07-24,10.574345588684082,10.756331608779188,10.392359568588976,10.60308022343594,141855200
2875,1997-07-25,10.612652778625488,10.899998972992604,10.51687071383645,10.612652778625488,90308800
2876,1997-07-28,10.497718811035156,10.67970481232135,10.401936705095055,10.67012660172734,56404000
2877,1997-07-29,10.722806930541992,10.732385141288344,10.43067150277823,10.478562556509994,79061600
2878,1997-07-30,10.813797950744627,10.880845413681042,10.698859442853632,10.78506332377188,78324000
2879,1997-07-31,10.832950592041016,10.890419825951048,10.794637769434328,10.880841620299377,42240800
2880,1997-08-01,10.775485038757324,10.866478023529051,10.665335636138916,10.832954292297362,58912800
2881,1997-08-04,10.847317695617676,10.880841414765282,10.684488202615029,10.746746538174865,46312800
2882,1997-08-05,10.981416702270508,11.062831479391573,10.880845507003311,10.900001925149445,59333600
2883,1997-08-06,10.99098777770996,11.081980704845686,10.899994850574236,10.981409574853569,43410400
2884,1997-08-07,11.029306411743164,11.062830139438432,10.880844189092691,11.058041035481963,43947200
2885,1997-08-08,10.727594375610352,10.967049607208796,10.727594375610352,10.94310408404895,66815200
2886,1997-08-11,10.593497276306152,10.746748593142408,10.449824166772164,10.727592178537876,72696000
2887,1997-08-12,10.421090126037598,10.708436361130545,10.406722814282949,10.67970173762125,60887200
2888,1997-08-13,10.425870895385742,10.593489398526993,10.325299793500992,10.583911198347492,66731200
2889,1997-08-14,10.440248489379885,10.47856132787302,10.27741892578405,10.421092070133314,45900800
2890,1997-08-15,10.181632041931152,10.421087169916364,10.172053836811743,10.38277434943873,51078400
2891,1997-08-18,10.258261680603027,10.258261680603027,10.037962877004643,10.1912142186383,69969600
2892,1997-08-19,10.63659954071045,10.65096685211168,10.315729586082984,10.325307793683804,91013600
2893,1997-08-20,10.770697593688965,10.780275804087978,10.497718597317125,10.650969963701316,51433600
2894,1997-08-21,10.564764022827148,10.909579530371824,10.536029397198424,10.852110279114378,64412000
2895,1997-08-22,10.516875267028809,10.536031688280229,10.277420001386076,10.36362389701746,72161600
2896,1997-08-25,10.4594087600708,10.65097302307576,10.392361268019066,10.56476910472353,38856800
2897,1997-08-26,10.344464302062988,10.48813741736942,10.325307886688798,10.421089963559751,34327200
2898,1997-08-27,10.310940742492676,10.368409989547906,10.191213144460944,10.363620885626638,49371200
2899,1997-08-28,10.119379043579102,10.248684880860992,10.114589938494587,10.229528460522934,43641600
2900,1997-08-29,10.128954887390137,10.258260694463202,10.095431159630452,10.119376679458798,37857600
2901,1997-09-02,10.5120849609375,10.536030484766515,10.191214941628704,10.200793151160308,50112800
2902,1997-09-03,10.46419620513916,10.641393120283391,10.435461570250906,10.545611003989212,42872800
2903,1997-09-04,10.58871078491211,10.612656309075184,10.401935696440118,10.42109211577058,44476000
2904,1997-09-05,10.521662712097168,10.703648685269537,10.44024793462532,10.65575763969786,48398400
2905,1997-09-08,10.674917221069336,10.713230068879366,10.555189571662996,10.555189571662996,42416000
2906,1997-09-09,10.68928050994873,10.746749760002215,10.603076634868495,10.670124093264231,39465600
2907,1997-09-10,10.354042053222656,10.660544685695482,10.34925294959027,10.641388271165932,53294400
2908,1997-09-11,10.483348846435549,10.526450783218516,10.181635288954762,10.344464827912644,61779200
2909,1997-09-12,10.569552421569824,10.603076149232256,10.39235557535411,10.48813765438963,48576000
2910,1997-09-15,10.014018058776855,10.516874058858908,10.00922895401417,10.392357335029066,129003200
2911,1997-09-16,10.449824333190918,10.497715370464936,10.037961412634356,10.095430657363178,102538400
2912,1997-09-17,10.205581665039062,10.478560620884782,10.16247972464237,10.46898241190774,61609600
2913,1997-09-18,10.133744239807127,10.354043027629023,10.071485886727029,10.286995570465836,61077600
2914,1997-09-19,10.35883617401123,10.363625279963154,10.114591770463116,10.133748194270812,77435200
2915,1997-09-22,10.215158462524414,10.411511719422446,10.205580254870853,10.344464265847508,43251200
2916,1997-09-23,10.38277816772461,10.38277816772461,10.200792203530174,10.234315933776518,39946400
2917,1997-09-24,10.148115158081056,10.425883293601917,10.124169629156844,10.39235955310802,60040000
2918,1997-09-25,10.1720552444458,10.277415515339309,10.119375108999048,10.181633450890663,39272000
2919,1997-09-26,10.219948768615724,10.248683394956725,10.085853845691055,10.23910518617639,36652000
2920,1997-09-29,10.306153297424316,10.325309716192764,10.181636575429414,10.229527622350531,27505600
2921,1997-09-30,10.138535499572754,10.401936280147387,10.133746394471398,10.301365073018893,43892800
2922,1997-10-01,10.258261680603027,10.306152724863546,10.066697503560954,10.152901383229889,61466400
2923,1997-10-02,10.205581665039062,10.315731068275054,10.172057933619412,10.248683605435756,28831200
2924,1997-10-03,10.339674949645996,10.440246127942691,10.219947356435643,10.339674949645996,60284800
2925,1997-10-06,10.354042053222656,10.44024591860564,10.286994602369226,10.411511296811312,41776800
2926,1997-10-07,10.46419620513916,10.550400109803922,10.31573392488318,10.344468559771434,54548800
2927,1997-10-08,10.650968551635742,10.655757656200326,10.440247950794028,10.468982578181532,71196800
2928,1997-10-09,10.64617919921875,10.698859348202738,10.583920841328585,10.61265546804712,34672800
2929,1997-10-10,10.4594087600708,10.631816596775264,10.440252333770305,10.598292850749395,24893600
2930,1997-10-13,10.478556632995604,10.564760480981858,10.464189324997896,10.497713043659218,19051200
2931,1997-10-14,10.47377109527588,10.526451242531497,10.373199905060613,10.507294825347635,33361600
2932,1997-10-15,10.401935577392578,10.4210919965038,10.334888110503307,10.401935577392578,45003200
2933,1997-10-16,10.260650634765623,10.468976563639512,10.133739436716017,10.43066374913397,47327200
2934,1997-10-17,10.133744239807127,10.315730194964344,9.990071117314589,10.200791696970311,87720000
2935,1997-10-20,10.162483215332031,10.363625672939923,9.769776512383292,10.19121785213316,154052800
2936,1997-10-21,10.612652778625488,10.668924741689048,10.36840851341344,10.430666855526315,115682400
2937,1997-10-22,10.39714241027832,10.61265204107635,10.373196895745204,10.603073835263103,55775200
2938,1997-10-23,10.392359733581545,10.5168764861498,10.114591593236968,10.114591593236968,66413600
2939,1997-10-24,10.37320041656494,10.516873552528445,10.210370862472972,10.488138925335743,70030400
2940,1997-10-27,9.87513542175293,10.440249863928898,9.855978999984252,10.334889544201172,96795200
2941,1997-10-28,10.219948768615724,10.344465482760056,9.463270274969386,10.133744889592723,160057600
2942,1997-10-29,10.028388023376465,10.349258127276286,9.9709187510362,10.24868690068082,85532800
2943,1997-10-30,9.855977058410645,10.066697656355284,9.84639884941316,9.92302452139303,72097600
2944,1997-10-31,9.961337089538574,10.076275594417863,9.932602463318752,10.0379627594581,46808800
2945,1997-11-03,10.277419090270996,10.286997300047576,10.061909370297933,10.085854894739384,67714400
2946,1997-11-04,10.286994934082031,10.339675075737013,10.205580169706147,10.267838518934765,49134400
2947,1997-11-05,10.2343168258667,10.31573160641875,10.152902045314647,10.306153396942038,42512800
2948,1997-11-06,10.119379043579102,10.229528460522934,10.09543351815653,10.210372040184875,40266400
2949,1997-11-07,10.08106517791748,10.11458891010058,9.951759353782672,9.966126667575429,63628800
2950,1997-11-10,9.97570514678955,10.15290202169652,9.942181413699045,10.085854555515503,36764800
2951,1997-11-11,10.009227752685549,10.071486107128088,9.91344566892779,9.994860440121885,37013600
2952,1997-11-12,9.899078369140623,10.037962390768628,9.884711056558418,9.97091493205166,45784000
2953,1997-11-13,10.08106517791748,10.085854282515069,9.899079203209231,9.966126667575429,60094400
2954,1997-11-14,10.215158462524414,10.258260396965444,10.066696243894196,10.08585265920132,46663200
2955,1997-11-17,10.33488941192627,10.40672599263938,10.224739988166164,10.306154779641025,60094400
2956,1997-11-18,10.267839431762695,10.382777932864515,10.248683014912393,10.339675994951332,36683200
2957,1997-11-19,10.34925365447998,10.354042758438556,10.219947847598464,10.239104263432765,31720800
2958,1997-11-20,10.48814296722412,10.507299392735034,10.334891563136829,10.363626201403196,53680800
2959,1997-11-21,10.564764022827148,10.574342231370055,10.449825520312256,10.559974918555694,68220800
2960,1997-11-24,10.38277816772461,10.583920549202668,10.38277816772461,10.50729488006817,39084000
2961,1997-11-25,10.650968551635742,10.67012496989408,10.401935114277352,10.41151332340652,56463200
2962,1997-11-26,10.847317695617676,10.871263209294536,10.593495250642958,10.650964483467424,63053600
2963,1997-11-28,10.842529296875,10.899998533430876,10.813794678597064,10.823372884689707,17392800
2964,1997-12-01,11.019728660583496,11.034095973048402,10.852110015159584,10.876055535934428,49006400
2965,1997-12-02,10.900002479553224,11.101144880318264,10.88084606043274,11.000573679935744,50167200
2966,1997-12-03,11.086773872375488,11.115508491483157,10.804216784483414,10.856896919514138,57712000
2967,1997-12-04,10.923949241638184,11.177771823754284,10.900003715023455,11.091567927941268,62630400
2968,1997-12-05,10.967050552368164,11.091567283530422,10.890424871652929,10.890424871652929,48136000
2969,1997-12-08,11.196928024291992,11.235240866120192,10.96705097332278,10.995785604693932,49952800
2970,1997-12-09,11.058039665222168,11.139454422393571,10.995781321502855,11.110719802215431,51782400
2971,1997-12-10,10.900002479553224,10.976628156035142,10.80422038395082,10.90000247955322,66434400
2972,1997-12-11,10.655757904052734,10.804220149008076,10.641390590024798,10.756329102248287,70189600
2973,1997-12-12,10.478556632995604,10.612651507640887,10.42108740100477,10.555182275650052,54308000
2974,1997-12-15,10.430668830871582,10.497716288921264,10.191213623551295,10.45461435160361,84305600
2975,1997-12-16,10.655757904052734,10.756329102248287,10.344466100114117,10.41151356557782,65401600
2976,1997-12-17,10.392359733581545,10.756331779550298,10.382781521845525,10.71801893260622,51472000
2977,1997-12-18,10.028388023376465,10.325312597134507,9.990075175149622,10.306156173021083,98774400
2978,1997-12-19,9.860766410827637,9.975704921687212,9.67399133068083,9.865555515446786,138065600
2979,1997-12-22,9.73146152496338,9.961338568860151,9.645257633502087,9.894291097723594,59063200
2980,1997-12-23,9.448904991149902,9.82724371121383,9.424958880930223,9.736251298495336,67195200
2981,1997-12-24,9.11366367340088,9.492002229106076,9.041826543164618,9.482424023022215,88411200
2982,1997-12-26,9.252549171447754,9.252549171447754,9.099297839415494,9.10887604766751,32388800
2983,1997-12-29,9.678780555725098,9.712303701843911,9.357909977023178,9.377066394581057,67815200
2984,1997-12-30,9.980496406555176,10.03796567569081,9.673993637831792,9.688361539723337,77864800
2985,1997-12-31,9.903865814208984,10.076273536313202,9.88470940064185,10.037960709178932,46147200
2986,1998-01-02,10.04754638671875,10.07628102843482,9.923029605949118,9.932607819854477,39748000
2987,1998-01-05,9.990070343017578,10.239103736036231,9.79850619454169,10.05711779498414,80377600
2988,1998-01-06,10.04754638671875,10.191219595299096,9.903873178138406,9.942186033759832,67834400
2989,1998-01-07,9.927816390991213,10.052333142638954,9.76977589851523,9.951761920154238,61492800
2990,1998-01-08,9.999652862548828,10.12416961275298,9.769775785248855,9.855979689236346,77619200
2991,1998-01-09,9.73146152496338,10.07627709080854,9.645257633502087,9.966127673941337,87534400
2992,1998-01-12,9.92302417755127,9.96133701221363,9.530317622262078,9.549474039593258,78393600
2993,1998-01-13,10.124167442321776,10.133745651822554,9.817664738296898,9.92302504280545,66945600
2994,1998-01-14,10.04754638671875,10.15290673967767,9.903873178138406,10.1241720979616,54774400
2995,1998-01-15,10.138535499572754,10.191215655687682,9.951760400619833,9.990073241430688,50622400
2996,1998-01-16,10.363622665405272,10.37320087489271,10.138534742450538,10.143323847194257,72943200
2997,1998-01-20,10.55997371673584,10.574341027915072,10.267838389424782,10.277416596877602,64956000
2998,1998-01-21,10.497718811035156,10.607868232866274,10.392358494501044,10.516875232223178,85567200
2999,1998-01-22,10.622236251831056,10.718018364110865,10.368413654289554,10.387570076745517,159139200
3000,1998-01-23,10.593497276306152,10.68449024567768,10.47496696094061,10.631810105515216,63312000
3001,1998-01-26,10.861686706542969,10.871264913515228,10.609061497649607,10.718013601959068,74277600
3002,1998-01-27,11.125091552734377,11.177771710754213,10.847323446811606,10.909581815380502,97540800
3003,1998-01-28,11.417223930358888,11.455536762339957,11.149034106491396,11.206503354463004,79387200
3004,1998-01-29,11.359759330749512,11.50343250946894,11.30229005926174,11.41243949627997,73571200
3005,1998-01-30,11.43159294128418,11.493851302506089,11.31186532354974,11.388490998899782,50071200
3006,1998-02-02,11.867402076721191,11.886558496538337,11.532164729921158,11.62794682900688,98397600
3007,1998-02-03,11.94403076171875,11.963187186356633,11.785990258456232,11.886561487805109,61374400
3008,1998-02-04,12.015868186950684,12.106861210287496,11.881773205191172,11.944031589579517,61940800
3009,1998-02-05,11.910502433776855,12.164324962522402,11.857822286301364,12.116433919362864,67014400
3010,1998-02-06,12.116432189941406,12.126010397206183,11.886555215586789,11.90571163011634,50070400
3011,1998-02-09,12.044598579406738,12.173904409086257,11.924870959333113,12.164326199480364,54681600
3012,1998-02-10,12.202635765075684,12.221792179149586,12.011071624336662,12.049384452484466,48099200
3013,1998-02-11,12.178695678710938,12.264899580487109,12.03502250908399,12.21221941829056,76460000
3014,1998-02-12,12.16432762145996,12.1786949375483,11.98713072303712,12.111647462469389,76658400
3015,1998-02-13,12.0685453414917,12.164327447376554,12.058967130903214,12.154749236788067,42203200
3016,1998-02-17,11.829087257385254,12.145168131469232,11.790774424162954,12.145168131469232,85673600
3017,1998-02-18,11.848244667053224,11.95360496724529,11.781197203294637,11.848244667053224,76608800
3018,1998-02-19,11.867402076721191,11.958395070852628,11.81951102717833,11.915293126264054,73773600
3019,1998-02-20,11.886556625366213,11.934447667370105,11.714148874152198,11.915291250568549,86092000
3020,1998-02-23,12.509146690368652,12.518724903760972,12.164331008245169,12.403786343053143,120803600
3021,1998-02-24,12.58576488494873,13.016784230323688,12.547452054248737,12.77732903844871,118302000
3022,1998-02-25,13.016788482666016,13.026366693470038,12.729442158545352,12.786911423369489,94944400
3023,1998-02-26,13.102981567382812,13.131716176083216,12.94015211808054,13.102981567382812,61388000
3024,1998-02-27,12.988055229187012,13.1796194656057,12.959320593724208,13.112571982859158,47532400
3025,1998-03-02,12.7677583694458,13.160465115992896,12.729445516124132,13.160465115992896,50093600
3026,1998-03-03,12.94974422454834,12.959322437732176,12.652819615849376,12.662397829033214,50753600
3027,1998-03-04,12.614501953125,12.844378981883542,12.49956343874573,12.633658372188211,71513600
3028,1998-03-05,12.26968765258789,12.480408283623747,12.145170916066702,12.145170916066702,92255600
3029,1998-03-06,12.68154239654541,12.68154239654541,12.298414227465488,12.307992431692488,51404800
3030,1998-03-09,12.197848320007324,12.643235007781442,12.18348100749848,12.643235007781442,52256000
3031,1998-03-10,12.489980697631836,12.489980697631838,12.250525546220183,12.442089667349506,47406400
3032,1998-03-11,12.365470886230469,12.56661332512345,12.221797715592624,12.56661332512345,39838800
3033,1998-03-12,12.547449111938477,12.662387577086005,12.384619619646145,12.643231166228082,47962000
3034,1998-03-13,12.624083518981934,12.719865639763285,12.49956676196618,12.63366173106007,32542400
3035,1998-03-16,12.566612243652344,12.681550770271114,12.4708301381367,12.633659717513291,27979600
3036,1998-03-17,12.317574501037598,12.518716852920797,12.212214221479734,12.518716852920797,53842400
3037,1998-03-18,12.528292655944824,12.537870861339275,12.240946494111228,12.269681110294588,33887600
3038,1998-03-19,12.566612243652344,12.614503296410165,12.451673717033572,12.489986559239828,30299200
3039,1998-03-20,12.537882804870604,12.719868880724343,12.336740299979637,12.585773877463696,56310000
3040,1998-03-23,12.853954315185549,12.968892803845923,12.42293498270913,12.44209139748586,55050000
3041,1998-03-24,13.016788482666016,13.03594490427406,12.786911423369489,12.90184995301775,32281600
3042,1998-03-25,13.610638618469238,13.936297811310869,13.3711833296151,13.86925033043171,124244800
3043,1998-03-26,13.524433135986328,13.725575555147596,13.409494610751317,13.562745977731332,45441200
3044,1998-03-27,13.45738410949707,13.69683934276214,13.41907127217466,13.69683934276214,38924000
3045,1998-03-30,13.47653865814209,13.581898946158836,13.352021954122298,13.495695074145134,27463200
3046,1998-03-31,13.71599006652832,13.754302887943204,13.562738780868786,13.581895191576228,38177200
3047,1998-04-01,13.850088119506836,13.888400949712942,13.562741892961052,13.763884251543102,36835600
3048,1998-04-02,13.99376106262207,14.089543136972663,13.7734622916157,13.897978988271474,41414800
3049,1998-04-03,14.252374649047852,14.261952857817374,14.022497638579338,14.09912330873551,40987600
3050,1998-04-06,13.783044815063477,14.19490786374154,13.648949868982248,14.19490786374154,74232000
3051,1998-04-07,13.37118148803711,13.888404840726222,13.29455580615724,13.687262425791568,62630800
3052,1998-04-08,13.629791259765623,13.639369468662156,13.275397530593926,13.29455394838699,36793200
3053,1998-04-09,13.63937282562256,13.735154938162044,13.409495755527796,13.476543234305437,33619200
3054,1998-04-13,13.581907272338867,13.639376555578664,13.294560856139878,13.610641913958766,33156400
3055,1998-04-14,13.553165435791016,13.725573193984824,13.40949230396284,13.591478270945194,28476800
3056,1998-04-15,14.00334358215332,14.003343582153322,13.62021516677293,13.677684429079989,40498400
3057,1998-04-16,14.051237106323242,14.108706378741742,13.821360016649242,13.850094652858491,39695600
3058,1998-04-17,14.118278503417969,14.137434919297776,13.840510473160764,14.022496424018932,37402800
3059,1998-04-20,14.501404762268066,14.558874001748654,14.127854705644252,14.156589325384546,45535200
3060,1998-04-21,14.539722442626951,14.558878862182455,14.271532568849906,14.510987813293696,51938400
3061,1998-04-22,15.152731895446776,15.191044744739942,14.654664854635632,14.71213412857538,80154000
3062,1998-04-23,14.482253074645996,14.922850721096866,14.427178368839638,14.90369430168596,64215200
3063,1998-04-24,14.118278503417969,14.520563236893922,14.079965671658355,14.32899907809585,51436000
3064,1998-04-27,13.8405122756958,13.874036007851464,13.562744209263151,13.715995556260474,58752000
3065,1998-04-28,13.77346420288086,14.137436135919437,13.64176383237348,14.11827971839109,56668000
3066,1998-04-29,13.869243621826172,14.022494932564584,13.735148724930063,13.802196173378118,50061600
3067,1998-04-30,13.811774253845217,14.041651217848186,13.744726806011014,14.022494804181273,54473600
3068,1998-05-01,13.735156059265137,13.869251027765632,13.505278970407142,13.821359967586885,35996000
3069,1998-05-04,13.495694160461426,13.773462173700162,13.476537745755303,13.668101892816503,37899600
3070,1998-05-05,13.447808265686035,13.725576385133966,13.332869733500685,13.428651843655144,50828000
3071,1998-05-06,13.237080574035645,13.409488280499206,13.179611338547792,13.409488280499206,48110800
3072,1998-05-07,12.777331352233888,13.21792898506954,12.748596724005475,13.208350775660069,78022000
3073,1998-05-08,13.141301155090332,13.198770402124255,12.547452269073132,12.547452269073132,96274800
3074,1998-05-11,12.911422729492188,13.208347139443417,12.882688109174326,13.198768932670797,51474400
3075,1998-05-12,13.131723403930664,13.141301612102753,12.75817328521929,12.75817328521929,64147200
3076,1998-05-13,13.323290824890137,13.60105892979439,13.25624335129256,13.59148071928045,80680400
3077,1998-05-14,13.629791259765623,13.945872153351194,13.150880814939004,13.160459023835536,94774400
3078,1998-05-15,13.706411361694336,13.821349821750472,13.601051106642876,13.811771616745794,48150800
3079,1998-05-18,13.189193725585938,13.256241188243235,12.949738501809868,12.949738501809868,80395600
3080,1998-05-19,13.256237983703612,13.323285430152982,13.112564884169254,13.15087771071175,52234400
3081,1998-05-20,13.141301155090332,13.3137088961921,13.08383190805641,13.198770402124255,35698800
3082,1998-05-21,13.237080574035645,13.390331868669922,13.102985691230652,13.150876720803865,36680000
3083,1998-05-22,13.11257266998291,13.294558704117078,13.093416245337208,13.275402279471376,36129200
3084,1998-05-26,12.815640449523926,13.20834692069768,12.796484036295938,13.074252028101762,44473600
3085,1998-05-27,13.179622650146484,13.198779078417044,12.70071194338244,12.70071194338244,58574400
3086,1998-05-28,13.22751235961914,13.237090572768755,13.035948096626829,13.1413084412726,30746800
3087,1998-05-29,12.997623443603516,13.256234963852076,12.988045239149866,13.237078554944771,34091200
3088,1998-06-01,12.834800720214844,12.966501100739436,12.739018625287866,12.853957139200238,42436800
3089,1998-06-02,13.102981567382812,13.170028987683748,12.85394829197934,12.88268290067974,38570800
3090,1998-06-03,12.921001434326172,13.246660477148328,12.892266812900688,13.160456612871876,36010800
3091,1998-06-04,13.189193725585938,13.19877193453698,12.815643576495267,12.978473128662996,33717600
3092,1998-06-05,13.217930793762209,13.256243636642678,12.988053736479388,13.160461529441504,34431600
3093,1998-06-08,13.131723403930664,13.227505485651529,13.026363114037713,13.122145195758575,18886400
3094,1998-06-09,13.342446327209473,13.419072006044846,13.064678241431242,13.074256451285663,35690400
3095,1998-06-10,13.179622650146484,13.543594787287155,13.160466221875922,13.275404791499293,33290400
3096,1998-06-11,13.074254035949709,13.352022070413108,13.045519411694873,13.246661781478714,41271200
3097,1998-06-12,13.141301155090332,13.198770402124255,12.873111335598692,13.007206245344513,41323600
3098,1998-06-15,13.170037269592283,13.38075786590576,12.959316673278808,12.978473091125489,42846000
3099,1998-06-16,13.77346420288086,13.783042411645033,13.102989589388743,13.227506303322995,61138400
3100,1998-06-17,13.955451965332031,14.156594375264753,13.754309555399312,13.7830441853897,76147600
3101,1998-06-18,13.974611282348633,14.0608151901904,13.850094526577193,13.91714201045412,39228400
3102,1998-06-19,14.51098918914795,14.520567399833856,14.17575181514123,14.233221079256667,91226800
3103,1998-06-22,14.683387756347656,14.702544165684053,14.357728797628925,14.52055827698829,48969600
3104,1998-06-23,15.44007682800293,15.459233250866456,14.597194222007731,14.683398124893603,124675200
3105,1998-06-24,16.08181381225586,16.110548440866204,15.315557049313352,15.58374691634323,105724800
3106,1998-06-25,15.564586639404297,16.378734248234675,15.535852017916168,16.22548293363131,88969600
3107,1998-06-26,16.005186080932617,16.0339207058535,15.631635956961118,15.669948790188965,55680400
3108,1998-06-29,16.464941024780273,16.503253860207337,16.12970371479347,16.168016550220536,65906000
3109,1998-06-30,16.60861587524414,16.637350504786085,16.033923284405244,16.12970538287839,77010000
3110,1998-07-01,16.76186752319336,16.8768060433524,16.426630172729492,16.723554683140346,53470400
3111,1998-07-02,16.43621253967285,16.723558912744053,16.417056114801436,16.67566785056552,27321200
3112,1998-07-06,16.522403717041016,16.560716537254443,16.148853719960087,16.378730641240658,35307600
3113,1998-07-07,16.541566848754883,16.63734893820917,16.32126804301003,16.522410430864024,32422800
3114,1998-07-08,16.8385009765625,16.87681383430212,16.359590254817263,16.57031097238517,41553600
3115,1998-07-09,17.010896682739258,17.164148004205376,16.81933253090661,16.85764536127314,43690000
3116,1998-07-10,17.34613037109375,17.355708576710036,16.838485473430598,17.030049585756316,45396800
3117,1998-07-13,18.01661491394043,18.121975235074583,17.41318762017209,17.489813308269657,69223200
3118,1998-07-14,17.853776931762695,18.198592366067125,17.700525627627393,18.121966713999477,56972400
3119,1998-07-15,17.987878799438477,18.08366090167191,17.719688913184868,17.777158174524928,48690000
3120,1998-07-16,17.987878799438477,18.217755844798717,17.87294027675836,18.09323911189525,65125200
3121,1998-07-17,18.07408332824707,18.33269501338892,17.767580590301176,18.007035854321405,83108400
3122,1998-07-20,17.930404663085938,18.31353296785273,17.901670040228428,18.11239060785017,45794800
3123,1998-07-21,17.288671493530273,18.23691441755216,17.240780436761494,17.91125523152444,74605200
3124,1998-07-22,17.892099380493164,17.96872507377151,17.144998871029316,17.1641552943489,71654400
3125,1998-07-23,17.317394256591797,18.007025001323328,17.317394256591797,17.825039110352506,51029600
3126,1998-07-24,17.441917419433594,17.71968546180788,17.240775043921182,17.43233921107586,60366400
3127,1998-07-27,17.892099380493164,17.892099380493164,16.96301284949325,17.336563104225174,58998000
3128,1998-07-28,17.20245933532715,17.911246635335058,17.164146508299694,17.77715174073897,78378400
3129,1998-07-29,16.963010787963867,17.508968786221317,16.86722868300642,17.3557174182894,59738000
3130,1998-07-30,17.38445472717285,17.413189363085536,16.972591612424406,17.154577639871395,72746400
3131,1998-07-31,16.848068237304688,17.396420657194223,16.848068237304688,17.307822231273207,53705200
3132,1998-08-03,16.61819839477539,16.991748675695415,16.455368785143587,16.7235587304195,73566400
3133,1998-08-04,16.014772415161133,16.800185894852053,15.966881349326322,16.64693448418065,91412000
3134,1998-08-05,15.98603630065918,16.28296088143835,15.555016747915223,15.957301663809584,120208800
3135,1998-08-06,16.378740310668945,16.388318521376938,15.880673353853282,15.89982977526927,68308000
3136,1998-08-07,16.22549057006836,16.474524073505062,16.100973818350006,16.464945861834423,54972400
3137,1998-08-10,16.005186080932617,16.29253233014146,16.005186080932617,16.215906663685768,46763200
3138,1998-08-11,15.851936340332031,15.995609479368271,15.631637527143129,15.765732456910284,60976400
3139,1998-08-12,16.100963592529297,16.120120003704226,15.78488280814294,15.986025125479712,53760000
3140,1998-08-13,15.928560256958008,16.244641127961984,15.89982563232128,15.957294881594732,51193200
3141,1998-08-14,15.97645378112793,16.10097050723984,15.86151526471694,16.043501249034342,29566400
3142,1998-08-17,16.44578742980957,16.455365640310333,15.784890905256942,15.861516589263044,54073200
3143,1998-08-18,17.049205780029297,17.135409629478882,16.45535703937659,16.53198268333178,70591200
3144,1998-08-19,16.94385528564453,17.279092671171696,16.89596423056922,17.202466983051202,55709600
3145,1998-08-20,17.25035858154297,17.279093215493344,16.80976086097052,16.876808340188067,49970400
3146,1998-08-21,16.95343017578125,17.14499435855844,16.666083901615465,17.030055848892125,59523600
3147,1998-08-24,16.915111541748047,17.164144894004814,16.857642306611872,16.90553333589202,26319200
3148,1998-08-25,17.288671493530273,17.422766452482865,17.030059786978853,17.068372632393878,58026800
3149,1998-08-26,17.25035858154297,17.43234459656202,16.991746875989573,17.04921614389033,44804400
3150,1998-08-27,16.742712020874023,17.279091811016443,16.627773494414935,16.943854442177432,74874000
3151,1998-08-28,16.129701614379883,16.80017614704413,16.05307595350397,16.589455579635366,72730000
3152,1998-08-31,14.702550888061523,16.32126821710543,14.673816260918732,16.072234781867905,132690400
3153,1998-09-01,15.516698837280272,15.593324510550795,14.482252248128257,14.597190758034037,140112400
3154,1998-09-02,15.411335945129396,15.976450190475967,15.36344490738816,15.602900096094334,63438400
3155,1998-09-03,15.210195541381836,15.44007255208282,15.076100618472928,15.133569871148174,67506800
3156,1998-09-04,14.807910919189451,15.363447033880908,14.73128524819753,15.277243154014991,50890400
3157,1998-09-08,15.626851081848145,15.641218398196765,15.18146427504095,15.32513743852714,60625600
3158,1998-09-09,15.669951438903809,16.00518878631312,15.574169339644005,15.669951438903809,65480800
3159,1998-09-10,15.44007682800293,15.497546096593512,15.12399585075473,15.325138290821766,60758000
3160,1998-09-11,15.97645378112793,16.033923039333427,15.344291940867471,15.49754329608213,58989200
3161,1998-09-14,16.244646072387695,16.407475661556678,16.072238272091127,16.081816483218716,45086800
3162,1998-09-15,16.599031448364258,16.618187860884007,16.110542929110604,16.22548140422911,49367600
3163,1998-09-16,16.57988166809082,16.627772718547465,16.26380073507696,16.531990617634175,42886800
3164,1998-09-17,16.08181381225586,16.321269050675394,16.062657393182295,16.139283069476548,45178400
3165,1998-09-18,16.148860931396484,16.282955862024924,15.986031372776234,16.2063301873801,47361600
3166,1998-09-21,16.531984329223633,16.56071894856759,15.689102161800871,15.708258574696844,45872000
3167,1998-09-22,16.733131408691406,16.838491709490263,16.359581251313635,16.618192898729014,43082000
3168,1998-09-23,17.413179397583008,17.451492223540285,16.6277664654588,16.800174182266552,65263600
3169,1998-09-24,16.87680435180664,17.56643540363983,16.704396588848343,17.3365583863621,63521600
3170,1998-09-25,17.326976776123047,17.33655498329614,16.64692406683353,16.723549724218262,47878400
3171,1998-09-28,17.058788299560547,17.52812048747659,16.8193331016442,17.3173999133102,41405200
3172,1998-09-29,17.29824447631836,17.470652228574025,17.068367473310804,17.135414932521343,48743200
3173,1998-09-30,16.867223739624023,17.403603370185603,16.862434635779724,17.21203921641361,38875600
3174,1998-10-01,15.947724342346191,16.781028857531847,15.938146129527963,16.560729962712653,65442400
3175,1998-10-02,15.95729160308838,16.12012110924234,15.47838129087084,15.84235312815617,65889600
3176,1998-10-05,15.507122039794922,15.76573371062535,14.788756287488178,15.708264450440812,114937600
3177,1998-10-06,14.961158752441406,15.88066658869901,14.922845925930671,15.708258869400709,76550000
3178,1998-10-07,14.424782752990724,15.286821562930406,14.309844244998764,14.922849620955873,90710400
3179,1998-10-08,13.974611282348633,14.079971614155236,13.447809623315614,13.878829162524449,144719200
3180,1998-10-09,14.846224784851074,14.8653812039283,14.137437278993668,14.28111042207287,72661600
3181,1998-10-12,15.286819458007812,15.478383611616934,15.095255304398693,15.210193796564164,51502800
3182,1998-10-13,14.779176712036133,15.286821796765825,14.673816411431856,15.24850896018245,47995600
3183,1998-10-14,15.353869438171388,15.535855414044908,14.692972999472806,14.692972999472806,62403200
3184,1998-10-15,16.158435821533203,16.187170443622474,15.267662536765812,15.344288195670536,66253600
3185,1998-10-16,16.100963592529297,16.321262321041,15.938134097542386,16.244636676341276,68620000
3186,1998-10-19,15.775307655334473,15.966871804154565,15.49753963954534,15.95729359671356,60177600
3187,1998-10-20,15.363442420959473,15.842352720864692,15.267660360978429,15.823196308868484,94368400
3188,1998-10-21,16.311681747436523,16.3787291768153,15.79445872080025,16.072226642512323,125377200
3189,1998-10-22,16.85764503479004,16.8768014496023,16.129701271924105,16.244639760797675,81910800
3190,1998-10-23,16.30211067199707,16.857646758351848,16.273376046840788,16.704395424185012,59882000
3191,1998-10-26,16.407468795776367,16.551141902569505,16.19674823914643,16.369155967298198,59678400
3192,1998-10-27,16.158435821533203,16.53198590869372,16.09138836999157,16.51282949396754,65434800
3193,1998-10-28,16.19675636291504,16.340429541769993,16.072239607907413,16.072239607907413,56808400
3194,1998-10-29,16.34042739868164,16.47452234802604,16.158441395999958,16.158441395999958,52402800
3195,1998-10-30,16.22549057006836,16.57988440188213,16.11055203002065,16.436211226822493,59322800
3196,1998-11-02,16.215904235839844,16.378733752679345,16.091387546491987,16.30210809769605,48388400
3197,1998-11-03,16.12012481689453,16.33084540273629,16.053077357763062,16.168015859131295,36546800
3198,1998-11-04,16.168014526367188,16.4457825484434,16.072232449789183,16.21590556465619,67459600
3199,1998-11-05,16.30211067199707,16.493674839705616,16.12970292105938,16.139281129444807,76727200
3200,1998-11-06,16.752286911010742,16.819334371489344,16.235063644461526,16.254220061741126,74461200
3201,1998-11-09,16.963010787963867,17.06837110341706,16.675664473091526,16.733133736065994,68956800
3202,1998-11-10,17.17373275756836,17.384453404900487,16.867229997812537,16.876808209054907,72075600
3203,1998-11-11,17.02047348022461,17.58558768131254,16.991738859830306,17.38444533855243,63899200
3204,1998-11-12,16.66608428955078,17.03005624529959,16.627771452103538,16.895961314234242,38526800
3205,1998-11-13,16.85764503479004,16.934270694039085,16.608611642230642,16.61818984963677,28368800
3206,1998-11-16,16.67566680908203,17.125842765444382,16.474524360494595,17.058795282581904,42620400
3207,1998-11-17,17.144996643066406,17.221622326387376,16.694820753555724,16.704398963970846,58744000
3208,1998-11-18,16.819334030151367,17.020476407505114,16.723551945697203,16.79059940481512,41691200
3209,1998-11-19,17.125839233398438,17.240777751743394,16.71397620932901,16.71397620932901,45220800
3210,1998-11-20,17.413179397583008,17.432335810561646,17.04920755098886,17.27908450673253,48405200
3211,1998-11-23,18.26564216613769,18.41889349002768,17.240773937623416,17.240773937623416,110870400
3212,1998-11-24,18.648778915405277,19.16600236760449,18.17944652359487,18.189024735672632,101114800
3213,1998-11-25,19.041473388671875,19.060629800531707,18.505093856596613,18.80201824042399,41394000
3214,1998-11-27,19.625751495361328,19.63532970497351,19.0510589186304,19.175575643588765,26335600
3215,1998-11-30,18.69666290283203,19.963380970915807,18.68708469437771,19.826891500441757,70900000
3216,1998-12-01,19.84604835510254,19.8843611897649,18.40931705526404,18.42847347259521,86330800
3217,1998-12-02,19.42460823059082,19.88436227155155,19.23304404685718,19.79815838887141,65759600
3218,1998-12-03,18.715818405151367,19.75984307565367,18.69666198917885,19.4437622121071,51426800
3219,1998-12-04,19.5203857421875,19.5203857421875,19.003162567468102,19.146835671556826,44352000
3220,1998-12-07,20.4686336517334,20.49736828016353,19.424608818771794,19.56828196092248,89809200
3221,1998-12-08,20.104665756225582,20.57399811547049,19.88436689372288,20.363277464380943,77585200
3222,1998-12-09,20.478214263916016,20.50694889571758,19.92267804908574,20.24833720950349,44781600
3223,1998-12-10,20.16213035583496,20.63146260639834,20.13339572824945,20.40158558571424,57015600
3224,1998-12-11,20.53567886352539,20.64103915620206,20.0376120254175,20.075924859118103,51728800
3225,1998-12-14,19.606597900390625,20.497371522636023,19.568285056423083,20.34412014676585,64077600
3226,1998-12-15,20.21002960205078,20.229186028213864,19.807744652626077,19.817322865707613,51719600
3227,1998-12-16,20.497373580932617,20.708094243914168,19.78858589635831,20.30580934185848,60024000
3228,1998-12-17,20.5931453704834,20.669771027675896,20.267486327415288,20.564410749036213,46963600
3229,1998-12-18,21.11994743347168,21.186994885641436,20.554833193755204,20.688928098094703,59648000
3230,1998-12-21,21.52223777770996,21.79042765655993,21.11037474947608,21.244469688901063,48112000
3231,1998-12-22,21.21573257446289,21.531813466091457,21.05290302422999,21.531813466091457,41350000
3232,1998-12-23,22.00114250183105,22.039455331612213,21.359402602996624,21.512653922121263,34940000
3233,1998-12-24,21.723373413085938,22.0681888640873,21.685060585196897,22.010719622253745,13832400
3234,1998-12-28,21.81916046142578,22.010724644581405,21.685065533216843,21.91494255300359,23636400
3235,1998-12-29,21.531818389892575,21.847899353801143,21.397723435507125,21.847899353801143,29651600
3236,1998-12-30,21.301937103271484,21.970017190031008,21.282780685013147,21.58928337714655,34942800
3237,1998-12-31,21.25404167175293,21.455184021958797,21.14868139307367,21.33066732897421,23834400
3238,1999-01-04,21.608444213867188,22.259762567831267,21.3594107255868,21.395329017165704,69305200
3239,1999-01-05,22.45132064819336,22.68119765141718,21.67548576231296,21.74253322158657,64281600
3240,1999-01-06,23.17926406860352,23.217576901774763,22.489633071521094,22.9110742364048,69064800
3241,1999-01-07,23.064327239990234,23.08348365796365,22.719511716468787,22.949388732149757,51150400
3242,1999-01-08,22.96853828430176,23.370822941491365,22.527940802617906,23.322931910873557,50244800
3243,1999-01-11,22.604572296142575,23.1313737691459,22.10650544893944,23.12179556054584,46463200
3244,1999-01-12,21.790428161621094,22.70035812880967,21.60844216818338,22.70035812880967,57907200
3245,1999-01-13,22.039457321166992,22.642884444693077,20.84218128242476,20.84218128242476,75346000
3246,1999-01-14,21.723373413085938,22.307644038393803,21.685060585196897,22.259753003532506,59214000
3247,1999-01-15,22.949382781982425,22.987695607995747,21.66590311053599,21.90535827311928,59344000
3248,1999-01-19,23.849742889404297,24.271184129217065,23.1217989297277,23.198424609693657,102741600
3249,1999-01-20,24.92249870300293,25.70791180586467,24.90094773371709,25.583395094435367,125481200
3250,1999-01-21,24.26160430908203,25.02786105788841,24.175400424841317,24.788405823886414,80077200
3251,1999-01-22,23.945537567138672,24.556148775100706,23.792286126708984,23.84975541687012,82160000
3252,1999-01-25,24.807559967041016,25.027858762115127,24.386118793855765,24.77882534159657,103076400
3253,1999-01-26,26.292186737060547,26.320921367374275,25.209848995243483,25.363100356916693,120203200
3254,1999-01-27,25.842002868652344,26.73277613284236,25.822846454368687,26.43585171144569,98048000
3255,1999-01-28,26.665742874145508,26.675321086384784,26.02400265411399,26.32092723353156,78838400
3256,1999-01-29,26.818986892700195,26.838143311909263,26.18682505880083,26.78067405428205,79571600
3257,1999-02-01,26.502899169921875,26.96265311287679,26.177240126995475,26.88602745571764,81729200
3258,1999-02-02,25.68876266479492,26.44544135626353,25.47804201653784,26.435863144979116,91965600
3259,1999-02-03,25.56423759460449,26.03356979473024,25.439720888448683,25.49719013744367,73749200
3260,1999-02-04,24.376548767089844,25.803702309838915,24.347814132000934,25.765389463053705,89151600
3261,1999-02-05,24.520219802856445,24.769253285229205,23.7348065122962,24.558532646298406,127945200
3262,1999-02-08,25.32478141784668,25.37267245683656,24.769245365564117,24.912918482533744,109866800
3263,1999-02-09,24.529794692993164,25.554663116324,24.481903645173965,25.27689503897265,77293600
3264,1999-02-10,24.61599922180176,25.1906918106376,24.30949650775598,24.501060704034597,73694000
3265,1999-02-11,24.94166374206543,25.114071555950677,24.57769169052991,24.94166374206543,60366000
3266,1999-02-12,24.17539596557617,25.085325686942944,24.07961388964283,24.778823043956244,62930400
3267,1999-02-16,23.945537567138672,24.501074038696288,23.686925761413573,24.48191760864258,73666800
3268,1999-02-17,22.987707138061523,23.61986908435821,22.75783006668091,23.437883069515227,101215600
3269,1999-02-18,22.336381912231445,23.1984206652764,22.065797525859,23.131373206706236,117035200
3270,1999-02-19,22.642885208129883,22.872762215319018,22.3363825318777,22.59499416496548,73085600
3271,1999-02-22,22.80570602416992,22.83444063906808,22.183122701376536,22.71950217947545,92514400
3272,1999-02-23,23.82100486755371,23.849739493449437,23.064326385633027,23.437876522277413,95106800
3273,1999-02-24,23.428295135498047,24.42442869808668,23.40913872083288,23.97425295345528,67696800
3274,1999-02-25,23.524072647094727,23.562385468995533,22.93022390763224,23.351664948541103,70817200
3275,1999-02-26,23.00686264038086,23.37083465550762,22.911080531136975,23.35167823365884,59273200
3276,1999-03-01,23.25588607788086,23.380402766106744,22.91107063356302,22.920648840349628,58332000
3277,1999-03-02,22.76740074157715,23.619861265767454,22.6237276195226,23.275045772836545,58569600
3278,1999-03-03,22.93022918701172,23.09305871757947,22.537522672113024,22.83444711020716,76798400
3279,1999-03-04,23.332517623901367,23.524081808005647,22.70035581635724,23.160109858207512,61696400
3280,1999-03-05,23.7443790435791,23.81142650356501,23.46661099506608,23.71564441787086,47302800
3281,1999-03-08,24.366962432861328,24.40288071474939,23.7539570886384,23.830582756666267,46726000
3282,1999-03-09,24.797983169555664,25.248158993800203,24.48190227168184,24.501058689734798,90129600
3283,1999-03-10,24.730941772460938,24.90334957722635,24.395704374305968,24.87461494309878,53114800
3284,1999-03-11,24.74051284790039,25.219423278560484,24.414853755051528,24.67346538760798,62948400
3285,1999-03-12,24.54894256591797,24.94164902132282,24.03171942953109,24.922492608864047,73395200
3286,1999-03-15,25.420574188232425,25.43973061188595,24.19456307440659,24.606426182957456,60609600
3287,1999-03-16,25.9090633392334,26.052736518563712,25.171541018671117,25.3631052577782,68554000
3288,1999-03-17,25.612138748168945,25.96653259023411,25.5546694764827,25.909063318547865,44919600
3289,1999-03-18,26.42627716064453,26.445433577578672,25.46845631393759,25.50676914780587,56231200
3290,1999-03-19,26.234724044799805,26.684900032425062,26.033581582243837,26.646587182414404,91980400
3291,1999-03-22,26.48373794555664,26.80939692933564,26.3592212752882,26.502894356367168,55719200
3292,1999-03-23,25.52592658996582,26.684889861029934,25.47803554570697,26.464591057439232,69581200
3293,1999-03-24,26.244281768798828,26.33048561402481,24.99911511553465,25.592963827091413,82634400
3294,1999-03-25,27.575666427612305,27.594822847499497,26.435859444324407,26.522063333816767,109447600
3295,1999-03-26,27.297895431518555,27.642710952758787,26.93392349243164,27.42241214752197,94687600
3296,1999-03-29,28.313180923461918,28.38980658225342,26.933919065214784,27.623549994338347,79777000
3297,1999-03-30,28.504749298095703,28.658000638408048,28.27487228762719,28.619687803329963,67502400
3298,1999-03-31,27.470312118530277,29.00282604425023,27.317060725958275,28.964513196107237,58752600
3299,1999-04-01,28.408966064453125,28.466435314752086,27.66665491475821,27.96836847882776,41106000
3300,1999-04-05,29.09859848022461,29.12254400234461,28.6580008732166,28.90703430326461,39848600
3301,1999-04-06,28.83040809631348,29.30931852980705,28.58137467089681,29.17522360842885,39674800
3302,1999-04-07,28.600526809692383,29.11775000049057,27.96836513205016,29.07943717154256,46910200
3303,1999-04-08,28.9836540222168,29.002810435979,27.89173843777109,28.58136933321048,38637000
3304,1999-04-09,28.887882232666016,29.117759279610308,28.504753821092194,28.887882232666016,31816800
3305,1999-04-12,28.504749298095703,28.69631347348613,28.006682442080592,28.083308112236764,37858800
3306,1999-04-13,27.62354850769043,28.54305636370232,27.336202302686715,28.54305636370232,46746800
3307,1999-04-14,26.320920944213867,27.930060215912533,26.320920944213867,27.83427811640666,52944000
3308,1999-04-15,27.24041748046875,27.546920068153348,25.707904542045757,26.761507187211564,72594600
3309,1999-04-16,26.550796508789062,27.31705326228947,26.32091948273894,27.29789684345196,44774000
3310,1999-04-19,24.82671546936035,27.01054692268372,24.635151306788124,26.627418597539265,75389000
3311,1999-04-20,25.478046417236328,25.746236379523022,24.520225123355264,25.20985645494963,108459400
3312,1999-04-21,25.133224487304688,25.28647585612972,24.52021901200457,25.171537329510944,92732800
3313,1999-04-22,26.03357696533203,26.129359073372253,25.55466642513093,26.05273338694008,55096400
3314,1999-04-23,26.35924530029297,26.665748152621955,25.439736743306003,26.05274244796398,56592000
3315,1999-04-26,26.972240447998047,27.259586759588935,26.58911203254353,26.72320697795261,48349800
3316,1999-04-27,25.746225357055664,27.2021131004606,25.727068939379286,27.2021131004606,58665800
3317,1999-04-28,25.17152976989746,26.512478844397325,25.047013070122475,26.148506952747365,55963400
3318,1999-04-29,25.152379989624023,25.650446920111627,24.644734848934736,25.24816209164087,60880600
3319,1999-04-30,24.92249870300293,25.66959897157873,24.48190110871464,25.36309629729122,58558600
3320,1999-05-03,24.48190116882324,24.97996801576331,24.07961640783319,24.960811598573304,67180000
3321,1999-05-04,23.926353454589844,25.075737927988875,23.830571415139925,24.673453362299213,66502200
3322,1999-05-05,24.252031326293945,24.481908400476826,23.42830514380529,24.252031326293945,67028200
3323,1999-05-06,23.8880615234375,24.865039179969425,23.753966550972333,24.73094420750426,74021000
3324,1999-05-07,24.23286437988281,24.6351490850034,23.90720533288044,24.405272110648777,48011600
3325,1999-05-10,24.42444610595703,24.673479674096203,23.983848254633887,24.481915390912224,46218000
3326,1999-05-11,24.48190116882324,24.831505782540788,24.347806248493225,24.75009100948328,42786200
3327,1999-05-12,24.67347526550293,24.826726664667543,24.290346767591394,24.75010096508524,60142600
3328,1999-05-13,24.252031326293945,25.056601085934027,24.252031326293945,24.865036857448292,51737200
3329,1999-05-14,23.56239128112793,24.5010556492379,23.485765618425077,24.175396582750768,84401000
3330,1999-05-17,24.252031326293945,24.38612628623396,23.60071294944245,23.71565148653389,66850200
3331,1999-05-18,24.117935180664062,24.59684572833412,23.888058117782432,24.4627507749865,63858400
3332,1999-05-19,24.30949592590332,24.481903698427452,23.677334093314816,24.481903698427452,46510800
3333,1999-05-20,24.04130172729492,24.520212120268923,24.02214531157596,24.3861172102362,42386200
3334,1999-05-21,23.773113250732425,24.21371083716824,23.60070549951841,24.06045950275578,56568800
3335,1999-05-24,23.677326202392575,23.86889033024365,23.313354359475543,23.86889033024365,38990000
3336,1999-05-25,23.370820999145508,24.290328710587296,23.332508177835432,23.52407228438581,50791600
3337,1999-05-26,24.06045913696289,24.06045913696289,23.140951144467497,23.65817439024616,52022800
3338,1999-05-27,24.022144317626957,24.347803371374688,23.753954508658232,23.98383148777428,56702200
3339,1999-05-28,24.730941772460938,24.788411040716078,23.94552843964072,24.137092667157848,41548000
3340,1999-06-01,24.06045913696289,24.75009013133444,24.04130272045257,24.7117772983138,36046400
3341,1999-06-02,24.04130172729492,24.0987709744518,23.37082717713132,23.92636323298116,42812600
3342,1999-06-03,23.409141540527344,24.194554636404284,23.33251587263691,24.02214688365081,32934400
3343,1999-06-04,24.386119842529297,24.424432678102797,23.52408104212567,23.58155029548591,35668200
3344,1999-06-07,24.596837997436523,24.845871403952625,24.271178927377004,24.501055918007253,32392200
3345,1999-06-08,24.32865524291992,25.17153778676912,24.213716714213213,24.481906614528867,41516400
3346,1999-06-09,25.22900390625,25.32478600156606,24.520216400911163,24.558529239037583,53310800
3347,1999-06-10,24.48190116882324,25.22900143923334,24.232867745353207,25.09490651890332,35277400
3348,1999-06-11,23.945537567138672,24.67348190917969,23.77312969665527,24.52023046875,34543000
3349,1999-06-14,23.773113250732425,24.424431421985364,23.734800417129307,24.13708516996201,28369800
3350,1999-06-15,23.811426162719727,24.175398083147464,23.504923492885844,23.92636466390743,36981000
3351,1999-06-16,24.82671546936035,25.01827963193257,24.19455373287201,24.23286656538645,48325200
3352,1999-06-17,25.40140914916992,25.4397219834824,24.673465297232926,24.73093454870164,44475200
3353,1999-06-18,26.052734375,26.052734375,25.17153894761029,25.229008214613973,69116200
3354,1999-06-21,27.25958251953125,27.278738937324317,26.014415362982035,26.014415362982035,56194400
3355,1999-06-22,26.512475967407227,27.106324778815917,26.435850314322234,27.106324778815917,38751000
3356,1999-06-23,26.35924530029297,26.780686722245328,26.071898876234545,26.34008887202241,33942000
3357,1999-06-24,25.93779563903809,26.43586261585861,25.74623141718404,26.28261123837537,33559000
3358,1999-06-25,26.03357696533203,26.49333108392509,25.86116917085964,26.16767191658834,24933000
3359,1999-06-28,26.58910751342773,26.608263930944613,26.03357140543825,26.20597916309016,31701000
3360,1999-06-29,26.972240447998047,26.99139686877077,26.35923498327082,26.569955611770805,38973200
3361,1999-06-30,27.642709732055664,27.6618661490564,26.58910679701543,26.89560946902713,57610200
3362,1999-07-01,27.949222564697266,28.04500468452145,27.0871834862796,27.54693766143569,47737800
3363,1999-07-02,28.1982421875,28.236555016559105,27.68101899520211,27.853426725968077,32094800
3364,1999-07-06,27.45114517211914,28.485591675464875,27.355363088476015,28.27487109145,45419400
3365,1999-07-07,28.294034957885746,28.294034957885746,27.5469345087608,27.6044037740781,33834600
3366,1999-07-08,28.37065887451172,28.5047538185506,27.79596625720223,28.14078182758793,37790400
3367,1999-07-09,28.58138084411621,28.600537265593506,28.274878100479576,28.31319094343416,33884200
3368,1999-07-12,28.86871910095215,29.041126846080594,28.31318303331604,28.56221644294602,43847800
3369,1999-07-13,28.69631004333496,28.83040495007952,28.447276645095076,28.543058721341183,30845000
3370,1999-07-14,29.09859848022461,29.11775489792061,28.351498190080594,28.7346265440006,37985200
3371,1999-07-15,28.92619514465332,29.1943850334117,28.73463093839734,29.117759350909303,40926200
3372,1999-07-16,30.477863311767575,30.611958247771582,29.117757532298377,29.27100888773153,115369800
3373,1999-07-19,30.152204513549805,30.880148459874384,29.97979673678872,30.650271424192937,81181600
3374,1999-07-20,28.600526809692383,29.654129605762765,28.294024178108277,29.55834753339273,92287400
3375,1999-07-21,29.0219783782959,29.213542592014026,28.50475500125696,28.696319214975084,54050800
3376,1999-07-22,27.910903930664062,28.96450703031164,27.58524479077299,28.926194190324452,60904200
3377,1999-07-23,27.661880493164062,28.121634739587844,27.489472650755147,28.06416545878487,68833200
3378,1999-07-26,26.857290267944336,27.52776470401998,26.857290267944336,27.24041851713042,50885000
3379,1999-07-27,27.22127723693848,27.508623583563445,26.97224373653017,27.22127723693848,65513000
3380,1999-07-28,27.58523941040039,27.738490740458168,27.087172587712605,27.336205999056496,62215200
3381,1999-07-29,26.646581649780277,27.221274280616655,26.45501743950148,27.1829614385609,57968200
3382,1999-07-30,26.3017578125,27.16379648807356,26.20597573743627,26.857293847869627,51127400
3383,1999-08-02,25.99524688720703,26.64656479005525,25.86115202485593,26.26343661190924,48050600
3384,1999-08-03,25.976110458374023,26.378395354853264,25.86117191652281,26.32092608392766,55051200
3385,1999-08-04,26.03357696533203,26.723208143221623,25.9761077005079,26.091046230156167,75573400
3386,1999-08-05,26.282602310180664,26.47416646696041,25.97609965933308,26.16766381611282,76634000
3387,1999-08-06,26.091047286987305,26.493332157050983,26.03357801983535,26.37839362274708,67205800
3388,1999-08-09,25.68876266479492,26.301768186997336,25.65044981965727,26.24429891929086,39333600
3389,1999-08-10,25.420574188232425,25.765389813995935,25.01828929150832,25.612138424767707,62743000
3390,1999-08-11,25.8037052154541,25.95695661985175,25.22901244896292,25.746235938804983,66105200
3391,1999-08-12,25.05658531188965,25.803685332657,25.01827249031184,25.72705968950137,61062000
3392,1999-08-13,25.956933975219727,26.244280107786736,25.36308530124791,25.42055452776131,65099800
3393,1999-08-16,25.842002868652344,26.325702329314662,25.22899761157534,26.07187984005622,57321800
3394,1999-08-17,25.91861915588379,26.20596526625944,25.42055256456599,26.186808858901063,51749000
3395,1999-08-18,26.052734375,26.41670639935662,25.76538803998162,25.88032657398897,58361200
3396,1999-08-19,25.68876266479492,26.091047538740256,25.47804201653784,25.918639735620825,71478200
3397,1999-08-20,25.554662704467773,25.98568212789396,25.45888061037307,25.746226892657187,46072800
3398,1999-08-23,26.493322372436523,26.55079161836372,25.70790934476487,25.842004251928323,60447000
3399,1999-08-24,28.25571060180664,28.657995295120497,26.684884656485863,26.684884656485863,120450000
3400,1999-08-25,29.21354866027832,29.424269339139343,28.562230198344245,28.69632517580126,81877600
3401,1999-08-26,29.002809524536133,29.53918909302161,28.7154633271332,29.23268648245848,61246000
3402,1999-08-27,28.58138084411621,29.156073488434902,28.31319094343416,29.13691706695761,41948400
3403,1999-08-30,28.274871826171875,28.638843753473548,28.06415123668144,28.466435998435912,33300800
3404,1999-08-31,28.37065887451172,28.543066659704568,27.623558472009385,28.14078182758793,46882800
3405,1999-09-01,28.313180923461918,28.63883997332582,28.08330394708739,28.29402450876404,36607200
3406,1999-09-02,28.140769958496094,28.370646908463385,27.795954533545157,28.04498789600972,33340800
3407,1999-09-03,29.385936737060547,29.558344449337955,28.657993063000376,28.734618712901447,52098000
3408,1999-09-07,28.887882232666016,29.63498263523496,28.734630868036486,29.079446438452926,47028000
3409,1999-09-08,28.274871826171875,29.021972098001623,28.217402574492667,28.71546942237916,42568200
3410,1999-09-09,28.83040809631348,28.854353617988156,28.135987967747784,28.33234124548015,38475200
3411,1999-09-10,29.11775779724121,29.21353989525845,28.81125508358604,29.13691421684466,34455000
3412,1999-09-13,28.772924423217773,29.060270539295185,28.619673161309823,28.964488500602712,27870800
3413,1999-09-14,29.136924743652344,29.290176155847757,28.696326933590537,28.715483360114963,40207800
3414,1999-09-15,28.389816284179688,29.347637346398976,28.313190599202144,29.271011661421436,48413800
3415,1999-09-16,28.81123924255371,28.83039565162456,27.77679315272798,28.46642387927847,45796000
3416,1999-09-17,29.558353424072266,29.57750984236395,28.753783855821432,28.92619162044661,79773400
3417,1999-09-20,29.903169631958008,29.99895172559016,29.11775646417436,29.424259163797245,48601800
3418,1999-09-21,29.002809524536133,29.5966583325022,28.84955821925457,29.5966583325022,47082800
3419,1999-09-22,29.44340705871582,29.615814777342003,28.715463357849718,29.041122381921397,48531600
3420,1999-09-23,27.949222564697266,29.69245714549744,27.59003961535657,29.69245714549744,71073600
3421,1999-09-24,27.87258529663086,28.006680208710872,27.240423568253664,27.6427083044937,70277000
3422,1999-09-27,28.02583312988281,28.485587056825526,27.853425407279296,28.19824085248633,34132200
3423,1999-09-28,28.236557006835938,28.408964749754205,27.297892628725386,27.96836718451864,46000600
3424,1999-09-29,27.43198013305664,28.236549382769194,27.31704166881199,28.06414168640222,37484400
3425,1999-09-30,27.75765609741211,28.10247170110667,27.221276269442797,27.585248295564828,47455400
3426,1999-10-01,27.58045768737793,27.776811006562248,27.068023415360315,27.642716056875397,44239000
3427,1999-10-04,28.37065887451172,28.389815295088702,27.661871313163356,27.738496995471284,29998000
3428,1999-10-05,28.140769958496094,28.77293157090615,27.43198269609694,28.428116145955208,43397000
3429,1999-10-06,28.715478897094727,28.8112610148302,28.21741188487027,28.29403757905865,35500200
3430,1999-10-07,28.734621047973636,29.13690574264526,28.408962009429928,28.715464633941647,46036400
3431,1999-10-08,29.09859848022461,29.17522415100861,28.23655968390459,28.6580008732166,35697000
3432,1999-10-11,28.907032012939453,29.11775259089991,28.84956276440478,29.00281409383057,19943800
3433,1999-10-12,28.37065887451172,28.907038650667243,28.31318961278077,28.811256547782328,27668600
3434,1999-10-13,27.910903930664062,28.54306579045261,27.681026890740952,28.198250230567947,38098400
3435,1999-10-14,27.795976638793945,28.270098225155177,27.489473795085672,27.853445921989245,42737800
3436,1999-10-15,26.99138832092285,27.527767932694204,26.76151134444941,27.431985859163607,73788000
3437,1999-10-18,26.93392562866211,26.97223846739421,26.071886757189997,26.723205015635592,75312800
3438,1999-10-19,26.45502471923828,27.35537675530215,26.129365472151356,27.04887393451445,69945600
3439,1999-10-20,28.274871826171875,28.313184660624685,27.66186647492696,28.06415123668144,88090600
3440,1999-10-21,28.523908615112305,28.54306503459861,27.738495416173684,27.757651835659992,60801200
3441,1999-10-22,28.408966064453125,28.77293798301321,28.12161981295832,28.67715589918161,43650600
3442,1999-10-25,28.332338333129883,28.677153809800835,27.930053610347105,28.198243425535622,30492200
3443,1999-10-26,28.313180923461918,29.194375999564247,28.27965719774063,28.92618619379397,52467600
3444,1999-10-27,27.853424072265625,28.083301024718985,27.48945223088113,28.04498819931009,54416600
3445,1999-10-28,27.54692840576172,27.853431086215256,27.374520648006605,27.58524124081841,70570400
3446,1999-10-29,28.37065887451172,28.811256547782328,27.96837404239508,28.025843304126028,79452600
3447,1999-11-01,28.313180923461918,28.86871694970034,28.236555264670404,28.581370729232187,53261200
3448,1999-11-02,28.37065887451172,28.96450791239819,28.17909466874189,28.42812813624267,46349000
3449,1999-11-03,28.1982421875,28.65799613620924,28.04499087126359,28.48558840544328,44517000
3450,1999-11-04,28.121620178222656,28.428122850464863,27.68102258687448,28.294027931358897,54239400
3451,1999-11-05,28.06415557861328,28.46644040260705,27.738496435380224,28.140781259374,70167400
3452,1999-11-08,27.566089630126957,27.815123101420667,25.861168172808476,25.9952631188897,243819200
3453,1999-11-09,27.24041748046875,27.546920068153348,26.493317422987538,27.50860724469277,109769800
3454,1999-11-10,26.70404624938965,27.317051615229296,26.49332565488227,27.010548932309472,69385400
3455,1999-11-11,27.470312118530277,27.719345631459767,27.048870788957284,27.048870788957284,69274600
3456,1999-11-12,27.33620262145996,27.58523600203388,26.68488454918972,27.508610346472675,49414200
3457,1999-11-15,26.665742874145508,27.12549706163077,26.646586449666955,27.048871363716565,47080400
3458,1999-11-16,26.761505126953125,26.895599998741726,26.320907691076304,26.646566665420043,59165200
3459,1999-11-17,26.052734375,26.684896312040443,26.052734375,26.493332088694853,66819000
3460,1999-11-18,26.03357696533203,26.30176686784465,25.899482014075723,26.03357696533203,64493200
3461,1999-11-19,26.35924530029297,26.531653154728023,25.86117816525836,25.880334593528925,58226000
3462,1999-11-22,27.52777099609375,27.70017874763505,27.106329825659472,27.470301745579984,90596600
3463,1999-11-23,27.470312118530277,28.006691992532257,27.08718363710028,27.355373574101275,70787400
3464,1999-11-24,28.102474212646484,28.274882029901985,27.431999367763986,27.451155791903485,53771000
3465,1999-11-26,27.93006896972656,28.61970030231241,27.89175611791624,28.083320376967865,28514200
3466,1999-11-29,27.642709732055664,28.21740224207761,27.431989145047616,27.62355331505493,51460200
3467,1999-11-30,27.906126022338867,28.466451531968804,27.451160864947035,27.508630147986004,64145600
3468,1999-12-01,28.562211990356445,28.792088948025317,27.85342470421078,27.910893943628,48864200
3469,1999-12-02,29.060285568237305,29.19438049175587,28.46643662122652,28.52390587416305,55473800
3470,1999-12-03,29.46257781982422,29.76908057997844,29.34285017913897,29.366795707276022,64100600
3471,1999-12-06,29.251855850219727,29.78823565624864,29.04113521213694,29.194386585288058,49098200
3472,1999-12-07,28.504749298095703,29.07944182426699,28.46643646301762,29.041128989188906,56859200
3473,1999-12-08,28.121620178222656,28.907033275843315,28.10246376120752,28.543061352555693,40955800
3474,1999-12-09,28.428110122680664,28.600517798626843,28.02582554547292,28.19823322141909,46258200
3475,1999-12-10,28.772924423217773,28.849550054171747,28.274857822016934,28.619673161309823,36836000
3476,1999-12-13,29.615821838378903,29.711603927118816,28.428123938004077,28.691524682038818,52691600
3477,1999-12-14,30.24798393249512,30.99508423228442,29.21353736355608,29.481727214762497,144116200
3478,1999-12-15,33.23639678955078,33.33217891286361,30.1905252682029,30.209681692865463,155571600
3479,1999-12-16,34.84552764892578,35.24781246510359,33.389639742758455,33.485421841848414,128660200
3480,1999-12-17,35.32443618774414,35.899128750451474,34.82636930006445,35.74587740039619,105898800
3481,1999-12-20,34.55818557739258,35.2478167751676,34.07927502338215,35.190347508686344,39433800
3482,1999-12-21,35.515995025634766,35.74587201609195,33.90685609243449,34.44323573683458,57446000
3483,1999-12-22,36.03322982788086,36.1673247820516,35.28612936892958,35.64531228188692,38565200
3484,1999-12-23,35.994911193847656,36.550447343193895,35.784190585474946,35.93744193701873,31028400
3485,1999-12-27,36.51213836669922,36.55045120863699,35.59263016019263,36.30141773604146,32202200
3486,1999-12-28,36.01406478881836,36.41634955507644,35.87996986673233,36.397193137635576,24591000
3487,1999-12-29,36.14816665649414,36.28226160434547,35.803351076305006,35.84166391854824,17449200
3488,1999-12-30,36.052371978759766,36.761159313092456,35.89912066322838,36.12899763652546,22360000
3489,1999-12-31,35.78419876098633,36.0907015340997,35.63094737442964,36.01407584082136,12517600
3490,2000-01-03,35.72672271728516,36.35888456697438,34.32830408009384,35.97575617322334,53228400
3491,2000-01-04,34.51986312866211,35.89912514046215,34.404924627678774,34.80720938112045,54119000
3492,2000-01-05,34.88383483886719,35.66924792420138,33.52372925206896,34.06010892010207,64059600
3493,2000-01-06,33.71529006958008,34.90298778794028,33.217223284461284,34.38576458800922,54976600
3494,2000-01-07,34.15589141845703,34.40492483878229,32.891567899882624,33.29385265579266,62013600
3495,2000-01-10,34.4049186706543,34.845516181470025,34.13672888146211,34.76889052741512,44963600
3496,2000-01-11,33.52373504638672,35.01793580845424,33.313014426095144,34.17505332728795,46743600
3497,2000-01-12,32.43180847167969,33.37047274522505,32.01036736927156,33.25553426275011,66532400
3498,2000-01-13,33.04480743408203,33.29384076546931,31.11001001330389,31.991204878212745,83144000
3499,2000-01-14,34.4049186706543,34.92214183552493,32.412651665226655,32.85324917604238,73416400
3500,2000-01-18,35.343589782714844,35.70756171001651,34.251674000809835,34.27083041803624,81483600
3501,2000-01-19,32.79579162597656,34.17505389062044,32.48928890050015,33.86855116514402,97568200
3502,2000-01-20,32.48929214477539,33.61952105783067,32.45097930026504,32.814951323113355,56349800
3503,2000-01-21,31.799638748168945,32.87239764569753,31.64638747709343,32.79577201015978,68416200
3504,2000-01-24,31.033397674560547,32.393503375112275,30.89930274633714,31.81402172100397,63597600
3505,2000-01-25,31.51231002807617,31.837969159065413,30.516176215638502,30.956773863447477,59823200
3506,2000-01-26,30.458702087402344,31.72302557027565,30.382076421773657,31.397366491353736,49365000
3507,2000-01-27,30.26714324951172,31.014243620860423,29.80738917483559,30.616747910463356,63654800
3508,2000-01-28,30.11390495300293,30.72691065179179,29.807402103608496,30.075592096828625,58225400
3509,2000-01-31,29.998958587646484,30.09474070318814,29.079450278446597,29.922332895213163,73194200
3510,2000-02-01,31.550615310668945,31.646397385078988,29.941476460580184,30.1905098540463,70196600
3511,2000-02-02,30.899309158325195,31.8571302729664,30.80352704686108,31.397376137938625,49915600
3512,2000-02-03,31.76133728027344,31.933745021843077,30.688577999395683,31.28242688702444,49186000
3513,2000-02-04,32.66168975830078,33.10228733275294,31.919378627430312,31.991215188482293,55365400
3514,2000-02-07,32.68085479736328,32.75748048270294,31.95291078663655,32.738324061368026,40005800
3515,2000-02-08,33.696136474609375,33.71529289102473,32.6233771553495,32.6233771553495,56229000
3516,2000-02-09,31.876270294189453,33.542878176157295,31.83795746931663,33.542878176157295,55090000
3517,2000-02-10,32.48929214477539,32.66169994507196,31.41653249848564,31.842762893663263,54527800
3518,2000-02-11,30.63109970092773,32.14445609640822,30.38206637002589,32.14445609640822,115559000
3519,2000-02-14,30.535324096679688,31.186642176533585,30.36291636965954,31.02860176009845,81028600
3520,2000-02-15,30.20966911315918,30.650266696927517,30.07557419636012,30.5736410301852,71027600
3521,2000-02-16,29.92231750488281,30.707730448352848,29.76906619883988,30.42038424952235,65202600
3522,2000-02-17,30.535324096679688,30.55448051079304,29.773856635674036,30.19050864263939,80343400
3523,2000-02-18,29.136924743652344,30.66943886560644,29.079455464079064,30.650282439082016,79063000
3524,2000-02-22,28.7537784576416,29.76906843649237,28.44727582251684,29.15606316624285,66296200
3525,2000-02-23,28.887882232666016,29.3476363265546,28.21740751241183,28.658005185721724,75847200
3526,2000-02-24,29.04113006591797,29.38594559440512,28.19824766294937,28.88787871992368,69733200
3527,2000-02-25,27.98752212524414,29.026757631948104,27.73848873193259,29.021968528230577,65301400
3528,2000-02-28,28.06415557861328,28.236563360324897,27.0105524681534,27.661870754619507,76131800
3529,2000-02-29,27.3936824798584,28.12162648981268,27.240431109341703,28.12162648981268,58437400
3530,2000-03-01,27.83426856994629,28.839980269823908,27.25957617001622,27.47029671665725,106889800
3531,2000-03-02,28.61968040466309,29.23268560744034,27.93004955153868,28.14077008999336,106932600
3532,2000-03-03,29.46257781982422,30.305460410248315,28.772946609477227,29.041136524612167,101435200
3533,2000-03-06,27.77680015563965,29.84569285688729,27.62354884443612,29.424251751077584,93609400
3534,2000-03-07,28.4664363861084,29.884011280167638,28.179090123799096,29.46257009544732,135061000
3535,2000-03-08,29.2901611328125,29.48172529980277,27.89174271378352,28.753781465239737,94290000
3536,2000-03-09,30.650270462036133,30.650270462036133,29.117756938934328,29.21353903412819,88198800
3537,2000-03-10,30.95677757263184,31.41653169499765,30.497023450266017,30.51617987203126,85589000
3538,2000-03-13,30.03727912902832,30.72691053760295,29.884027704900625,29.92234056093255,61831800
3539,2000-03-14,29.15607643127441,30.42040037638881,29.156076431274418,30.22883614228057,73489200
3540,2000-03-15,29.23269462585449,29.615822995787056,28.71547132644553,28.98366118539833,53208000
3541,2000-03-16,29.23269462585449,29.634979414283684,28.581376396969137,29.405102392324142,77300800
3542,2000-03-17,30.458702087402344,30.497014920216685,28.964501607642983,29.19437860452904,81161600
3543,2000-03-20,29.84569358825684,30.573637334311883,29.577503787078665,30.267134704393968,47773000
3544,2000-03-21,31.49315452575684,31.60809304592383,29.57751252297357,29.654138203084905,81648800
3545,2000-03-22,31.646404266357425,32.37434819015984,30.99508601874474,31.5123093330254,93975800
3546,2000-03-23,34.28999328613281,34.59649601941668,32.6808539363925,32.73832319888323,148224000
3547,2000-03-24,34.23252487182617,35.247815200984974,33.58120654746014,34.51987119139942,112196800
3548,2000-03-27,31.895448684692383,33.17892920233466,31.85713583341948,33.030466903652155,111434000
3549,2000-03-28,31.97207260131836,32.92989382963826,31.37822343976002,31.761351931087983,81114400
3550,2000-03-29,32.85324478149414,33.38962428813078,32.22108322010096,32.24023963105227,64363800
3551,2000-03-30,31.684711456298828,33.293850369436136,31.41652163744261,32.54675015976524,64178400
3552,2000-03-31,32.56591796875,33.17892348345588,31.914599609375003,32.489292279411764,64281400
3553,2000-04-03,27.853424072265625,29.577501215665837,27.585234294403367,28.94533959641909,260118200
3554,2000-04-04,27.1446475982666,28.198250716053945,26.033575219509043,28.0641557737901,181244400
3555,2000-04-05,26.47416114807129,27.125479150266965,26.32090985343701,27.04885350294983,82887600
3556,2000-04-06,26.35924530029297,26.972251004950945,26.134157268113867,26.93393814840982,66421400
3557,2000-04-07,27.297895431518555,27.39367752075195,26.052728271484373,26.665733642578125,82613600
3558,2000-04-10,26.378387451171875,27.163800585157382,26.35923103326979,27.163800585157382,60685400
3559,2000-04-11,25.707908630371094,26.378383147556622,25.592970141710715,26.091036925905684,71961800
3560,2000-04-12,24.32865524291992,25.20985062967135,24.13709102840874,25.17153778676912,153003800
3561,2000-04-13,24.29033088684082,25.209838680664447,24.21370523735552,24.788397608495284,94316200
3562,2000-04-14,22.719518661499023,24.36697111081514,22.451328727889425,24.2520325678396,151217800
3563,2000-04-17,23.25588607788086,23.294198905027283,22.37469105351305,22.75781932497732,119772200
3564,2000-04-18,24.692625045776367,25.11406628007201,23.25589356522305,23.44745776263016,91794600
3565,2000-04-19,24.117935180664062,24.979974166470164,23.94552738350284,24.96081774456336,53715400
3566,2000-04-20,24.19455337524414,24.48189961485512,23.753955807840644,24.098771295373812,52387400
3567,2000-04-24,20.42074203491211,20.84218324013544,19.922675156011813,20.61230621910453,313645800
3568,2000-04-25,21.26361846923828,21.301931295308982,20.727238904248487,21.072054338884783,159517400
3569,2000-04-26,20.842180252075195,21.80000103571836,20.65061609534656,21.455185553606817,107091200
3570,2000-04-27,21.39771842956543,21.43603126471237,20.65061814420012,20.66977456177359,77669800
3571,2000-04-28,21.37856101989746,21.76168935358738,20.91880701946956,21.685063686849396,78082600
3572,2000-05-01,22.508787155151367,22.681194886552525,21.97240754634776,22.33637942375021,107811000
3573,2000-05-02,21.41687774658203,22.5279501162616,21.301939225580696,22.317229494425817,97716200
3574,2000-05-03,21.627595901489254,21.704221573416586,21.091216197997937,21.57012664754376,55354800
3575,2000-05-04,21.589282989501957,21.838316422388843,21.24446746704318,21.5509701536732,43317200
3576,2000-05-05,21.800004959106445,22.010725569431724,21.41687657669684,21.53181509141972,36402200
3577,2000-05-08,21.39771842956543,21.87662886890217,21.359405594418494,21.74253394588788,36187600
3578,2000-05-09,20.78471946716309,21.58928925298876,20.688937349802888,21.512663559100595,60778400
3579,2000-05-10,20.28663825988769,20.80386133166953,20.152543389425738,20.765548511537546,67740000
3580,2000-05-11,20.80387115478516,20.88049683123004,20.15255290500367,20.420742772560757,58390800
3581,2000-05-12,21.091215133666992,21.378561388894063,20.91880738053075,20.97627663157616,37886000
3582,2000-05-15,21.26361846923828,21.282774882273632,20.842177382460587,21.14867999102618,33899600
3583,2000-05-16,21.301937103271484,21.64675263192156,21.16784217546312,21.32109352152982,48410600
3584,2000-05-17,20.746400833129883,21.186998450084623,20.612305906230613,21.11037277757076,53242000
3585,2000-05-18,20.28663825988769,20.861330561867515,20.19085620955773,20.861330561867515,53640400
3586,2000-05-19,19.941823959350582,20.210013714807747,19.76941625941384,20.037606014871,66578000
3587,2000-05-22,19.673643112182617,19.99930224841154,19.1372633583938,19.960989408855195,69955000
3588,2000-05-23,19.367143630981445,20.095087704153844,19.328830785025,19.57786428374188,57963200
3589,2000-05-24,20.0950927734375,20.4015956184089,19.309679233198285,19.34799208881971,85482400
3590,2000-05-25,18.849912643432617,19.846046238410764,18.73497415170437,19.78857699254664,94348800
3591,2000-05-26,18.83074951171875,19.19472127237252,18.505090567975905,19.022313596273367,55822000
3592,2000-05-30,19.42460823059082,19.654485251071183,19.00316702637682,19.137261954990365,68536400
3593,2000-05-31,19.17557716369629,19.525181842255183,19.02232579775266,19.506025421512238,54968200
3594,2000-06-01,19.788583755493164,20.229181457696782,19.55870669347388,19.731114489988343,94507200
3595,2000-06-02,20.324966430664062,20.459061402402657,19.92268151544828,20.22918430799364,80463200
3596,2000-06-05,20.497373580932617,20.957127754710545,20.229183646228822,20.23397275220568,64400000
3597,2000-06-06,21.34025001525879,21.416875688563128,20.78471388380232,20.89965239375883,99019000
3598,2000-06-07,21.608444213867188,21.68506990256884,20.57399741639482,21.225315770358904,76310600
3599,2000-06-08,21.091215133666992,22.10650523546931,20.91880738053075,21.934097482333065,94765600
3600,2000-06-09,21.091215133666992,21.359404971878924,20.937963797545887,21.340248554863788,35710200
3601,2000-06-12,20.497373580932617,21.14869199378468,20.344122189673307,21.14869199378468,49260600
3602,2000-06-13,20.80387115478516,20.8421839930076,20.26749141967099,20.459055610783192,44289200
3603,2000-06-14,21.608444213867188,21.7616955912705,21.30194145906056,21.39772356993763,79992400
3604,2000-06-15,22.183128356933597,22.278910431013617,21.646748742085457,21.70421798653347,65592600
3605,2000-06-16,22.2405948638916,22.41300257601479,21.91493585210335,22.25975127634973,68710600
3606,2000-06-19,22.58541488647461,22.62372771919128,22.06819164479962,22.240599392024613,46604800
3607,2000-06-20,22.96853828430176,23.06432034553738,22.6045664516064,22.64287927610065,62275000
3608,2000-06-21,24.730941772460938,25.19069591850204,23.581556407358185,23.60071283010989,160399600
3609,2000-06-22,24.48190116882324,25.133219353283327,24.30949341411322,24.941655181383304,87315200
3610,2000-06-23,23.811426162719727,24.5393700035752,23.60070557720893,24.50105716984596,49811600
3611,2000-06-26,24.366962432861328,24.558526602930996,23.7539570886384,23.7539570886384,48287000
3612,2000-06-27,24.15624046325684,24.558525197379275,24.02214555188269,24.29033537463098,31071200
3613,2000-06-28,24.19455337524414,24.539368862777312,24.098771295373812,24.213709791218207,37459200
3614,2000-06-29,23.658174514770508,24.194554179882715,23.61986168154821,23.98383359716006,38449000
3615,2000-06-30,24.520219802856445,24.520219802856445,23.50492945164442,23.61986798197031,52356400
3616,2000-07-03,24.520219802856445,24.539376224577428,24.32865558564663,24.424437694251537,15734800
3617,2000-07-05,24.06045913696289,24.48190030018995,23.98383347092161,24.48190030018995,34824400
3618,2000-07-06,24.807559967041016,25.03743697059661,24.06045970548534,24.175398207263136,47873200
3619,2000-07-07,25.133224487304688,25.401414382748484,24.69262680193273,24.908136539342927,54153200
3620,2000-07-10,24.34780502319336,24.92249750997212,24.3286486069674,24.730933347712533,52689800
3621,2000-07-11,24.252031326293945,24.67347262896256,24.06046709780821,24.15624921205108,37164800
3622,2000-07-12,24.61599922180176,24.826719837708232,23.65817824040869,23.983837374082334,58370200
3623,2000-07-13,24.501054763793945,24.52021117877737,23.715641749473736,24.15623929409239,80843200
3624,2000-07-14,24.19455337524414,24.443586782906987,24.04130204745162,24.366961119010725,51180600
3625,2000-07-17,23.964677810668945,24.3861189871955,23.75395722240567,23.983834227783788,53992800
3626,2000-07-18,24.06045913696289,24.366961801128024,23.73480005628744,23.7922693058184,70617200
3627,2000-07-19,22.413013458251957,23.753962981395237,22.317231349456005,23.31336528093387,139924600
3628,2000-07-20,22.93022918701172,23.064324094538105,22.413005972267094,22.50878804907165,54690600
3629,2000-07-21,22.16397476196289,22.98770070385088,22.029879841190425,22.91107503483805,56100600
3630,2000-07-24,21.627595901489254,22.10650635103508,21.45518813965276,22.087349933053243,56165600
3631,2000-07-25,21.148691177368164,21.761696718741156,20.957126945689105,21.70422744923744,64188600
3632,2000-07-26,20.78471946716309,21.30194290090816,20.61231165591473,21.16784793660388,85404600
3633,2000-07-27,21.26361846923828,21.49349542566248,20.688926078177783,20.80386455638989,74337600
3634,2000-07-28,21.35940170288086,22.010719781713103,21.34024528879756,21.742529984546884,75645600
3635,2000-07-31,21.39771842956543,21.80000319860829,21.225310671404205,21.512656935006248,70283800
3636,2000-08-01,21.05290031433105,21.474341448921848,20.899648992661675,21.436028618504505,47163600
3637,2000-08-02,21.26361846923828,21.58927749083923,20.995428686743384,21.01458509977873,48269200
3638,2000-08-03,21.531818389892575,21.570131234002705,20.880500040020383,20.899656462075445,54543400
3639,2000-08-04,21.186994552612305,21.41687152786669,20.899648333544327,21.282776625634963,38107400
3640,2000-08-07,21.455188751220703,21.800004284722466,21.3785630771092,21.51265800680433,52741800
3641,2000-08-08,22.719518661499023,22.891926475962336,21.45519468876805,21.474351112597304,138038800
3642,2000-08-09,22.757831573486328,22.94939581232039,22.41301594358502,22.60458018241908,63945600
3643,2000-08-10,22.25975799560547,22.700355615139827,21.991568140236726,22.62372994217733,48986000
3644,2000-08-11,22.202287673950195,22.27891334323044,21.95325424878941,22.202287673950195,35629600
3645,2000-08-14,22.12565040588379,22.4896221441624,21.87661711127211,22.163963220439435,53427000
3646,2000-08-15,21.95326042175293,22.374701721297924,21.914947576339745,22.06819895799247,40714200
3647,2000-08-16,21.76169204711914,22.144820428230396,21.627597113730204,22.029881913897015,44976200
3648,2000-08-17,21.934101104736328,22.068196045987992,21.627598381875384,21.800006163484664,36112800
3649,2000-08-18,21.76169204711914,21.89578698050808,21.45518934223014,21.800004885230265,54438800
3650,2000-08-21,21.646759033203125,21.70422830497269,21.47435121789443,21.665915457126317,34119600
3651,2000-08-22,21.838314056396484,22.202285957336425,21.522233195053904,21.70421914552388,54428200
3652,2000-08-23,21.68505859375,21.79999706686175,21.57012012063825,21.704215005935293,36726800
3653,2000-08-24,21.800004959106445,21.819161378226923,21.43603299581732,21.646753606142603,42405400
3654,2000-08-25,21.646759033203125,21.972418239897333,21.62760260927994,21.665915457126317,52729400
3655,2000-08-28,21.85746955871582,22.106502954213894,21.49349767298786,21.51265408802617,56421600
3656,2000-08-29,21.742528915405277,22.298064896503732,21.72337250226395,21.81915456797058,59400200
3657,2000-08-30,21.455188751220703,21.74253502913884,21.359406658581324,21.66590935502733,53498800
3658,2000-08-31,21.39771842956543,22.068193044636864,21.359405594418494,21.72337752831441,72575400
3659,2000-09-01,21.512666702270508,21.64676168616712,21.359415292102952,21.455197423457676,37629800
3660,2000-09-05,21.49350357055664,21.665911353208163,21.39772146908357,21.455190729967413,50755200
3661,2000-09-06,21.282777786254883,21.665906099238768,21.24446495495649,21.474341942746825,62960800
3662,2000-09-07,21.474346160888672,22.08735158207372,21.282781966768347,21.45518974147664,111711200
3663,2000-09-08,21.24447250366211,21.723383065061164,21.206159658750185,21.570131685413465,56709600
3664,2000-09-11,21.091215133666992,21.359404971878924,20.861338129485336,21.18699721874268,48495200
3665,2000-09-12,20.88049697875977,21.24446894444457,20.72724562478722,21.072061171225453,46781200
3666,2000-09-13,20.9188175201416,21.07206893054557,20.59315827303317,20.708096830836148,40744800
3667,2000-09-14,20.17170524597168,21.072056762173645,20.133392415495003,21.052900346935303,78503000
3668,2000-09-15,19.673643112182617,20.11424076708057,19.405453235288206,20.056771507746056,99915200
3669,2000-09-18,19.309669494628903,19.807736366514177,19.06063605868627,19.69279785761757,69037800
3670,2000-09-19,19.92267417907715,20.15255118883573,19.424607324600217,19.501232994519743,79311200
3671,2000-09-20,19.692800521850582,19.922677570743783,19.36714136925189,19.884364729261584,67791400
3672,2000-09-21,19.673643112182617,19.960989408855195,19.48207891440089,19.6161738528481,48952200
3673,2000-09-22,19.38629722595215,19.462922906687137,18.69666609933725,18.734978939704742,84476600
3674,2000-09-25,18.77328872680664,19.46291974126076,18.52425530492043,19.386294072988083,53484200
3675,2000-09-26,19.213891983032227,20.19086954149149,18.52426076529628,18.677512147015378,155704800
3676,2000-09-27,18.58172416687012,19.48207575021331,18.33269075020073,19.44376291687956,106155600
3677,2000-09-28,18.792442321777344,18.964850049500072,18.581721765671787,18.63919100824603,52360400
3678,2000-09-29,18.485937118530277,18.79243970287896,17.968714007441864,18.69665764527,74053600
3679,2000-10-02,18.121980667114254,18.639204216809908,17.85379067838318,18.54342207797738,58562400
3680,2000-10-03,17.3365535736084,18.33268703861131,17.317397160819883,18.256061387457244,85374000
3681,2000-10-04,16.991741180419922,17.336556672243553,16.704394937233566,17.27908742360628,136453400
3682,2000-10-05,16.972579956054688,17.54727227962313,16.934267134483456,17.010892777625916,81099400
3683,2000-10-06,17.03005027770996,17.394022105917486,16.78101692156797,17.10667592575365,61794000
3684,2000-10-09,16.60861587524414,17.08752636760989,16.24464390104617,17.04921352822063,58323600
3685,2000-10-10,16.723552703857422,17.03005538800601,16.493675690745977,16.531988526264552,62066200
3686,2000-10-11,17.087520599365234,17.451492450697007,16.551141028981572,16.551141028981572,101205800
3687,2000-10-12,16.66608428955078,17.432341038495643,16.493676521038186,17.25993326998305,90219600
3688,2000-10-13,16.474517822265625,16.819333311568858,15.976451004383176,16.51283065441043,104521200
3689,2000-10-16,15.44007682800293,16.493680085496926,15.191043330777076,16.39789797117929,119759000
3690,2000-10-17,15.459228515625,16.07223385949117,15.401759264637546,15.89982610652881,81276600
3691,2000-10-18,15.861522674560549,16.32127695498259,14.846231971961863,15.210204110629316,110536400
3692,2000-10-19,18.9648551940918,19.060637291031657,17.777157192037564,17.911252127753365,256993200
3693,2000-10-20,19.98014068603516,20.26748690874899,18.73497372094188,18.79244296548465,160378600
3694,2000-10-23,19.041473388671875,20.305796571420714,18.600875915895767,19.80772986306511,185170400
3695,2000-10-24,18.849912643432617,19.290510195057568,18.447627922383752,19.19472811861736,94427400
3696,2000-10-25,18.77328872680664,19.44376332419259,18.52425530492043,18.98400931455651,167603800
3697,2000-10-26,19.75027084350586,19.941835061192627,18.6391983809226,18.69666764622863,114826600
3698,2000-10-27,20.746400833129883,21.20615486821309,19.807736344835,19.826892762963464,124292400
3699,2000-10-30,21.16783905029297,21.493498112605167,20.650615833679478,20.68892866453973,110057600
3700,2000-10-31,21.110370635986328,21.301934797837387,20.84218080939485,21.14868346835654,104474000
3701,2000-11-01,21.34025001525879,21.474344943541382,20.97627806706317,20.995434485389257,81309400
3702,2000-11-02,21.55097007751465,21.713799629211422,21.34024948120117,21.570126495361325,77985200
3703,2000-11-03,20.9188175201416,21.340258898752516,20.861348241240115,21.225320340949537,68711000
3704,2000-11-06,21.301937103271484,21.49350128585486,20.91880873810473,21.05290366591309,74851400
3705,2000-11-07,21.608444213867188,22.029885501726294,21.30194145906056,21.37856714776221,104331200
3706,2000-11-08,21.282777786254883,22.18312932176701,20.84218022632341,21.800001008783127,206149400
3707,2000-11-09,21.723373413085938,21.857468310697577,20.97627326924965,20.995429683194168,91058600
3708,2000-11-10,20.650623321533203,21.55097517321415,20.47821552014749,21.43603663895701,93744400
3709,2000-11-13,20.363264083862305,20.88048716031036,19.74068075110076,20.43988972481757,83364800
3710,2000-11-14,21.091215133666992,21.3977178059092,20.63146112530368,20.8421817124702,84218600
3711,2000-11-15,21.474346160888672,21.723379613245097,21.052904933823957,21.16784345029615,60422200
3712,2000-11-16,21.129528045654297,21.91494114617273,21.129528045654297,21.28277938234082,92128600
3713,2000-11-17,21.16783905029297,21.45518528174491,20.77992163783285,21.282777542873745,106525600
3714,2000-11-20,20.5931453704834,20.995430070744003,20.09507859873217,20.88049158495526,80157200
3715,2000-11-21,20.76555633544922,21.22531035025621,20.65061783174747,20.65061783174747,59487600
3716,2000-11-22,20.9188175201416,21.30194604615152,20.229186173323747,20.248342599624245,76343200
3717,2000-11-24,21.43602561950684,21.589276919735664,20.99542813134897,21.14867943157779,34439200
3718,2000-11-27,21.66590118408203,22.14481146666563,21.646744772778685,21.89577811972216,85307600
3719,2000-11-28,20.53567886352539,21.378561204938745,20.47820961297448,21.263622703836923,127446200
3720,2000-11-29,19.941823959350582,20.57398552578533,19.38628803733217,20.478203470264912,98280400
3721,2000-11-30,17.585590362548828,19.02232160131916,17.470651863447202,19.00316518480222,197200800
3722,2000-12-01,17.355712890625,18.581723514245308,17.183305146678393,17.79631045848855,109809800
3723,2000-12-04,17.29824447631836,18.0836575699275,16.915116137972436,17.54727789624321,80407200
3724,2000-12-05,18.35185432434082,18.54341856572225,17.853787296749108,18.14113365882125,101734400
3725,2000-12-06,17.374876022338867,18.40932288585188,17.183311788354978,18.39016646245349,90560800
3726,2000-12-07,16.282958984375,16.551148897058823,16.014769071691177,16.378741096047793,145308400
3727,2000-12-08,16.685237884521484,17.12583544059955,16.378735236815004,16.742707130966448,120939800
3728,2000-12-11,17.796314239501953,18.007034860206495,16.857649656363527,17.010901016875923,95576200
3729,2000-12-12,17.892099380493164,18.390166386802395,17.394032374183933,17.71969157061689,63106000
3730,2000-12-13,17.547277450561523,18.543411104960214,17.413182535546316,18.543411104960214,98360400
3731,2000-12-14,17.010896682739258,18.00224116847322,16.97258385237273,17.75799687488659,71201400
3732,2000-12-15,15.076102256774902,15.938141140580328,14.635504605052128,15.646005741068487,116899800
3733,2000-12-18,14.654658317565918,15.325132881114689,14.405624908247804,15.018630223492393,107187400
3734,2000-12-19,13.735156059265137,14.71213368691161,13.63937393890764,14.539725870268114,120271800
3735,2000-12-20,12.719857215881348,13.48611367466938,12.681544392941946,13.122141856745063,149037800
3736,2000-12-21,13.31371021270752,13.830933487158028,12.355889334095467,12.489984257101154,163173000
3737,2000-12-22,14.2332181930542,14.443938785414357,13.715994920897453,13.715994920897453,109551800
3738,2000-12-26,14.367310523986816,14.88453370285034,14.060807899475096,14.367310523986816,66941600
3739,2000-12-27,14.2332181930542,14.348156697977922,13.7926205908466,14.137436105617766,69003800
3740,2000-12-28,13.65851879119873,14.175741802927154,13.447798304939004,13.830926461774872,77619200
3741,2000-12-29,13.294553756713867,14.04165403987214,13.179615251612594,13.466961514365776,99977600
3742,2001-01-02,13.294553756713867,13.792620612152716,13.141302416578837,13.524430766916412,82413200
3743,2001-01-03,14.692968368530272,14.980314555659287,13.217924607934666,13.237081020409931,135962200
3744,2001-01-04,14.846224784851074,15.47838661439957,14.367314307920394,14.6546605940788,112397000
3745,2001-01-05,15.056952476501465,15.286829613547289,14.578041774322664,14.865388195629944,93414600
3746,2001-01-08,14.999479293823242,15.248512794231548,14.309848061923324,14.999479293823242,79817600
3747,2001-01-09,15.88066864013672,16.129702044626196,15.248506921048042,15.325132583967882,114965400
3748,2001-01-10,16.206329345703125,16.49367561069786,15.55501114504839,15.631636815713652,90230200
3749,2001-01-11,16.85764503479004,17.087522012537175,16.033919197862797,16.244639760797675,101854800
3750,2001-01-12,16.39789581298828,16.857649901202908,16.091393087511864,16.819337060518354,73712000
3751,2001-01-16,16.110553741455078,16.397900122099344,15.66995595780054,16.359587271346776,68462400
3752,2001-01-17,16.22549057006836,16.819339693648192,16.11055203002065,16.436211226822493,72844200
3753,2001-01-18,17.010896682739258,17.221617249755173,16.12970158430907,16.455360642424576,109788800
3754,2001-01-19,18.69666290283203,18.830757821192503,18.04534472793829,18.3901602322938,209348800
3755,2001-01-22,18.42847442626953,18.696664282784887,18.083658896464076,18.620038609494788,76673000
3756,2001-01-23,18.562576293945312,18.677514846849,18.064509231362678,18.313542762653995,70295200
3757,2001-01-24,19.29051780700684,19.443769189783456,18.620043007359133,18.69666869874744,110455000
3758,2001-01-25,18.94569969177246,19.616174402805864,18.8690740105115,19.233045996501065,85657400
3759,2001-01-26,19.61616897583008,19.711951050907373,18.696661055088043,18.696661055088043,93080000
3760,2001-01-29,19.769420623779297,19.807733454445536,19.462917978449383,19.482074393782504,84983800
3761,2001-01-30,19.42460823059082,19.846049434804826,19.27135688360391,19.76942376131137,57276800
3762,2001-01-31,18.715818405151367,19.539544291969698,18.69666198917885,19.309667300299463,81898800
3763,2001-02-01,19.118104934692383,19.194730605773312,18.505099566044933,18.63919449043656,71792800
3764,2001-02-02,18.63918876647949,19.42460165386455,18.62003235459205,19.156411887440385,71100000
3765,2001-02-05,18.9840145111084,19.02232735573223,18.466791108686675,18.620042487182,51399200
3766,2001-02-06,19.17557716369629,19.558705578555355,18.90738727329494,19.02232579775266,96442000
3767,2001-02-07,19.826885223388672,19.941823688451795,18.945690324571395,19.00315955710296,126061800
3768,2001-02-08,19.079797744750977,19.769428988537157,19.003172050996955,19.539551907275094,88041200
3769,2001-02-09,18.121980667114254,18.86908135000797,17.930416389449203,18.792455638941952,100575200
3770,2001-02-12,18.00703239440918,18.21775298625865,17.528121958387658,18.02618881185004,71289400
3771,2001-02-13,17.834627151489258,18.71582247798604,17.815470731348025,18.27522481473765,76070600
3772,2001-02-14,17.892099380493164,18.083663613689023,17.27909383426642,17.662222300658133,61728400
3773,2001-02-15,18.026185989379883,18.44762710709121,17.738839772758524,18.08365523270416,65627800
3774,2001-02-16,17.566438674926758,17.853785000034613,17.202466663123477,17.470656566557473,66958400
3775,2001-02-20,17.125839233398438,17.853783182916494,16.972587875605164,17.58559330677826,60730800
3776,2001-02-21,17.24077796936035,17.79631414837307,16.9151188299391,16.934275249905056,63947200
3777,2001-02-22,16.915111541748047,17.41317824626158,16.51282689579481,17.25992695256511,100816400
3778,2001-02-23,17.394031524658203,17.62390859326602,16.646931051682795,16.685243896450764,92620600
3779,2001-02-26,18.25606918334961,18.37100770916293,17.585594449438556,17.662220133314104,87936800
3780,2001-02-27,18.19858741760254,18.754123244034616,17.983077829762507,18.19858741760254,99148600
3781,2001-02-28,18.08365631103516,18.41410447985439,17.83462290844675,18.25606405128867,84608400
3782,2001-03-01,18.19381332397461,18.236915277098003,17.240781249357354,17.949568922942046,81781600
3783,2001-03-02,17.374876022338867,17.815473760501817,17.29825032874531,17.623909526517927,79800800
3784,2001-03-05,17.60474967956543,17.968721653354052,17.336559804142233,17.547280420546173,49383600
3785,2001-03-06,18.21776390075684,18.39017176101636,17.892104609155503,17.968730324826403,66781800
3786,2001-03-07,18.60087776184082,18.73497265816717,18.179436659100865,18.351844382949025,59743600
3787,2001-03-08,18.160287857055664,18.572150925543745,17.911254373783805,18.4859470274881,54626000
3788,2001-03-09,17.374876022338867,17.834630183900206,16.819339743785587,17.75800449030665,103794400
3789,2001-03-12,15.918983459472656,16.857647947456,15.82320136886211,16.761865856845453,114376000
3790,2001-03-13,16.60861587524414,16.78102365249581,15.938141185932096,15.995610445015984,91035600
3791,2001-03-14,16.551145553588867,16.934273922884906,15.995609418109613,16.09139151043362,90686200
3792,2001-03-15,16.455366134643555,17.188099259963828,16.397896869912554,16.953433095645572,71638400
3793,2001-03-16,16.723552703857422,16.895960463691,16.08660181336113,16.091390917800954,112848800
3794,2001-03-19,16.64693260192871,17.010904661119326,16.282960542738095,16.70440187443249,61036400
3795,2001-03-20,16.148860931396484,17.202463957762802,16.129704512735277,16.723553491232657,91822800
3796,2001-03-21,15.34429168701172,16.32126906034205,15.248509591587176,16.014766354983514,124988600
3797,2001-03-22,16.551145553588867,16.57030197205367,15.47838611955996,15.497542538024762,126363200
3798,2001-03-23,17.3365535736084,17.470648463128022,16.666079126010285,16.838486841106942,99519600
3799,2001-03-26,17.183305740356445,17.62390332344251,17.03005440710912,17.50896482350701,63118600
3800,2001-03-27,17.853776931762695,17.94955899684726,17.12583323712001,17.18330247617075,95135600
3801,2001-03-28,17.03005027770996,17.75799393412501,16.972581041677195,17.58558622602671,78681600
3802,2001-03-29,16.972579956054688,17.528115868837514,16.723546615841695,16.972579956054688,86985000
3803,2001-03-30,16.76186752319336,17.22162160382952,16.51283406284877,17.087526663643974,91201600
3804,2001-04-02,17.10667610168457,17.45149152142737,16.742704269733835,16.800173506357634,75924000
3805,2001-04-03,16.359577178955078,16.953425999268436,16.168013043370124,16.953425999268436,94187600
3806,2001-04-04,15.918983459472656,16.857647947456,15.650793605763129,16.359581076281163,104046600
3807,2001-04-05,17.394031524658203,17.58559574849805,16.397897560690993,16.474523250226934,113364000
3808,2001-04-06,17.22162437438965,17.528127144122948,16.87680875843969,17.279093643714642,92622000
3809,2001-04-09,17.51662826538086,17.59938295835061,17.059938767224367,17.338856153454937,56295600
3810,2001-04-10,18.29208374023437,18.417749817714192,17.709728062616595,17.76183413676027,109199400
3811,2001-04-11,18.40242576599121,18.849919509507707,18.298214782096867,18.589392634379465,109879600
3812,2001-04-12,19.058334350585938,19.09818002137901,18.190931313527397,18.255297756874608,87520000
3813,2001-04-16,18.63229751586914,18.874434904818493,18.42694011979346,18.81926433090054,65857400
3814,2001-04-17,18.843780517578125,19.036877491257304,18.402417175526104,18.549538289543445,85149200
3815,2001-04-18,20.05447196960449,20.32419350666222,19.30967030707992,19.42920617428744,156696400
3816,2001-04-19,20.854442596435547,21.14868488818127,20.15255117967997,20.17094059215475,159375600
3817,2001-04-20,21.148691177368164,21.79234652812369,20.995439792024914,21.547145714632837,192919600
3818,2001-04-23,20.9188175201416,20.9862485148683,20.50503917973708,20.875907312302967,92171200
3819,2001-04-24,20.704259872436523,21.433735511285786,20.57859263356965,20.903484771627102,89176600
3820,2001-04-25,21.36017417907715,21.39082398177538,20.61230683340398,20.71038760509636,76744000
3821,2001-04-26,21.18852996826172,21.761690836349647,20.91880844480089,21.47664324312505,118737600
3822,2001-04-27,20.572465896606445,21.357112206416787,20.29354726522297,21.311136325169677,121572400
3823,2001-04-30,20.76555633544922,21.16707409341644,20.74410124162875,21.00462804900008,74368200
3824,2001-05-01,21.50728416442871,21.547130993990823,20.719572675453048,20.737964419262084,83702800
3825,2001-05-02,21.38163375854492,21.807672419151963,21.255966501170636,21.76169653624843,92864400
3826,2001-05-03,21.00463104248047,21.51036099852837,20.885095168669352,21.2253133751872,66273400
3827,2001-05-04,21.68505859375,21.77701030761109,20.82991607318708,20.842176457597173,119538400
3828,2001-05-07,21.878162384033203,22.11417077794629,21.669740449734014,21.709587298239647,109356200
3829,2001-05-08,22.086578369140625,22.09883875472992,21.685060679416345,21.991563303860392,75084000
3830,2001-05-09,21.577789306640625,21.853642188460967,21.412277577548423,21.835250437386357,76676600
3831,2001-05-10,21.455188751220703,21.835251440053355,21.44292836275126,21.801535956369893,64334600
3832,2001-05-11,21.27129173278809,21.455192918690773,21.041414665802115,21.44293252783987,51128800
3833,2001-05-14,21.0628662109375,21.20998619946176,20.93413563637126,21.18853110370072,44968000
3834,2001-05-15,20.924938201904297,21.240637945704155,20.84218350220182,21.06899484437714,61385600
3835,2001-05-16,21.197725296020508,21.418405249104676,20.636824861494294,20.750229350211903,91893800
3836,2001-05-17,20.894289016723636,21.49809972486915,20.70425883459911,21.179336628340497,106984800
3837,2001-05-18,20.86976623535156,21.209984395214253,20.612305108120257,20.747167034820382,90605400
3838,2001-05-21,21.084318161010746,21.45212041587696,20.76555511552616,20.857506848457565,103491600
3839,2001-05-22,21.55020523071289,21.56246561997421,21.203858003193712,21.286612707669924,83455600
3840,2001-05-23,21.36323356628418,21.94558906342701,21.30499965347063,21.57472114106864,93637400
3841,2001-05-24,21.98237419128418,22.00076360513141,21.231441167311743,21.436799755135983,80781600
3842,2001-05-25,21.73410987854004,22.03754692887804,21.56553244033545,21.963986927857064,52747600
3843,2001-05-29,21.55939292907715,21.99156274092683,21.470509228081504,21.700386190530217,71210800
3844,2001-05-30,21.206920623779297,21.63295915078093,21.041408900289262,21.32032511582316,86501800
3845,2001-05-31,21.2038631439209,21.57166555721095,20.96479134143929,21.29887826069417,70682600
3846,2001-06-01,21.55939292907715,21.66973405812688,21.056728824930318,21.332581647554644,57587600
3847,2001-06-04,21.69425773620605,21.76781771928814,21.39388644120355,21.62376343446105,43736600
3848,2001-06-05,22.252094268798828,22.39921658522193,21.60843910361128,21.68813045577504,89454200
3849,2001-06-06,22.17854118347168,22.52182513636205,21.93027468180981,22.34098728151862,80022800
3850,2001-06-07,22.583126068115234,22.598452143263987,22.09272206295496,22.10498245538781,66960000
3851,2001-06-08,22.432939529418945,22.604580340315398,22.08352654241937,22.589254265729352,51867000
3852,2001-06-11,22.10497665405273,22.328722326546817,21.91800981077404,22.328722326546817,47345600
3853,2001-06-12,22.092708587646484,22.193855009700812,21.703448965229864,21.76781423242008,66714600
3854,2001-06-13,21.66666984558105,22.16013922556284,21.65134377999482,22.08351357449025,55302400
3855,2001-06-14,21.1180362701416,21.623766187378425,20.964784921792862,21.522619736245066,71972400
3856,2001-06-15,20.848308563232425,20.93413126679288,20.3517757825667,20.69199390035669,108354400
3857,2001-06-18,20.498889923095703,20.82991324188629,20.232234198316263,20.82684756159317,56846800
3858,2001-06-19,20.633769989013672,21.10271893492269,20.489713287788085,20.906557314914096,63457400
3859,2001-06-20,21.27435111999512,21.329519354854156,20.56632837305064,20.57858876027368,64108400
3860,2001-06-21,21.40614891052246,21.62376790023404,21.12416696844772,21.194663623181498,69603800
3861,2001-06-22,21.096574783325195,21.642149044006405,21.01994913236594,21.45518226859148,51092000
3862,2001-06-25,21.10269927978516,21.396941435739745,20.77167597742545,21.17932491430756,49215600
3863,2001-06-26,21.498090744018555,21.519545831051342,20.7502237015686,20.787004852951565,63077000
3864,2001-06-27,21.804601669311523,21.9241375340222,21.259027243005345,21.412278591447755,69199800
3865,2001-06-28,22.29500389099121,23.340179133605425,21.61763326087814,21.93026729842561,128975600
3866,2001-06-29,22.374698638916016,22.50036587700573,21.884294752872385,22.25209708279756,94283800
3867,2001-07-02,21.639083862304688,22.420666455487694,21.501158622768557,22.083514051176547,72810200
3868,2001-07-03,21.599245071411133,21.70039152095697,21.43373333718067,21.54714017501357,28037400
3869,2001-07-05,20.99850082397461,21.67587151656346,20.977045728315417,21.52262016516064,49242600
3870,2001-07-06,20.24757194519043,20.964789632605765,20.12803605369296,20.934139823734967,67467800
3871,2001-07-09,20.13416862487793,20.50810239542549,19.93494134763513,20.290483361013848,66476600
3872,2001-07-10,19.76329803466797,20.30580686463256,19.723451181206084,20.19853137152435,66562600
3873,2001-07-11,20.382436752319336,20.459062454395724,19.677479357844224,19.68054504068792,73822600
3874,2001-07-12,21.945587158203125,22.083514740473763,21.556329859110964,21.669734332091263,128078000
3875,2001-07-13,21.86590576171875,22.06819870563369,21.74330652854295,21.884297517439503,58934600
3876,2001-07-16,21.81684684753418,22.1172203099762,21.501149663989302,21.89960148908901,55990800
3877,2001-07-17,22.013019561767575,22.07125581179865,21.498095031849,21.657477714535226,63241000
3878,2001-07-18,21.62989997863769,21.914947642914928,21.4153489790443,21.63909468741591,57590800
3879,2001-07-19,22.242904663085938,22.37470094024377,21.829126414753816,21.829126414753816,76549400
3880,2001-07-20,21.2038631439209,21.271294131991244,20.823800338397085,20.85138446710002,124203600
3881,2001-07-23,20.56326484680176,21.22224611391962,20.336453505478637,21.22224611391962,79999400
3882,2001-07-24,20.32725715637207,20.83911605846841,20.13722465749657,20.535679067308816,67530200
3883,2001-07-25,20.68279838562012,20.6950564329336,20.109637628891463,20.30886480496299,74065400
3884,2001-07-26,20.41002082824707,20.633768906623622,20.07593389053084,20.57246928049816,77974000
3885,2001-07-27,20.06673240661621,20.305804141606316,19.93800183214924,20.244504536173483,65396000
3886,2001-07-30,20.167877197265625,20.49889831311129,20.0881858460297,20.121901327766828,42196400
3887,2001-07-31,20.28741455078125,20.65521685703154,20.18320241633798,20.232243971000702,59031600
3888,2001-08-01,20.37322425842285,20.47743399983521,20.155607735095167,20.47437065809635,55679000
3889,2001-08-02,20.673608779907227,20.7011952423606,20.308872111163897,20.600048777415424,54198400
3890,2001-08-03,20.5019588470459,20.6460154440386,20.22917171852199,20.62762603622822,43260400
3891,2001-08-06,20.269031524658203,20.57247101330101,20.13110618504314,20.391633125666612,27831600
3892,2001-08-07,20.336456298828125,20.551009619543592,20.22611512552996,20.24144119787761,31347800
3893,2001-08-08,19.8797664642334,20.60924209078643,19.766359616808828,20.38549641630599,54996400
3894,2001-08-09,19.92574119567871,20.09125293440593,19.708124559138305,19.91654648882109,45536200
3895,2001-08-10,20.082050323486328,20.18626242866091,19.279014968077533,19.85217336203492,51756400
3896,2001-08-13,20.17707061767578,20.22610982716753,19.84604718449505,19.99623283275253,32675400
3897,2001-08-14,19.82765769958496,20.256759550155195,19.754095377976032,20.152549768853767,36481200
3898,2001-08-15,19.370969772338867,19.93800043662444,19.370969772338867,19.83378830856671,39503000
3899,2001-08-16,19.80620574951172,19.83378987066929,19.217719944634418,19.26063013649958,43905600
3900,2001-08-17,18.966386795043945,19.65601667870944,18.849915445399496,19.548741204836247,52234200
3901,2001-08-20,19.21771812438965,19.233043024430675,18.727313138572423,18.89895505899069,48371200
3902,2001-08-21,18.629234313964844,19.37097147913395,18.60777921783163,19.217720124345256,47111800
3903,2001-08-22,18.59245109558105,18.74263791171299,18.108177506327262,18.73650771827752,78107200
3904,2001-08-23,18.120437622070312,18.859109014039465,18.08365762884944,18.595516529324225,51813200
3905,2001-08-24,19.01849365234375,19.088989138046365,18.154156070473277,18.267561750150083,63399000
3906,2001-08-27,19.098180770874023,19.420008323380834,18.87136829270632,18.97251472963937,44562800
3907,2001-08-28,18.616973876953125,19.294344540219072,18.56793349339575,19.10737771252689,47422800
3908,2001-08-29,18.4667911529541,18.788618814722703,18.249174475580737,18.71199312529136,48170000
3909,2001-08-30,17.452259063720703,18.28594657868809,17.32352852231736,18.095915278381607,97632000
3910,2001-08-31,17.48597526550293,17.795543584668803,17.25609828698392,17.424674504054906,57900800
3911,2001-09-04,17.194801330566406,18.108180422912216,17.18560662353968,17.528889326712818,67189200
3912,2001-09-05,17.697465896606445,17.89669194427037,16.977183871072317,17.219321277626065,89470600
3913,2001-09-06,17.170276641845703,17.896687512406498,17.133496655406024,17.335788334646296,112356800
3914,2001-09-07,16.98024559020996,17.580990443897118,16.95266030768276,17.197862169471936,89863800
3915,2001-09-10,17.64842414855957,17.761829808107407,16.765696139145206,16.83312593090114,84471800
3916,2001-09-17,16.217063903808594,16.888304648110537,16.183348407065562,16.55728221572035,127502000
3917,2001-09-18,16.649219512939453,16.857641354127647,16.29674108966734,16.370302220939738,83182600
3918,2001-09-19,16.511302947998047,16.765700793768666,15.509038807126284,16.692139618721978,126950200
3919,2001-09-20,15.55807399749756,16.12510460145181,15.530488712232597,16.045413257702002,117983200
3920,2001-09-21,15.236248016357422,15.509035215810943,14.558877370871611,14.687607935875096,184976600
3921,2001-09-24,15.941207885742188,16.07606984719292,15.285292172481665,15.524365118137398,85580200
3922,2001-09-25,15.723587989807127,16.24464280416095,15.374175105244856,16.02089597754151,84940600
3923,2001-09-26,15.407894134521484,15.876842990751554,15.187211769606035,15.78795690830336,58524400
3924,2001-09-27,15.312878608703612,15.533560984459942,14.712133440495077,15.355788810830608,81191200
3925,2001-09-28,15.683737754821776,15.812469457062738,15.012497470010342,15.208658950363564,116641200
3926,2001-10-01,15.873772621154783,16.091389223373614,15.450798634188814,15.613244665533172,69999600
3927,2001-10-02,16.259971618652344,16.413223002747493,15.803283148809353,15.82473824904545,80860800
3928,2001-10-03,17.234647750854492,17.449199888019795,16.06074294495439,16.085262554485094,97199200
3929,2001-10-04,17.29901123046875,17.899757385491625,17.22851575277634,17.446132379898344,101778000
3930,2001-10-05,17.691326141357422,17.77714647432627,16.839248325625682,17.213181780785963,80844400
3931,2001-10-08,17.78940773010254,17.976374466869977,17.390954661320706,17.40934406545232,60605800
3932,2001-10-09,16.722789764404297,17.645362489023956,16.609382909792807,17.62390739095479,99477600
3933,2001-10-10,17.013965606689453,17.08752677452321,16.244644287887535,16.42854545364928,86349200
3934,2001-10-11,17.262229919433594,17.42161144480232,16.731980451741517,17.090588006909996,83742600
3935,2001-10-12,17.280622482299805,17.360312669517413,16.719721982383753,17.072200553619908,63307000
3936,2001-10-15,17.795551300048828,17.93041209833246,17.118179287730435,17.133505361648243,68437000
3937,2001-10-16,17.915081024169922,18.056071969624227,17.535017204668236,17.737308917037634,66169000
3938,2001-10-17,17.173341751098633,18.17560547786806,17.158016853650086,18.120434911681507,73710600
3939,2001-10-18,17.394031524658203,17.648429375140832,17.010903076978508,17.26836544058787,78348000
3940,2001-10-19,17.74650764465332,17.780221961121754,17.050746342141714,17.59325628733927,91219600
3941,2001-10-22,18.43919944763184,18.44532964096102,17.61470773690128,17.746503970441662,72323600
3942,2001-10-23,18.521949768066406,18.83151683877296,18.20625250586281,18.53421015106049,80325000
3943,2001-10-24,18.794754028320312,18.886704646345397,18.273698967224146,18.54342179341784,79141400
3944,2001-10-25,19.174808502197266,19.187067721062743,18.25836495444622,18.577128029247884,75318200
3945,2001-10-26,19.06446647644043,19.502765391953737,19.027686483095337,19.10124646978553,64509400
3946,2001-10-29,18.27982521057129,19.064472731052398,18.249175400930703,19.03382175219652,55129400
3947,2001-10-30,18.04687118530273,18.249162829536687,17.835383669139183,18.059130399184728,57395600
3948,2001-10-31,17.823131561279297,18.613907878850217,17.807805491691006,18.175608946725948,64700000
3949,2001-11-01,18.95413017272949,19.07979625389821,18.267563495885533,18.4146858453069,109671200
3950,2001-11-02,18.819271087646484,19.31580526196548,18.546482632349846,18.981717186275745,83360000
3951,2001-11-05,19.39242935180664,19.625370929982587,18.92654502623953,18.96026051619472,66401600
3952,2001-11-06,19.85524177551269,19.90428332315108,19.05220514037181,19.2177168560068,68612000
3953,2001-11-07,19.692800521850582,19.93800364270877,19.625369546693072,19.683605814043705,58899000
3954,2001-11-08,19.744903564453125,20.247567810258406,19.51196202464642,19.75716395318375,74227800
3955,2001-11-09,19.987037658691406,20.12189957388497,19.588584444886862,19.720379509584937,48013600
3956,2001-11-12,20.1648063659668,20.36403352396244,19.50889098802122,19.83071731546409,57752800
3957,2001-11-13,20.8115348815918,20.82685861433188,20.41308041546749,20.474382361718234,60159600
3958,2001-11-14,20.213855743408203,20.946397140295637,20.16481651862471,20.912683988624103,88625600
3959,2001-11-15,20.265958786010746,20.55100638239252,20.060600205679386,20.259827422665357,77922000
3960,2001-11-16,20.152551651000977,20.4161441486436,19.907348566263217,20.339518476966784,59249000
3961,2001-11-19,20.394685745239254,20.5264819726777,20.137222314192964,20.30579969990361,56005000
3962,2001-11-20,20.04527473449707,20.780881597295355,19.931867906749208,20.367101129300863,65921800
3963,2001-11-21,19.631502151489254,19.8000772616061,19.45679450761163,19.72651725607203,50785200
3964,2001-11-23,19.833797454833984,19.864447269539145,19.4997093299996,19.73265096171908,15754600
3965,2001-11-26,19.965585708618164,20.14029215423578,19.73877436517758,19.919609835891418,41983600
3966,2001-11-27,19.536481857299805,19.94412982455095,19.23304368157417,19.858309446017017,90819000
3967,2001-11-28,19.24836158752441,19.652946064542636,19.22690650068744,19.36176721355049,54536600
3968,2001-11-29,19.873634338378903,19.892026090874857,19.29434558021801,19.34645047902472,54034400
3969,2001-11-30,19.6805362701416,19.947194436367475,19.594715896210463,19.81846387547077,48234200
3970,2001-12-03,19.8521785736084,19.9931718714632,19.554871753815213,19.56406762975335,47211800
3971,2001-12-04,20.229171752929688,20.25369252233808,19.64681634084131,19.92266915061257,51005800
3972,2001-12-05,20.87283515930176,20.89429025657056,19.98397678679538,20.379365583689157,74243000
3973,2001-12-06,21.041406631469727,21.14868208741564,20.70425419631278,20.836050424597627,56026200
3974,2001-12-07,20.790082931518555,21.099649037823507,20.397759769857647,20.918813530482826,42334800
3975,2001-12-10,20.5540714263916,20.980110015380685,20.49277181844517,20.695062395412503,38367400
3976,2001-12-11,20.633769989013672,20.88203652780528,20.557144283121847,20.737982165010656,54334000
3977,2001-12-12,20.82684898376465,20.83604602527205,20.30579554294008,20.58471400793811,47884200
3978,2001-12-13,20.31192970275879,20.91574030086084,20.25063010778006,20.575522170340697,53227800
3979,2001-12-14,20.670543670654297,20.826858370294246,20.20772392021239,20.2353080418794,43000600
3980,2001-12-17,21.14255142211914,21.18239592025437,20.584716756079008,20.58778009856138,57079800
3981,2001-12-18,21.23144149780273,21.27128834633205,21.02608524521193,21.124166017973963,47255200
3982,2001-12-19,21.298866271972656,21.42146778686955,20.980103268612503,21.03221049088352,56996200
3983,2001-12-20,20.46211814880371,21.22530911417773,20.4192079636617,21.19465931599482,78585000
3984,2001-12-21,20.70118904113769,20.84830900205022,20.535677331288888,20.845245659252196,84307600
3985,2001-12-24,20.618432998657227,20.85137567602719,20.596977905901426,20.756360599312877,11701600
3986,2001-12-26,20.744102478027344,21.170141036733696,20.65521641592192,20.66441112261731,29328000
3987,2001-12-27,20.796205520629883,21.0597980017345,20.61537006926473,20.83605236399695,32406600
3988,2001-12-28,20.802330017089844,21.10270122255045,20.75022280361161,20.91267112803468,28787200
3989,2001-12-31,20.30579948425293,20.989301386367718,20.30579948425293,20.79313754942883,43006200
3990,2002-01-02,20.54793930053711,20.569394393924064,20.0789905890581,20.42840344617696,48124000
3991,2002-01-03,21.21917152404785,21.225300545838355,20.563253947883368,20.569385308102635,67590800
3992,2002-01-04,21.1180362701416,21.427604648566444,21.047539620991984,21.22531174629972,52731400
3993,2002-01-07,21.013830184936523,21.46132397028928,20.949464880717706,21.378569247273848,58508800
3994,2002-01-08,21.26515007019043,21.41227235072476,20.842177313601887,21.053664861110818,47736400
3995,2002-01-09,21.05980110168457,21.645222405184523,21.01076188365328,21.369369496164392,76304000
3996,2002-01-10,21.2345027923584,21.39388547668532,20.882024284235364,20.989302080329463,50296600
3997,2002-01-11,21.029146194458008,21.553265425180467,20.87282919421215,21.30806237924303,72993200
3998,2002-01-14,20.98624420166016,21.160950680076805,20.76249615954667,20.93413929405512,50997800
3999,2002-01-15,21.317258834838867,21.338713925384543,20.99543013822422,21.044471681431187,60717400
4000,2002-01-16,20.802330017089844,21.40613810843425,20.79619865624346,21.10270122255045,61955400
4001,2002-01-17,21.41227912902832,21.455189320595103,20.964785460953227,21.0046299707138,78958000
4002,2002-01-18,20.25982666015625,20.79620634962257,20.051404744426428,20.56632933985129,107140400
4003,2002-01-22,19.757160186767575,20.422270364207407,19.69279491202465,20.41614134022553,76837200
4004,2002-01-23,19.536481857299805,19.83378866974163,19.38323051322352,19.63149811154449,80403000
4005,2002-01-24,19.80007553100586,19.97784767240312,19.55487358529852,19.64682416878688,83886000
4006,2002-01-25,19.55486488342285,19.876692367027097,19.46597885227832,19.67440187490062,48981200
4007,2002-01-28,19.561006546020508,19.73877871255477,19.282089074111628,19.68667380325593,41622000
4008,2002-01-29,19.10124969482422,19.769425727684727,19.0001044037442,19.58552456069463,58666000
4009,2002-01-30,19.26369285583496,19.279018925115828,18.797809813912725,19.141092486092504,66100000
4010,2002-01-31,19.527278900146484,19.557929859375346,19.039939755945703,19.32805292662431,69566200
4011,2002-02-01,19.205453872680664,19.76941873291537,19.147218796555254,19.66214328499628,63462200
4012,2002-02-04,18.733436584472656,19.214645521557365,18.62003096196094,19.125760665650617,70308400
4013,2002-02-05,18.74263572692871,19.07365794935378,18.543408555751284,18.63535910813521,66772600
4014,2002-02-06,18.51276397705078,18.969452355882304,18.466788103298462,18.88363197204068,66103000
4015,2002-02-07,18.328866958618164,18.883637440043305,18.31354205266821,18.48211835654844,63314000
4016,2002-02-08,18.58938980102539,18.592454313666128,18.031554963207647,18.426942569905243,61283000
4017,2002-02-11,18.73650932312012,18.770224805295623,18.264494911092868,18.39322547661942,50899600
4018,2002-02-12,18.43307304382324,18.650689690280757,18.39629304550164,18.540349695315932,44973800
4019,2002-02-13,18.9480037689209,18.96639435858235,18.374843837116543,18.469858960662112,54168600
4020,2002-02-14,18.905086517333984,19.30660547286834,18.794745358914465,19.003167287214666,57267000
4021,2002-02-15,18.460657119750977,19.02155761100744,18.451462413079557,18.911216454090432,50179800
4022,2002-02-19,18.062198638916016,18.43306651102652,17.961052217859706,18.362571052054538,52262600
4023,2002-02-20,18.359508514404297,18.500499447507117,18.02235491051499,18.20625719514955,50492000
4024,2002-02-21,17.792478561401367,18.472914817125343,17.78021817481548,18.30433859382129,59398400
4025,2002-02-22,17.774093627929688,18.00703518566405,17.516631290846906,17.792483043225882,71347800
4026,2002-02-25,18.108179092407227,18.35644551760761,17.743440150946,17.75876505126955,51832200
4027,2002-02-26,17.94572639465332,18.390155383599904,17.746500412859742,18.11430258516007,63276200
4028,2002-02-27,17.89669418334961,18.436139641876927,17.77409379311349,18.105116132887648,65750000
4029,2002-02-28,17.881366729736328,18.298210569344764,17.82006595875598,18.016227490521132,68068000
4030,2002-03-01,18.81007194519043,18.82539684762944,18.03768493627001,18.09898571524118,62115600
4031,2002-03-04,19.4016170501709,19.462917812557343,18.65681553483034,18.77022235447044,74464200
4032,2002-03-05,19.33418846130371,19.579390356821303,19.10737597719065,19.30966768714452,55926400
4033,2002-03-06,19.502769470214844,19.524224568253903,19.061404780919474,19.28208712556716,49835400
4034,2002-03-07,19.223848342895508,19.57939140269174,18.960255852678227,19.51502495169304,58079200
4035,2002-03-08,19.60085105895996,19.830726951806337,19.361778119349587,19.50277027268424,57701800
4036,2002-03-11,19.72038078308105,19.92267366893501,19.30966832527547,19.465984173454096,43718200
4037,2002-03-12,19.168682098388672,19.248372298238785,18.902023866379988,19.162551903136325,66407200
4038,2002-03-13,19.03381729125977,19.31580038456929,18.98784258757393,19.02768826614033,44387400
4039,2002-03-14,18.76409339904785,19.07672625554764,18.71198733835712,19.046075287725188,51819600
4040,2002-03-15,19.15335464477539,19.15948366999652,18.68747039056196,18.69666509760869,69086800
4041,2002-03-18,19.04607582092285,19.306603793240296,18.757963730615284,19.229978125361324,52296800
4042,2002-03-19,19.073657989501957,19.30966514828678,18.849911216184715,19.05833309227483,36376400
4043,2002-03-20,18.42081069946289,19.009296456222145,18.42081069946289,18.81926512097949,55235200
4044,2002-03-21,18.807004928588867,18.877500405795267,18.33805619493913,18.454526373341903,46123400
4045,2002-03-22,18.52809333801269,18.73957983590208,18.457597838716232,18.711994538854302,41341400
4046,2002-03-25,18.154151916503903,18.629230792707453,18.129632312364183,18.537280231057547,47752400
4047,2002-03-26,18.108179092407227,18.67214290728956,17.872171885936712,18.114308117164686,69357200
4048,2002-03-27,18.218515396118164,18.353377297839124,17.95798863559947,18.02235390548554,47318400
4049,2002-03-28,18.48517417907715,18.58938512085112,18.285947000351552,18.374833044350037,43901200
4050,2002-04-01,18.50662422180176,18.51275441308279,18.14495112072208,18.33804805382398,47010000
4051,2002-04-02,17.55647850036621,18.11124894158526,17.504373590069516,18.053013835509784,76509400
4052,2002-04-03,17.265296936035156,17.65762000161226,17.010899144364718,17.605513936781882,76931400
4053,2002-04-04,17.302080154418945,17.46146172180536,16.986381532635296,17.158023490408784,61763800
4054,2002-04-05,17.12430191040039,17.562600772507935,17.115107205488197,17.43693473877733,50166000
4055,2002-04-08,17.5380859375,17.56567122895056,16.630837001578826,16.64309739093798,73389600
4056,2002-04-09,16.81780433654785,17.60245174014537,16.796349239152402,17.571801935070475,63413000
4057,2002-04-10,17.256103515625,17.50437114856854,16.876040784073922,16.894430199630023,75636400
4058,2002-04-11,16.79327964782715,17.302073975024207,16.704393603089073,17.130432078552214,58165800
4059,2002-04-12,17.142696380615234,17.243841665252344,16.81473857987077,16.903624644913858,52297600
4060,2002-04-15,17.069133758544922,17.394027018934914,16.98024887031142,17.1641500098741,47388800
4061,2002-04-16,17.718915939331055,17.807800805793484,17.27448693016033,17.286747314918816,51921600
4062,2002-04-17,17.357250213623047,17.862979024936987,17.292883750657694,17.761833730360255,55158600
4063,2002-04-18,17.277565002441406,17.565678424325185,16.146569928112562,17.406296805014396,74794800
4064,2002-04-19,17.53195571899414,17.771027465097376,17.4277447480131,17.605515716618946,104268600
4065,2002-04-22,17.038482666015625,17.37870080069504,16.85764605250201,17.323530229167844,51465200
4066,2002-04-23,16.54808235168457,17.108981720764977,16.336594726785904,17.072201721779805,68281400
4067,2002-04-24,16.250778198242188,16.68294708888757,16.2446480020865,16.50517490801872,61220400
4068,2002-04-25,16.4683837890625,16.68906602491124,16.207857058907962,16.2139872509276,57290400
4069,2002-04-26,15.784889221191406,16.689072429840518,15.772628832446834,16.572601075197152,62776600
4070,2002-04-29,16.01170539855957,16.21706169553589,15.766502244441474,15.775698122710844,70246000
4071,2002-04-30,16.0178279876709,16.336591024543658,15.913617039816913,15.968787610399309,77384000
4072,2002-05-01,16.168014526367188,16.30287526927169,15.5274239514449,15.987177919019324,76413000
4073,2002-05-02,15.695999145507812,16.572596840074873,15.67760973630539,16.134297992791343,79009200
4074,2002-05-03,15.190279006958008,15.840064607794124,15.17495293176928,15.711332825344156,71628000
4075,2002-05-06,14.902145385742188,15.490630563235506,14.82551979075493,15.153477243763293,66299400
4076,2002-05-07,15.162689208984377,15.414021333853585,14.81940533713104,15.073803143814404,88385400
4077,2002-05-08,16.848451614379883,16.848451614379883,15.69906663801338,15.714391537188629,101242000
4078,2002-05-09,15.974919319152832,16.857647362995312,15.907489524767003,16.673746223084972,83288200
4079,2002-05-10,15.340456008911133,16.143492551781076,15.32206659987458,16.10058237174283,64408800
4080,2002-05-13,16.149627685546875,16.21705865721747,15.248510121400626,15.46306225644928,64819000
4081,2002-05-14,16.82086181640625,16.888291588533978,16.545009028382903,16.673740719198648,64832400
4082,2002-05-15,16.78101921081543,17.299008241336985,16.50823205364092,16.701329040433176,70412000
4083,2002-05-16,17.08445930480957,17.17334419032184,16.750371348434104,16.768760760298417,53406400
4084,2002-05-17,17.173341751098633,17.28674856449029,16.940400269922417,17.228512317285187,54646200
4085,2002-05-20,16.5542049407959,17.026219226241434,16.397889128974136,17.01089433005728,52115800
4086,2002-05-21,15.996380805969238,16.73505251158225,15.977991386158008,16.535826391929724,63120000
4087,2002-05-22,16.456125259399414,16.465321133072408,15.892160391401868,15.898290584112296,54169400
4088,2002-05-23,16.80247688293457,16.808607076861843,16.247706609273415,16.459194207511974,51412800
4089,2002-05-24,16.324331283569336,16.710525292920536,16.25690149291323,16.594053953838365,35982000
4090,2002-05-28,16.036218643188477,16.45612694863161,15.861512225259045,16.42547715114796,49602000
4091,2002-05-29,15.953458786010742,16.158816119137782,15.8002074985962,15.83085845760783,45393200
4092,2002-05-30,16.134300231933594,16.354982526707087,15.763432284828609,15.827797564399246,63213000
4093,2002-05-31,15.604049682617188,16.37337081068395,15.594854977373242,16.213990463453115,66468000
4094,2002-06-03,15.14735507965088,15.827791097723807,15.070729444073816,15.628565146752091,88439000
4095,2002-06-04,15.319005966186523,15.70213437021044,15.09219460576482,15.17188479934715,88008400
4096,2002-06-05,15.833932876586914,15.861518172350916,15.426284804980268,15.456934613955708,66969400
4097,2002-06-06,15.907496452331545,15.9810564726444,15.325140640313457,15.78489485952286,78703400
4098,2002-06-07,15.932008743286133,16.12204007246285,15.282223406310498,15.291418112317707,97834400
4099,2002-06-10,16.18947410583496,16.336595275936162,15.77263020594066,15.830866472941118,71825400
4100,2002-06-11,16.112852096557617,16.60632179145123,16.06687620888831,16.31820958047436,74368200
4101,2002-06-12,17.023157119750977,17.09671709951344,16.091388801851277,16.115909574581963,136198600
4102,2002-06-13,16.61857032775879,17.004763065638368,16.61244013582869,16.80860160073353,79771600
4103,2002-06-14,16.93427085876465,17.026221416914986,16.244639918814958,16.290615782497518,109433600
4104,2002-06-17,17.06607437133789,17.29901596268648,16.971058091474298,17.059944175616177,94486600
4105,2002-06-18,17.16108512878418,17.253035696589688,16.964922436460217,17.020093010986503,77518400
4106,2002-06-19,16.66149139404297,17.145765180955532,16.649231002167888,17.001709668676934,81247000
4107,2002-06-20,16.58179473876953,16.888297422807526,16.520495137333896,16.664550603765584,86401200
4108,2002-06-21,16.023963928222656,16.719725334144083,16.023963928222656,16.367247861462683,116820000
4109,2002-06-24,16.600187301635742,16.747308467224208,15.892165596102098,15.965726763503875,104523200
4110,2002-06-25,16.229318618774414,16.857648936189374,16.18334274489879,16.765698357653168,84025200
4111,2002-06-26,16.59099006652832,16.670680247292278,15.64696126963961,15.64696126963961,112131400
4112,2002-06-27,16.833131790161133,16.83926198594817,16.201736823894972,16.735050995999103,95812400
4113,2002-06-28,16.76569938659668,17.099787405513393,16.551147244034688,16.719723509899428,89555600
4114,2002-07-01,16.140424728393555,16.670674015756457,16.1159051316374,16.58791818442729,66473800
4115,2002-07-02,15.766496658325195,16.220120461978954,15.732782347333565,16.054609911569994,82814200
4116,2002-07-03,15.8891019821167,16.097523937460174,15.463063363440083,15.705200807032528,80936600
4117,2002-07-05,16.811668395996094,16.826994462510694,16.25996390869724,16.272224294223033,35673600
4118,2002-07-08,16.220125198364258,16.83619638934494,16.115915384335814,16.676814816783153,63199400
4119,2002-07-09,16.30900764465332,16.774891867770666,16.23544765475924,16.339658614788316,85277200
4120,2002-07-10,16.01170539855957,16.612450553875263,15.977989906407569,16.456133484664214,90673400
4121,2002-07-11,16.217063903808594,16.26610430746697,15.708269277397129,15.950406781992127,129550600
4122,2002-07-12,15.89523220062256,16.46839199405479,15.778760832649404,16.3580508211555,95733800
4123,2002-07-15,15.876842498779297,15.89523308502414,14.71213226188943,15.751176415810937,136965600
4124,2002-07-16,15.70826816558838,16.18334726163139,15.521301274494231,15.726658754114403,97154600
4125,2002-07-17,15.938135147094728,16.33658829192917,15.683737428716157,16.09751663887143,98034800
4126,2002-07-18,15.665350914001465,16.16495056998446,15.527424485145442,15.956528670649767,91053600
4127,2002-07-19,15.190279006958008,15.597927118082916,14.960401909711631,15.285294125522002,112543400
4128,2002-07-22,14.56194019317627,15.322067783965416,14.06847191538647,15.003304751597684,180069800
4129,2002-07-23,13.182677268981934,14.344322487961843,13.170418052694686,14.249307423358418,168061600
4130,2002-07-24,14.169618606567385,14.209464281927088,12.69227579809444,12.796486754963336,202307800
4131,2002-07-25,13.127511978149414,14.01023896448984,13.007974935943343,13.930548772234207,163411400
4132,2002-07-26,13.899893760681152,13.918284339342716,13.388034931355762,13.406425510017325,123538000
4133,2002-07-29,14.7887544631958,14.804079363511562,14.267699667955238,14.35965023906476,112148600
4134,2002-07-30,14.74278163909912,14.966529672955538,14.506775553201322,14.574205362365612,122690600
4135,2002-07-31,14.706000328063965,14.712130522754254,14.209466250301231,14.592594649331293,93875600
4136,2002-08-01,14.02249813079834,14.739714475404494,13.945872457952447,14.583398617253463,92002800
4137,2002-08-02,13.611783027648926,14.053146435309856,13.424816218746251,13.94893548457139,85947600
4138,2002-08-05,13.483057975769045,13.844730185027306,13.427887381139827,13.57500857707929,78941600
4139,2002-08-06,13.997973442077637,14.482248120340632,13.743576887320415,13.76196746458098,88715800
4140,2002-08-07,14.43321132659912,14.497576609138193,13.841661057439229,14.405626038480245,86349400
4141,2002-08-08,14.991044044494627,15.018629328805924,14.224787446086165,14.43933952748349,88748000
4142,2002-08-09,14.748912811279297,15.064611456154893,14.607921819160634,14.75810868934983,69049400
4143,2002-08-12,14.85618495941162,14.942005333846996,14.589526791619,14.592592473114498,56866600
4144,2002-08-13,14.424015998840332,15.23318285651131,14.381104643114842,14.709063574049184,100122800
4145,2002-08-14,15.236248016357422,15.242378210293056,14.469991312627338,14.482251700498605,96706000
4146,2002-08-15,15.25463581085205,15.55194373172429,14.942002992548348,15.312870888777502,98745600
4147,2002-08-16,15.325135231018066,15.395630712774944,14.994111748804862,15.150428782921663,69334000
4148,2002-08-19,15.938135147094728,15.953460043200932,15.279154091596306,15.33739033370036,79848200
4149,2002-08-20,15.643895149230955,15.846186846453133,15.555009102320431,15.748106094419034,70317600
4150,2002-08-21,16.023963928222656,16.05461490577011,15.677616651050748,15.803282735957202,81203400
4151,2002-08-22,16.315139770507812,16.382570743574153,16.122042728045628,16.198668408633708,72517600
4152,2002-08-23,16.005571365356445,16.19866722448795,15.88910001199656,16.140432132415512,57929200
4153,2002-08-26,15.968786239624023,16.137363618163178,15.686804386821654,16.09138775688619,55652400
4154,2002-08-27,15.582596778869627,16.076066295973188,15.524361688789789,16.039286300618286,65470200
4155,2002-08-28,15.13510036468506,15.527423361288673,15.110579592789955,15.472252793739443,68875000
4156,2002-08-29,15.502902030944824,15.631632561403952,14.871506255586535,14.98491188992643,94275600
4157,2002-08-30,15.043155670166016,15.472258822600208,15.01863488871624,15.36804783986908,58138400
4158,2002-09-03,14.41175651550293,14.871510547038357,14.405626321443329,14.871510547038357,74452600
4159,2002-09-04,14.776494026184082,14.896029885150975,14.45160193139508,14.543552502199232,80232000
4160,2002-09-05,14.071537017822266,14.56500648553248,14.06234231220762,14.558876292051096,90438800
4161,2002-09-06,14.656963348388672,14.794889837958774,14.549687839398231,14.635508246590584,69918400
4162,2002-09-09,14.926680564880373,15.003306233930871,14.292220118679426,14.482251450544489,81653200
4163,2002-09-10,15.260770797729492,15.269965505233875,14.81940613007755,14.877642395512233,83950000
4164,2002-09-11,14.889900207519531,15.66228590377854,14.874574138711743,15.39562890937448,77443200
4165,2002-09-12,14.451602935791016,14.80408034324017,14.4117572569611,14.758105639250294,63726800
4166,2002-09-13,14.684542655944824,14.791818121173709,14.359649409628256,14.374975478273708,59549200
4167,2002-09-16,14.64470100402832,14.751977667934211,14.42095413709117,14.58953041555448,50166200
4168,2002-09-17,14.494512557983398,14.98798207824808,14.469991781446405,14.917485430311716,73343400
4169,2002-09-18,14.635501861572266,14.785688677852356,14.301413918906002,14.319804499230557,83951800
4170,2002-09-19,14.46693229675293,14.656963704097285,14.279965402933234,14.30755070151672,77777600
4171,2002-09-20,14.546618461608888,14.71213020704981,14.49757807435399,14.623244139770604,130619200
4172,2002-09-23,13.863112449645996,14.316736157076887,13.734381918943754,14.28302068402212,89783800
4173,2002-09-24,13.988777160644531,14.246239367187078,13.67921007822784,13.74051082630264,104142200
4174,2002-09-25,14.25544261932373,14.393369092904472,13.8079488776753,14.221728298417522,107116600
4175,2002-09-26,14.160419464111328,14.55887258523268,14.083793818925894,14.43933676581773,100852200
4176,2002-09-27,13.869243621826172,14.436273003872408,13.850853043620267,14.111380973404392,81011600
4177,2002-09-30,13.406424522399902,13.804877676996137,13.21332755293005,13.752771625900932,115577000
4178,2002-10-01,14.169618606567385,14.175748800408488,13.237850188588412,13.584198540713706,110636600
4179,2002-10-02,13.979583740234377,14.347387093213282,13.84165733671546,14.129769359121378,103488600
4180,2002-10-03,13.731318473815918,14.27995849743438,13.670017710028048,13.884569798678182,105221400
4181,2002-10-04,13.415623664855955,13.967328305223374,13.391102887001162,13.912157724265128,107120400
4182,2002-10-07,13.501442909240724,13.811011272843649,13.391101756638294,13.427882920315731,89790000
4183,2002-10-08,13.789558410644531,14.092995460201196,13.525965874365326,13.71599724059784,115667600
4184,2002-10-09,13.483057975769045,13.930551759570156,13.427887381139827,13.556617989131109,123142600
4185,2002-10-10,14.215591430664062,14.289151402570257,13.25623793050951,13.486114888842044,118515000
4186,2002-10-11,14.97878646850586,14.987982344478068,14.408691265259002,14.51596791069142,108828800
4187,2002-10-14,15.107518196105955,15.119778584581622,14.663089052190594,14.788755111028664,76216200
4188,2002-10-15,16.027029037475586,16.051548649421512,15.524364715824507,15.711330410709692,133374200
4189,2002-10-16,15.450804710388184,15.71133159925004,15.410959022594684,15.444674514634162,95437400
4190,2002-10-17,15.561140060424805,16.09138951755463,15.340457772892446,16.02395855876089,182602400
4191,2002-10-18,16.290613174438477,16.30593807014095,15.67454231195351,16.12203581406748,152817200
4192,2002-10-21,16.09446144104004,16.241583813286802,15.74198392415718,15.928950818389358,112378600
4193,2002-10-22,15.836997032165527,15.9166884044465,15.640835453035807,15.7634370245995,87159000
4194,2002-10-23,16.30594825744629,16.324337676092394,15.763438192295004,15.763438192295004,110866600
4195,2002-10-24,15.702136993408203,16.35805274359997,15.600991685840414,16.354988230310465,95833400
4196,2002-10-25,16.14656639099121,16.18334639686253,15.680682029498394,15.708267326205709,75425800
4197,2002-10-28,15.922815322875977,16.397894268782757,15.78795338806876,16.36724446680748,79906600
4198,2002-10-29,15.959590911865234,16.088322616885268,15.58565735111022,15.984111682046068,90517200
4199,2002-10-30,16.27836036682129,16.364180758071225,15.82473646144785,15.999442926043866,94451200
4200,2002-10-31,16.388700485229492,16.572601645870535,16.198667960790008,16.302878930277284,105973800
4201,2002-11-01,16.244646072387695,16.318207248302265,15.90749350838272,16.069939594957724,105097800
4202,2002-11-04,17.194801330566406,17.547279909981302,17.017030369164527,17.3940285570557,139964200
4203,2002-11-05,17.372577667236328,17.409357673463024,17.035425076858427,17.096724697497816,76658200
4204,2002-11-06,17.47984504699707,17.50130013809044,17.020091090628167,17.46758583009713,115407000
4205,2002-11-07,17.167217254638672,17.354184105507894,17.010901378051766,17.225453521167516,73699600
4206,2002-11-08,16.8882999420166,17.332729134009696,16.86071464956972,17.164152866485455,64522200
4207,2002-11-11,16.50823402404785,16.888296680795992,16.49597363661342,16.87910197482762,58341200
4208,2002-11-12,16.70746612548828,16.989449292804185,16.52050041068611,16.58180003168862,81398600
4209,2002-11-13,16.967985153198242,17.142691552267472,16.58485687993858,16.6247025477377,107370200
4210,2002-11-14,17.467586517333984,17.470651029375848,17.12430270790456,17.16108386769581,78337000
4211,2002-11-15,17.375635147094727,17.446130617666398,17.063002297680242,17.34804986128713,77533600
4212,2002-11-18,17.118175506591797,17.479848789916783,17.08446119137932,17.4553291816518,58086400
4213,2002-11-19,16.81473731994629,17.10284942008067,16.646161078705802,17.02622374958818,76403400
4214,2002-11-20,17.354171752929688,17.439993250617913,16.836182933018087,16.86070252577595,76435400
4215,2002-11-21,17.728116989135742,17.777157376509237,17.403223692026945,17.464524468547577,82922200
4216,2002-11-22,17.844581604003906,17.86910120381698,17.48597295686887,17.608574463578115,70002000
4217,2002-11-25,17.847646713256836,17.973312735695885,17.645355038861908,17.795541831149876,61583000
4218,2002-11-26,17.440011978149414,17.853790342433765,17.40323079569462,17.66682342387628,68650400
4219,2002-11-27,17.80167579650879,17.964121838935455,17.593253885478582,17.654553484663424,55191800
4220,2002-11-29,17.679073333740234,17.970251091476978,17.679073333740234,17.90895032628795,28393000
4221,2002-12-02,17.682132720947266,18.0713911224797,17.473710881241484,17.976376074729526,63735000
4222,2002-12-03,17.38176155090332,17.57792302089422,17.28981100799691,17.55646793318988,58457400
4223,2002-12-04,17.32966423034668,17.605515979379373,17.108981895748443,17.203998160748263,83892000
4224,2002-12-05,16.961856842041016,17.4982364841033,16.949596455325175,17.455326299812686,68435800
4225,2002-12-06,17.001699447631836,17.084455289214688,16.61857120097862,16.81779718770952,71670200
4226,2002-12-09,16.407087326049805,16.925077579546947,16.400957132428047,16.857646618922494,63862800
4227,2002-12-10,16.5542049407959,16.698261537199123,16.39175893665755,16.4162797059239,63730200
4228,2002-12-11,16.753440856933594,16.860716355517084,16.422418483293644,16.505173199792196,69186200
4229,2002-12-12,16.603246688842773,16.876035008117327,16.456125568671677,16.857644429640416,55242000
4230,2002-12-13,16.091400146484375,16.47452872140067,16.08833563233992,16.453073614742607,65245400
4231,2002-12-16,16.698265075683594,16.719720168730827,16.14349483022621,16.24464127106162,60140400
4232,2002-12-17,16.66149139404297,16.854588473821902,16.48371921950023,16.67988081264027,49549800
4233,2002-12-18,16.407087326049805,16.673745487129292,16.18027600811918,16.502103573364725,62709400
4234,2002-12-19,16.27836036682129,16.781024662796856,16.20786487840668,16.32127056244626,82686600
4235,2002-12-20,16.256906509399414,16.46532847766468,16.229321214505035,16.394832983871314,98294600
4236,2002-12-23,16.551145553588867,16.636965934162383,16.213993056294353,16.25996775908088,48798400
4237,2002-12-24,16.4959774017334,16.62164347858168,16.404026813417733,16.410157008534135,18386000
4238,2002-12-26,16.364173889160156,16.76262704170241,16.2967429419309,16.56033536922929,37228000
4239,2002-12-27,16.235448837280273,16.551146252767584,16.213993741230556,16.330463928581867,40891600
4240,2002-12-30,16.168014526367188,16.318201336896013,16.02089339704915,16.247704699625576,48019600
4241,2002-12-31,15.846189498901367,16.241578254405137,15.711327565369237,16.164952580976422,58208800
4242,2003-01-02,16.46532440185547,16.474519108139138,15.84925335812097,16.030089986727745,67025200
4243,2003-01-03,16.48677635192871,16.489840863700547,16.207859012103164,16.425475593559586,55546800
4244,2003-01-06,16.787155151367188,16.928146130662217,16.489847120458624,16.557278097171533,59456200
4245,2003-01-07,17.102848052978516,17.167213330435636,16.759565403992365,16.83312538702483,80517400
4246,2003-01-08,16.624706268310547,17.02622404024806,16.58486059159405,16.97105346301444,64566000
4247,2003-01-09,17.105913162231445,17.139627471285138,16.713588978724555,16.77182522999372,61808000
4248,2003-01-10,17.139623641967773,17.256094949269386,16.826992040560867,16.888291620937405,67730200
4249,2003-01-13,17.283687591552734,17.394028753982802,17.093656239153752,17.323533271144715,60817800
4250,2003-01-14,17.46146011352539,17.47065482086123,17.222387199857884,17.26529856226031,54206400
4251,2003-01-15,17.246906280517578,17.568733866955775,17.222385504415833,17.470653100978705,59622600
4252,2003-01-16,16.96491813659668,17.36337244478801,16.891358168682466,17.262226027387705,81371000
4253,2003-01-17,15.77263641357422,16.24465108417909,15.72666168750684,16.226260492222785,155876000
4254,2003-01-21,15.732784271240234,15.98411639360434,15.720523882535884,15.898294841888898,86159200
4255,2003-01-22,15.631643295288086,16.060747696570402,15.60405799564543,15.812479999786506,86948000
4256,2003-01-23,16.023963928222656,16.103655300630795,15.77263175840975,15.922818625354166,71374800
4257,2003-01-24,15.279160499572754,15.95346673397685,15.23318579197266,15.94733653912048,103027000
4258,2003-01-27,15.070737838745115,15.509036811923458,14.837796291292566,15.116713713386504,114838600
4259,2003-01-28,14.963460922241213,15.233183611233134,14.883770738946865,15.230117929636265,86151200
4260,2003-01-29,15.297554969787598,15.33740066186742,14.690679555439443,14.93588156590101,106884000
4261,2003-01-30,14.785689353942873,15.377238432913016,14.77036328503085,15.374173920659551,87877400
4262,2003-01-31,14.546618461608888,14.819405688790193,14.414822201633529,14.543553948937044,106858400
4263,2003-02-03,14.883769989013672,15.04928054124174,14.546616352457844,14.690672980663557,80129800
4264,2003-02-04,14.50370979309082,14.69374116752184,14.368849006271256,14.650830970316305,81854800
4265,2003-02-05,14.393366813659668,14.87457596922821,14.322871331485011,14.660025010094492,101072000
4266,2003-02-06,14.534356117248535,14.5956568853744,14.270764801972652,14.362715369554,83312000
4267,2003-02-07,14.276893615722656,14.6968019075925,14.224787558626952,14.675346816204502,75208000
4268,2003-02-10,14.522101402282717,14.565011602512756,14.264639031687214,14.34432923651225,74081400
4269,2003-02-11,14.23398208618164,14.610980190572931,14.099121346394318,14.497574541905983,84292000
4270,2003-02-12,14.23398208618164,14.43627378047001,14.17881151781074,14.267697563432163,71315200
4271,2003-02-13,14.40256404876709,14.442408562528282,14.138971509287716,14.224791901038156,73558200
4272,2003-02-14,14.804081916809082,14.86538269785978,14.33513310481926,14.482254277811847,90446400
4273,2003-02-18,15.300615310668944,15.319005894893944,14.957332589641334,15.092194535527788,57415500
4274,2003-02-19,15.085371017456056,15.300611811987896,14.863979145395469,15.263713557635915,46902700
4275,2003-02-20,14.8455228805542,15.294456331120005,14.820924446166035,15.23295848568884,50897200
4276,2003-02-21,15.14687442779541,15.251420505589913,14.574947126540062,14.937783445181282,56853200
4277,2003-02-24,14.802478790283203,15.06691877690059,14.66103452817712,15.030020528736864,62403700
4278,2003-02-25,14.8762788772583,14.925476940463597,14.378147167708557,14.476544467093497,68113000
4279,2003-02-26,14.519598007202148,15.048477089434911,14.501148286796726,14.80248668223656,57096000
4280,2003-02-27,14.501144409179688,14.88857905029493,14.328950583698203,14.697936682315968,75434300
4281,2003-02-28,14.574942588806152,14.802483222415448,14.482695181315048,14.59954103728914,56585400
4282,2003-03-03,14.476540565490724,14.833226720841456,14.390443098355004,14.771728865165668,50653500
4283,2003-03-04,14.187503814697266,14.550339945006822,14.181353910610326,14.501141885285572,56605700
4284,2003-03-05,14.415048599243164,14.482695212447677,14.175206981415034,14.187506792170224,55415900
4285,2003-03-06,14.310501098632812,14.45194538901141,14.22440360507569,14.249003224084694,54607600
4286,2003-03-07,14.488842010498049,14.630287457898811,14.082957726420268,14.113707246713592,66167600
4287,2003-03-10,14.113715171813965,14.42735224409879,14.076815726742286,14.335105977369434,48413600
4288,2003-03-11,14.02146053314209,14.304350268574378,13.99686208869868,14.181354527434372,53990700
4289,2003-03-12,14.38430118560791,14.415050717013417,13.867720787742307,14.027614832126869,72379500
4290,2003-03-13,15.171476364135742,15.214524548660997,14.41505524839898,14.5872479865,80701300
4291,2003-03-14,15.288314819335938,15.349811525541968,14.919328717227346,15.177618871405912,75451400
4292,2003-03-17,15.946344375610352,15.958644189857004,14.96238152240007,15.079227411793596,100983800
4293,2003-03-18,16.013978958129883,16.013978958129883,15.681891285526564,15.921731600424152,78108800
4294,2003-03-19,16.186176300048828,16.253824069536208,15.82949008697994,15.977084260700767,73652100
4295,2003-03-20,16.14313507080078,16.309179027328668,15.78644870472684,16.001690740265794,71798500
4296,2003-03-21,16.339929580688477,16.481373930214165,16.007842796020558,16.45062556656941,85586800
4297,2003-03-24,15.552749633789062,15.946334051054489,15.485101872206284,15.712642423572577,61105200
4298,2003-03-25,15.67574405670166,15.835638018225094,15.392855552219176,15.743391817762287,63595100
4299,2003-03-26,15.528151512145996,15.755693258333617,15.522001608413984,15.657295971595635,51673600
4300,2003-03-27,15.39901638031006,15.534310825443328,15.12227640961143,15.337518478713152,60043300
4301,2003-03-28,15.171476364135742,15.435916552476655,15.128428179610486,15.171476364135742,39584600
4302,2003-03-31,14.88857650756836,15.19606467507344,14.76558194435089,14.913176123996417,71384000
4303,2003-04-01,14.974676132202148,15.189918114811924,14.913178255317291,15.042322741098491,49803200
4304,2003-04-02,15.817193031311035,15.98938685043264,15.435908309435629,15.435908309435629,68282500
4305,2003-04-03,15.823349952697754,16.044741936456898,15.743403499104144,15.983244032859918,57394300
4306,2003-04-04,15.429760932922363,15.866393697744284,15.331364783864618,15.841795246967155,55740600
4307,2003-04-07,15.478949546813965,16.253819626778927,15.478949546813968,16.130823929143638,65627100
4308,2003-04-08,15.73108959197998,15.884833626762026,15.497399175219789,15.565045752901636,54132100
4309,2003-04-09,15.10996913909912,15.786443376927709,15.09152059880541,15.749545123365955,76875800
4310,2003-04-10,15.122269630432127,15.24526537848804,14.931627276622413,15.196066140886169,51608900
4311,2003-04-11,14.882431983947754,15.485108681130656,14.72868785672918,15.306764930529305,71565500
4312,2003-04-14,15.226815223693848,15.300611732012072,14.759433036772464,14.925476939949997,51599600
4313,2003-04-15,15.128421783447266,15.245267644168026,14.820933540584411,15.17761985538634,63399000
4314,2003-04-16,15.32521152496338,15.82949197179777,15.128419269903556,15.743395653452689,86178700
4315,2003-04-17,15.681901931762695,15.706501556644284,15.214519615784573,15.232969334445762,58356600
4316,2003-04-21,15.503547668457031,15.749539058743862,15.423601287695528,15.749539058743862,41557800
4317,2003-04-22,15.841788291931152,15.8663867319088,15.392855912328589,15.411304449068297,58844000
4318,2003-04-23,15.817193031311035,15.983236945502467,15.663448926979951,15.83564274610156,55559300
4319,2003-04-24,15.67574405670166,15.8171883089429,15.571198050050723,15.669594153607594,51703600
4320,2003-04-25,15.509711265563965,15.768001515055944,15.47896290111429,15.577359074923148,53657400
4321,2003-04-28,15.829489707946776,15.952485436256142,15.571199616876466,15.614247769892486,56287600
4322,2003-04-29,15.86638641357422,16.14312618885857,15.79258992214778,15.95863378731839,65877300
4323,2003-04-30,15.724946975708008,15.915589338735822,15.528154707682596,15.823343109720716,55566800
4324,2003-05-01,15.817193031311035,15.958638498756198,15.583502508836537,15.706498261491175,42085800
4325,2003-05-02,16.05087661743164,16.167722406122515,15.718788956828265,15.77413690026216,52695400
4326,2003-05-05,15.903289794921877,16.229226530388893,15.890989985628003,16.14313021128053,50391500
4327,2003-05-06,16.216930389404297,16.296876816167256,15.87869261962364,15.903292241996583,54299500
4328,2003-05-07,15.983240127563477,16.204632057228388,15.890993881194651,16.057037828443335,49120000
4329,2003-05-08,15.829489707946776,16.075479991591312,15.811039996808113,15.835639611659666,46401400
4330,2003-05-09,16.210783004760742,16.296879350505836,15.921743261802655,15.927893168352266,58913600
4331,2003-05-12,16.112375259399414,16.2784179249376,16.02627780259284,16.081625748763532,53900800
4332,2003-05-13,15.983240127563477,16.112385810859564,15.921742238992708,16.013989658336193,44501900
4333,2003-05-14,15.755695343017578,16.10008178675763,15.706497279626143,16.038583914274746,45021000
4334,2003-05-15,15.860252380371094,15.995546855339873,15.724956732427144,15.897150660276184,45450200
4335,2003-05-16,15.724946975708008,16.02013537774613,15.626550841695302,15.915589338735822,60620900
4336,2003-05-19,15.226815223693848,15.70649721965972,15.21451541464936,15.620399729322653,55336300
4337,2003-05-20,15.14687442779541,15.374416305221636,15.066927979117205,15.288319949264356,52677600
4338,2003-05-21,14.777878761291504,15.196061599153287,14.69178129419505,15.146863549229902,108960900
4339,2003-05-22,14.857834815979004,14.925482618486562,14.784038279584207,14.882434443427131,93157100
4340,2003-05-23,14.894735336303713,15.091528866720108,14.777890607182224,14.882436693694851,76968000
4341,2003-05-27,15.245265007019045,15.306761706574171,14.89472748549327,14.913177199144425,68486800
4342,2003-05-28,15.01157283782959,15.294462573075991,14.943925062949608,15.239114606896791,91467000
4343,2003-05-29,15.005427360534668,15.171471308060266,14.9008813016824,15.0484755307136,75451300
4344,2003-05-30,15.134566307067873,15.319058717988533,15.073068445769604,15.208362802246478,85096700
4345,2003-06-02,15.153018951416016,15.392860558187976,15.109970788731792,15.362111032717488,66310800
4346,2003-06-03,15.300615310668944,15.32521493451152,15.109972917787486,15.220668879129825,61058200
4347,2003-06-04,15.294461250305176,15.509702019081766,15.21451367363883,15.368257750178802,83484600
4348,2003-06-05,14.814781188964844,15.07922122184226,14.765583125148652,15.04847169884816,115877900
4349,2003-06-06,14.556488990783691,15.103817519531637,14.54418918333506,15.030021020788238,119629400
4350,2003-06-09,14.605692863464355,14.747137186522933,14.513446616816356,14.58724314494489,73610000
4351,2003-06-10,15.177624702453612,15.220672882526182,14.667194103211123,14.722542098440124,80655300
4352,2003-06-11,15.300615310668944,15.34981338537947,15.01772667432708,15.1714708044193,75768600
4353,2003-06-12,15.36826229095459,15.46050852953922,15.214518168988688,15.355962479683422,66177700
4354,2003-06-13,15.159167289733888,15.528153346421949,15.06077116434698,15.497404997103915,55157500
4355,2003-06-16,15.614243507385254,15.632693213487364,15.171461117699543,15.25140749819426,69658600
4356,2003-06-17,15.9647855758667,16.075481507186694,15.70034672912642,15.76799333039751,122213900
4357,2003-06-18,16.032432556152344,16.253824407828546,15.811040704476143,15.977084593233297,89957700
4358,2003-06-19,16.032432556152344,16.229224791875968,15.995534305197728,16.044732364128635,63626900
4359,2003-06-20,16.19232940673828,16.223077759146786,15.995537136185169,16.198479311814875,86048900
4360,2003-06-23,15.85409164428711,16.136980218657687,15.675747929421371,16.07548234549797,52584500
4361,2003-06-24,15.804890632629396,16.013982658590653,15.694194716182356,15.774141115297356,51820300
4362,2003-06-25,15.534302711486816,15.983235164598195,15.460505033521926,15.767993207922755,60483500
4363,2003-06-26,15.83564281463623,16.303025034582426,15.503554984816132,15.614250928089495,51758100
4364,2003-06-27,15.761849403381348,16.19848338995085,15.700352683081904,15.95864289645372,76040300
4365,2003-06-30,15.767995834350586,16.063185422404693,15.68189950652932,15.952489473506214,48073100
4366,2003-07-01,16.08163070678711,16.112380226903177,15.614248557791184,15.737244292306942,60926000
4367,2003-07-02,16.530559539794922,16.56130905320712,16.26612076229403,16.296869102732227,94069300
4368,2003-07-03,16.296876907348633,16.57361679571985,16.241528929674388,16.413722768324764,39440900
4369,2003-07-07,16.862653732299805,16.94260015197148,16.57361523290288,16.616663395262588,88960800
4370,2003-07-08,17.03484535217285,17.09634204875003,16.758105525678353,16.76425542993093,61896800
4371,2003-07-09,16.893404006958008,17.034849493202916,16.758109599435254,16.948751985711542,62300700
4372,2003-07-10,16.549020767211914,16.86265898448823,16.352228436287515,16.758112912062792,55350800
4373,2003-07-11,16.795007705688477,16.881105212383943,16.536717531551226,16.57361696569553,50377300
4374,2003-07-14,16.850357055664062,17.102497344636532,16.63511503086509,16.991801379141368,60464400
4375,2003-07-15,16.770404815673828,16.930298802374327,16.665858792560975,16.89339937799972,53567600
4376,2003-07-16,16.92415428161621,16.985652168827787,16.727361980918868,16.94875273271606,49838900
4377,2003-07-17,16.413726806640625,16.770413209978674,16.321480545479464,16.69046559012411,72805000
4378,2003-07-18,16.536712646484375,16.745804686303135,16.450616338196966,16.672008185763705,63388400
4379,2003-07-21,16.013978958129883,16.549007533358946,15.989379349948653,16.524409098151594,48480800
4380,2003-07-22,16.22308349609375,16.333779480668763,16.069339333733982,16.16158676952974,51791000
4381,2003-07-23,16.266124725341797,16.389119290034746,16.075481214660154,16.247675012799426,49828200
4382,2003-07-24,15.989383697509766,16.555161936802158,15.977083890074796,16.46906563070577,53556600
4383,2003-07-25,16.536712646484375,16.573612069728316,16.032432258559446,16.16157789396479,54173000
4384,2003-07-28,16.364524841308594,16.60436529803952,16.29072714609738,16.567467036921204,52658300
4385,2003-07-29,16.278430938720703,16.542871076726346,16.136986595639723,16.530571262638915,62391100
4386,2003-07-30,16.130834579467773,16.33992669971573,16.093936315004804,16.27227890405472,41240300
4387,2003-07-31,16.241533279418945,16.598219690526797,16.180035379646927,16.35837917168829,64504800
4388,2003-08-01,16.093929290771484,16.30302131976073,16.063180945968313,16.19232540171064,42649700
4389,2003-08-04,16.100088119506836,16.241532460770614,15.835647984898577,16.081638398612718,51825600
4390,2003-08-05,15.78029727935791,16.32147726936525,15.743399016894786,16.180031779469818,58825800
4391,2003-08-06,15.774150848388672,16.10623880263732,15.638856407569708,15.706504214466626,56294900
4392,2003-08-07,15.811047554016112,15.872545447564953,15.651154672953798,15.817197460668472,44258500
4393,2003-08-08,15.73108959197998,15.977079813036475,15.681891547768682,15.915581964528876,33241400
4394,2003-08-11,15.749547004699709,15.983237535805005,15.706498841573032,15.749547004699703,36433900
4395,2003-08-12,15.823349952697754,15.847949583326525,15.651157230196151,15.811050137383369,38208400
4396,2003-08-13,15.743396759033203,15.921739312839891,15.681898881764726,15.860242608545864,39636900
4397,2003-08-14,15.761849403381348,15.811047483405751,15.694202776457011,15.780299123256032,37338300
4398,2003-08-15,15.70649242401123,15.780288909797246,15.638844667895723,15.749540569548738,27607900
4399,2003-08-18,15.804890632629396,15.884837031744391,15.65729529538391,15.718793157073838,45817400
4400,2003-08-19,16.37066650390625,16.389115038688775,15.847936513878397,15.89713456158843,72952900
4401,2003-08-20,16.266124725341797,16.315322785813834,15.989384902077662,16.173877335604228,56739300
4402,2003-08-21,16.13698959350586,16.43832805678044,16.069341776432466,16.389129964265713,63802700
4403,2003-08-22,16.12468147277832,16.57361515536727,16.118531567759355,16.46906911599374,65846300
4404,2003-08-25,16.296876907348633,16.32147652985921,16.1308329743259,16.180031046372502,36132900
4405,2003-08-26,16.339929580688477,16.401427480952872,15.96479344475306,16.180035509191,47546000
4406,2003-08-27,16.247678756713867,16.346074900331132,16.17388106251364,16.303026734120397,30633900
4407,2003-08-28,16.303028106689453,16.34607627652446,16.136984160490446,16.29687820057379,46211200
4408,2003-08-29,16.30918312072754,16.32763167187784,16.204637029967426,16.272283672476895,34503000
4409,2003-09-02,16.76425552368164,16.788853967855214,16.27842364177978,16.419869094431473,74168900
4410,2003-09-03,17.403833389282227,17.46533127002014,16.838054997847546,16.862654619332517,109437800
4411,2003-09-04,17.483783721923828,17.50838217428335,17.213193708120915,17.280841504815317,59840800
4412,2003-09-05,17.45302963256836,17.68057141559078,17.323885152212622,17.360783407603634,64024500
4413,2003-09-08,17.735919952392578,17.78511801881217,17.42843174402651,17.459180095673347,46105300
4414,2003-09-09,17.446884155273438,17.655975090141588,17.40998472002499,17.61907682786775,44315200
4415,2003-09-10,16.94260025024414,17.330036059677656,16.899552087634742,17.237789829375448,54763500
4416,2003-09-11,17.120946884155273,17.28699083066149,16.96720274990314,17.010250919817793,37813300
4417,2003-09-12,17.428438186645508,17.46533645685646,16.881109348779443,16.89955789739749,55777200
4418,2003-09-15,17.44072723388672,17.59447129998805,17.42227752368387,17.446877137287668,41432300
4419,2003-09-16,17.772823333740234,17.803572867228098,17.416136956104403,17.471484943407788,52060600
4420,2003-09-17,17.526826858520508,17.803566699160577,17.50837714481972,17.68672085833762,47221600
4421,2003-09-18,18.14180374145508,18.14795364619216,17.477629278517394,17.52067743870257,67268100
4422,2003-09-19,18.42469596862793,18.430845874582367,18.154107144480456,18.301701368463068,92433800
4423,2003-09-22,17.877365112304688,18.44929339523282,17.717471095455732,18.074157387511253,65678700
4424,2003-09-23,18.203310012817383,18.270956650181063,17.7605260512918,17.90812148711695,57827800
4425,2003-09-24,17.502227783203125,18.26479955151779,17.477629337146677,18.209451581672784,66336500
4426,2003-09-25,17.36693000793457,17.809712507301896,17.354630200819713,17.508374270832917,56224500
4427,2003-09-26,17.336193084716797,17.69902942283317,17.305443546670954,17.385391172615208,49864700
4428,2003-09-29,17.729768753051758,17.778966815879492,17.280836283126867,17.471478629962554,47380300
4429,2003-09-30,17.096343994140625,17.59447573851307,17.065595642353188,17.58217592860832,63333700
4430,2003-10-01,17.539125442504883,17.60677204206712,17.10249163254761,17.237787177620646,58375900
4431,2003-10-02,17.526826858520508,17.68057095377069,17.336184508843107,17.496078508660215,38143600
4432,2003-10-03,17.88350486755371,18.11719526848442,17.791258687527744,17.932702908432482,57303000
4433,2003-10-06,17.951162338256836,18.018808948002505,17.77896851541218,17.92656271800426,34047600
4434,2003-10-07,17.9204158782959,18.061861372994077,17.78512146268748,17.840469444748802,52356800
4435,2003-10-08,17.72361946105957,18.055707276353655,17.637523141379347,18.055707276353655,46989100
4436,2003-10-09,17.79742431640625,18.0495646453419,17.711326789055768,17.96961702515751,62653300
4437,2003-10-10,17.778963088989258,17.957306762463723,17.631368931445266,17.778963088989258,37604700
4438,2003-10-13,17.69902229309082,17.895814565410124,17.526828468324194,17.82201687680315,39320300
4439,2003-10-14,17.637527465820312,17.69287544860644,17.514531687856774,17.625227653429025,34851300
4440,2003-10-15,17.977659225463867,18.095160597662098,17.748842067533374,18.05805533575134,57242100
4441,2003-10-16,18.076602935791016,18.12607699936869,17.81067940172801,17.878706681480327,42232500
4442,2003-10-17,17.891082763671875,18.113716730033083,17.810686640461352,18.107532322128023,49960000
4443,2003-10-20,18.15081024169922,18.1631790494981,17.810675104556555,17.90343998349374,38794500
4444,2003-10-21,18.15081024169922,18.200284293340317,18.039493330618143,18.15081024169922,44166800
4445,2003-10-22,17.8663387298584,18.064234993685574,17.810680258212656,17.95291922994887,48798500
4446,2003-10-23,17.878705978393555,17.983838506806073,17.37778095692435,17.761204639684347,67357900
4447,2003-10-24,16.456331253051758,16.944887625467395,16.338829875562404,16.864492691114716,210558300
4448,2003-10-27,16.641862869262695,16.759364275832848,16.58620437033764,16.641862869262695,65619100
4449,2003-10-28,16.821203231811523,16.833570866790833,16.623305737926557,16.75317593142747,71752600
4450,2003-10-29,16.53672981262207,16.852127571095636,16.487255723815746,16.796469073744106,73551500
4451,2003-10-30,16.153303146362305,16.722255659745482,16.023432948317332,16.703702437294737,98729400
4452,2003-10-31,16.16567039489746,16.351199076299473,16.147118352445823,16.30790940450553,69623700
4453,2003-11-03,16.499618530273438,16.5429081947646,16.258432582648453,16.295537840847324,57772300
4454,2003-11-04,16.12237548828125,16.46251070396787,16.0852702358707,16.44395748798524,84026100
4455,2003-11-05,16.14092445373535,16.27697779644908,16.07908159630024,16.17184529267571,61514400
4456,2003-11-06,16.221330642700195,16.2646203191946,16.079092797202808,16.239883866721463,68189800
4457,2003-11-07,16.14092445373535,16.38211030022245,16.097634807397093,16.314083039088388,57822100
4458,2003-11-10,16.079086303710938,16.22132409176601,16.079086303710938,16.153297990270612,54579100
4459,2003-11-11,15.955398559570312,16.128558353542903,15.875003657098327,16.085268699938403,64990700
4460,2003-11-12,16.06672477722168,16.165672951127096,15.831723159085136,15.98632982825676,75877300
4461,2003-11-13,15.88737678527832,16.035799000648847,15.738954569907794,15.992509335276807,78949500
4462,2003-11-14,15.769879341125488,16.091461477449535,15.73277407295124,15.893565141113262,83146400
4463,2003-11-17,15.553431510925291,15.732775822900424,15.361719561219902,15.701853779686434,103900200
4464,2003-11-18,15.553431510925291,15.98014627083566,15.534879464552237,15.664748507384983,106868300
4465,2003-11-19,15.677115440368652,15.794616831348128,15.565798457288642,15.640010172527049,78853300
4466,2003-11-20,15.522506713867188,15.850272031992471,15.510137899715849,15.565796383841846,106845700
4467,2003-11-21,15.528696060180664,15.695670386113418,15.510142833052395,15.664749520455054,70712900
4468,2003-11-24,15.912120819091797,15.961594914473697,15.633829474901908,15.664750342182291,99463800
4469,2003-11-25,15.708038330078123,16.048173731169367,15.695669512680912,15.998699641135868,85663800
4470,2003-11-26,15.738956451416016,15.850272241584932,15.658560337924232,15.83790460682509,69758400
4471,2003-11-28,15.899749755859377,15.92448738983596,15.70803781076208,15.769880716148233,33402600
4472,2003-12-01,15.980141639709473,16.20895879540394,15.769876525011586,16.017246901257632,101914600
4473,2003-12-02,15.868826866149902,16.134750499657414,15.837906007183744,16.048171150908054,85121700
4474,2003-12-03,15.875011444091797,16.122381857139228,15.844090584794056,15.967775201540189,93121600
4475,2003-12-04,16.202768325805664,16.221320358509868,15.86881758247634,15.905922827439218,87202400
4476,2003-12-05,16.06672477722168,16.375938115564924,16.02961950689597,16.054355960594684,96610900
4477,2003-12-08,16.227519989013672,16.28936290834918,15.961596261559896,16.153309429455526,90504000
4478,2003-12-09,16.314096450805664,16.456335493706572,16.233701495735904,16.35120290350435,103547100
4479,2003-12-10,16.443960189819336,16.468696635639137,16.314090015711958,16.357380860117683,82853700
4480,2003-12-11,16.456331253051758,16.555279408972773,16.25225053402028,16.443962438672866,79309000
4481,2003-12-12,16.481061935424805,16.580010056723236,16.388298219151856,16.505799555526735,69154100
4482,2003-12-15,16.53672981262207,16.759363802028194,16.499624540906158,16.728441759302164,88860600
4483,2003-12-16,16.73462677001953,16.796469678141598,16.555283633976437,16.592388907027534,73978000
4484,2003-12-17,16.722251892089844,16.746988336895733,16.60475053548602,16.722251892089844,53712300
4485,2003-12-18,16.944889068603516,16.975811107184267,16.7284395167589,16.759361555339655,61177800
4486,2003-12-19,16.920146942138672,17.037647110669525,16.81501440533675,17.000541856373193,76856400
4487,2003-12-22,16.808834075927734,16.963440715802633,16.678963885064192,16.79646526164453,43894800
4488,2003-12-23,16.7902774810791,16.907778834051616,16.703698157601885,16.80264629287722,39609000
4489,2003-12-24,16.722251892089844,16.796462406062368,16.6975142677291,16.784093593881995,19924200
4490,2003-12-26,16.827383041381836,16.852120665425662,16.697514053816253,16.7284349043162,12076900
4491,2003-12-29,16.98199462890625,17.025285483667655,16.79646711243525,16.827387971995353,40426700
4492,2003-12-30,17.019100189208984,17.03765223215648,16.944888478753647,16.95107288625452,34406600
4493,2003-12-31,16.926332473754883,17.03764824404884,16.839751968564233,16.957253324466286,42198900
4494,2004-01-02,16.97580909729004,17.173705402555765,16.901597393037882,17.056204028971106,44487700
4495,2004-01-05,17.402517318725586,17.42725493920633,17.142778201451115,17.1489626065713,67333700
4496,2004-01-06,17.4643611907959,17.489098812693705,17.359228656839694,17.433440342978376,46950800
4497,2004-01-07,17.44581413269043,17.507657029710558,17.322129518205323,17.42107768161547,54298200
4498,2004-01-08,17.414897918701172,17.61279429830259,17.315949728900463,17.55713579409526,58810800
4499,2004-01-09,17.10567283630371,17.353043141689497,17.06238318030553,17.334491106007224,67079900
4500,2004-01-12,17.05001449584961,17.148962618733425,16.91396112177303,17.11185736754066,55845200
4501,2004-01-13,16.963441848754883,17.09331086873705,16.85830927943617,17.03765238030037,51555900
4502,2004-01-14,17.130413055419922,17.148965093916665,16.988174076134147,17.019096106220115,43907000
4503,2004-01-15,17.031465530395508,17.142781304041364,16.957253835076724,17.0376487570801,58504100
4504,2004-01-16,17.198434829711914,17.241724481371506,17.02527622307355,17.13659196467484,63983400
4505,2004-01-20,17.377788543701172,17.439631442629256,17.272655969389984,17.303576829076434,63068500
4506,2004-01-21,17.5014705657959,17.5014705657959,17.22317933123463,17.396338007080303,53570600
4507,2004-01-22,17.322124481201172,17.588048035372694,17.278834819741586,17.538573968053907,78425200
4508,2004-01-23,17.61279296875,17.785952877607496,17.452001877572762,17.48910833061354,127259100
4509,2004-01-26,17.810678482055664,17.8292316972723,17.51383411591749,17.61896664303576,58299600
4510,2004-01-27,17.470552444458008,17.7612125383631,17.451999220762072,17.711738454729144,63196200
4511,2004-01-28,17.136592864990234,17.58804497779092,16.988170688836234,17.501464490368466,71336000
4512,2004-01-29,17.260292053222656,17.285029691638023,17.05002684491412,17.198449136739757,63748400
4513,2004-01-30,17.09949493408203,17.25410158118866,17.03765203932836,17.2169963161585,40528700
4514,2004-02-02,16.944889068603516,17.192259479473716,16.845940904255432,17.074759271532347,62891800
4515,2004-02-03,16.876861572265625,17.03765144160713,16.80883427246763,16.94488769250855,47993800
4516,2004-02-04,16.703702926635742,16.96344215077972,16.703702926635742,16.833571948930153,60648000
4517,2004-02-05,16.67277717590332,16.802647348835617,16.592382253272767,16.73462005922561,55527500
4518,2004-02-06,16.74698829650879,16.815015583781925,16.654224564489418,16.716067445687283,47209600
4519,2004-02-09,16.63566780090332,16.83974843967462,16.6047469566716,16.815012000200166,48108500
4520,2004-02-10,16.709884643554688,16.790279571140438,16.58619886928665,16.617120902631143,37790600
4521,2004-02-11,16.7902774810791,16.83975154871677,16.604750022326552,16.678960534005643,51515300
4522,2004-02-12,16.66659927368164,16.7902839002851,16.654230457154714,16.75317863025959,44537000
4523,2004-02-13,16.443960189819336,16.73462021064267,16.38830171228116,16.68514613944817,67541100
4524,2004-02-17,16.69133186340332,16.759359158998915,16.44396148790343,16.52435641760777,43477000
4525,2004-02-18,16.555278778076172,16.76554389628421,16.53672555721487,16.635673709365122,50334700
4526,2004-02-19,16.363571166992188,16.685153358674036,16.34501911948908,16.64804808411241,61840600
4527,2004-02-20,16.431598663330078,16.573836533641877,16.38830897928348,16.48725716554868,57821900
4528,2004-02-23,16.456331253051758,16.54909500178333,16.37593513914402,16.53054178021499,50256800
4529,2004-02-24,16.62329864501953,16.666589477418352,16.419218010500533,16.45632443827095,55426500
4530,2004-02-25,16.511993408203125,16.69133653833812,16.456334910682358,16.635678040817353,64275700
4531,2004-02-26,16.388303756713867,16.481067504331428,16.332645272232323,16.443962241195415,66602700
4532,2004-02-27,16.4068546295166,16.462513106030972,16.295537676487864,16.369748192137102,58266500
4533,2004-03-01,16.511993408203125,16.52436104577582,16.38830759603357,16.468702548255052,51912300
4534,2004-03-02,16.320268630981445,16.50579721679415,16.295532193939106,16.45632316315499,66331000
4535,2004-03-03,16.30790901184082,16.419224802535638,16.21514408359588,16.29554019746749,54998700
4536,2004-03-04,16.30790901184082,16.338829868219094,16.208959676409215,16.283171383094153,44023200
4537,2004-03-05,16.2955379486084,16.45014456827346,16.202774212720342,16.221326252165014,59849800
4538,2004-03-08,15.973958015441896,16.295540110093935,15.96158920113488,16.270802481479908,69367800
4539,2004-03-09,15.905929565429688,16.06053619441559,15.794613783386014,15.955403639522975,81111700
4540,2004-03-10,15.689482688903809,15.95540512468601,15.67711387434043,15.862641374570815,75155800
4541,2004-03-11,15.516324043273926,15.943038742809938,15.503955227738349,15.571982533628848,90536300
4542,2004-03-12,15.695664405822754,15.776060513191007,15.60290066463666,15.695664405822752,64137100
4543,2004-03-15,15.559617042541504,15.726592549282046,15.497774131205514,15.646196410678632,68835300
4544,2004-03-16,15.57198429107666,15.689485692815454,15.522510202905902,15.621458379247422,65453800
4545,2004-03-17,15.541058540344238,15.745139252795344,15.52869090591919,15.615270244669652,56241400
4546,2004-03-18,15.392635345458984,15.479215858332095,15.200923459016646,15.435925012118064,123231000
4547,2004-03-19,15.231849670410156,15.42356280384424,15.188559988523544,15.318430213738743,86281600
4548,2004-03-22,15.151459693908691,15.361724943209026,14.848430641577206,15.13909087228967,127605200
4549,2004-03-23,14.935003280639648,15.250401011976786,14.91026682814244,15.24421660396368,91696300
4550,2004-03-24,15.095789909362791,15.200922455546774,14.953552105571193,15.077236690781548,97584700
4551,2004-03-25,15.57816219329834,15.609083043157682,15.200921691329324,15.213290503094989,85677900
4552,2004-03-26,15.479217529296877,15.776062000907428,15.46066430748806,15.528691607898637,61584900
4553,2004-03-29,15.65236759185791,15.708026047067465,15.46065579033302,15.61526234823635,51881600
4554,2004-03-30,15.584343910217283,15.664738813712916,15.479211387458625,15.590527135478435,59010400
4555,2004-03-31,15.41737174987793,15.58434717623264,15.380266492761836,15.58434717623264,70533200
4556,2004-04-01,15.510139465332031,15.528692688431834,15.36790162689902,15.429744524343205,69051900
4557,2004-04-02,15.98632526397705,16.017246117161005,15.732770493292817,15.75750693992899,98043800
4558,2004-04-05,16.048173904418945,16.066725951159697,15.912119270691518,15.96159336125912,53800300
4559,2004-04-06,15.955398559570312,16.01724142738585,15.868819252361314,15.936846524913866,48992000
4560,2004-04-07,15.825531005859377,15.94303234720089,15.677108817638109,15.918294726053327,63268900
4561,2004-04-08,15.757501602172852,15.986319848710146,15.68329110784773,15.967766635351596,45294600
4562,2004-04-12,15.83790397644043,15.918298907177256,15.726587011147126,15.757507866148597,38786800
4563,2004-04-13,15.738956451416016,15.936852762234164,15.71421882278622,15.881194277372176,56971500
4564,2004-04-14,15.776067733764648,15.881200336441854,15.695671589599751,15.701855999116708,61079600
4565,2004-04-15,15.596722602844238,15.912120394827726,15.5225120515278,15.78843574944851,73756900
4566,2004-04-16,15.559617042541504,15.708039322014622,15.52869617665122,15.664749637946056,51768600
4567,2004-04-19,15.788426399230955,15.831716058454465,15.49776523663641,15.51013404771591,44592100
4568,2004-04-20,15.664742469787598,16.004876557157647,15.633821618046642,15.862638751861436,59902600
4569,2004-04-21,15.738956451416016,15.763692900490756,15.584349811144952,15.68329796655403,49252000
4570,2004-04-22,16.048173904418945,16.072910359925064,15.75132818145797,15.776065816519452,99207700
4571,2004-04-23,17.031465530395508,17.142781304041364,16.90777976471583,16.94488502259778,258269000
4572,2004-04-26,16.845935821533203,17.037647684670294,16.759356498739965,16.97580598527787,89391000
4573,2004-04-27,16.83357048034668,16.926335407669924,16.77791199577475,16.796465217150413,80716800
4574,2004-04-28,16.425405502319336,16.728434308738553,16.369747029757157,16.703697865130245,72842200
4575,2004-04-29,16.37593650817871,16.660413364900307,16.270803936279126,16.39448973129811,77787300
4576,2004-04-30,16.159488677978516,16.54291373973559,16.054356094880227,16.44396556500253,66172200
4577,2004-05-03,16.2955379486084,16.400670497162835,16.196589806387152,16.196589806387152,65916200
4578,2004-05-04,16.283170700073242,16.41304088643553,16.09145880354845,16.29553951392775,55496400
4579,2004-05-05,16.264616012573242,16.450144664995104,16.233695160280384,16.276984825312347,51841700
4580,2004-05-06,16.153303146362305,16.289356572335738,16.09764465856519,16.17803959674151,62693900
4581,2004-05-07,15.943035125732422,16.314090071175215,15.924481906638318,16.09764174618522,68290200
4582,2004-05-10,16.035804748535156,16.11001529304305,15.844092799075211,15.850276028154754,64621400
4583,2004-05-11,16.04198455810547,16.14711711564739,15.949220814287306,16.134748301923633,57917200
4584,2004-05-12,16.04198455810547,16.079089819721737,15.726586885479712,15.998694889627329,64145600
4585,2004-05-13,16.14092445373535,16.196582907471512,15.949212657285466,15.967764688827922,63861500
4586,2004-05-14,15.992508888244627,16.18422076362835,15.856454309958542,16.079088216568593,43775300
4587,2004-05-17,15.794607162475586,15.949213726652262,15.72039549266681,15.751316333680355,55149600
4588,2004-05-18,15.973958015441896,16.060537356480886,15.856456638635368,15.893563081556412,58158600
4589,2004-05-19,15.844086647033691,16.24606361577608,15.844086647033691,16.09764140483527,60052800
4590,2004-05-20,15.912120819091797,15.99870137067673,15.82554144706234,15.92448963782614,52089900
4591,2004-05-21,16.011058807373047,16.20277183692659,15.94303270679234,16.060532871229345,57809300
4592,2004-05-24,15.930662155151367,16.184216852152606,15.918293345650186,16.110005174700113,56250500
4593,2004-05-25,16.14092445373535,16.196582907471512,15.831711346114194,15.89973742769386,66615000
4594,2004-05-26,16.16567039489746,16.17185480223304,15.986327300386115,16.072906643974,50306900
4595,2004-05-27,16.19659423828125,16.19659423828125,16.029618760260103,16.17804101420494,49071900
4596,2004-05-28,16.221330642700195,16.295542359230044,16.091461613216985,16.165672150191615,37393000
4597,2004-06-01,16.147113800048828,16.246061930411166,15.99869160450532,16.159481431678053,48369500
4598,2004-06-02,16.159488677978516,16.252253623901634,16.08527813670636,16.153305449168574,54020000
4599,2004-06-03,16.011058807373047,16.159480998941945,15.99250677064864,16.110006935085647,45933100
4600,2004-06-04,16.048173904418945,16.22751704039324,16.041989495653574,16.09764799498655,48815300
4601,2004-06-07,16.345012664794922,16.345012664794922,16.060535860015438,16.091457892901765,65218600
4602,2004-06-08,16.450149536132812,16.481070397581803,16.22751555912326,16.252253191926656,58447700
4603,2004-06-09,16.369754791259766,16.48107178916361,16.326465109753904,16.326465109753904,50385500
4604,2004-06-10,16.555278778076172,16.567647591983707,16.314091625099294,16.314091625099294,48109200
4605,2004-06-14,16.63566780090332,16.63566780090332,16.406850722657566,16.419218352617495,67377500
4606,2004-06-15,16.951074600219727,17.068575995506905,16.678966540443458,16.69133535669584,114183400
4607,2004-06-16,16.89541244506836,17.006729408104754,16.790279888817878,16.907781258640178,67431100
4608,2004-06-17,17.1737003326416,17.266464050905398,16.876855962375586,16.88922359313733,105427500
4609,2004-06-18,17.53238868713379,17.62515241128222,17.130411762787425,17.173701422086378,134218700
4610,2004-06-21,17.53238868713379,17.72410054098118,17.39015089813588,17.451992594531667,116881700
4611,2004-06-22,17.49528694152832,17.532392202717062,17.19844131335341,17.408706426014604,98932000
4612,2004-06-23,17.5014705657959,17.550944641688236,17.315943076088384,17.439628855596734,58558400
4613,2004-06-24,17.557130813598633,17.717921871301453,17.538578770495892,17.612789302017113,65503800
4614,2004-06-25,17.668441772460938,17.70554702558328,17.47054551640213,17.612783303000054,71136500
4615,2004-06-28,17.489097595214844,17.77975755495177,17.421070319286233,17.686993838402085,77024100
4616,2004-06-29,17.625154495239258,17.674628565938438,17.427258212442545,17.427258212442545,55371700
4617,2004-06-30,17.662261962890625,17.8106841935555,17.557129402058628,17.668446369946043,83544400
4618,2004-07-01,17.705543518066406,17.835413647599076,17.47672645966072,17.748834347613627,78441400
4619,2004-07-02,17.668441772460938,17.736469052814176,17.563309238985354,17.69936379969183,36690100
4620,2004-07-06,17.328310012817383,17.52002188868814,17.27883594228445,17.513837482427167,69158900
4621,2004-07-07,17.377788543701172,17.513841977698807,17.0376531893743,17.11186490399904,66255700
4622,2004-07-08,17.09331512451172,17.40871291099341,17.037656622217572,17.241737404110967,59125100
4623,2004-07-09,17.22936248779297,17.315941819432553,17.09330790429656,17.17988841549107,50249300
4624,2004-07-12,17.24791717529297,17.315944477483573,17.062389670570543,17.111863750466863,45757300
4625,2004-07-13,17.068571090698242,17.285020594695293,17.068571090698242,17.260282969299105,43274100
4626,2004-07-14,17.396337509155273,17.53857650538516,16.90778117114647,16.94488643211493,87656300
4627,2004-07-15,17.23554801940918,17.439628728421226,17.19225717120844,17.34686380468893,46759700
4628,2004-07-16,16.994359970092773,17.439627805877436,16.8521221579082,17.4272589927601,66406300
4629,2004-07-19,17.28502082824707,17.476732709438306,17.068571321325397,17.080940134190616,60354500
4630,2004-07-20,17.513843536376953,17.612791711645897,17.223183418968848,17.315947185839068,89010700
4631,2004-07-21,17.847789764404297,18.484768325793866,17.8168677306371,18.484768325793866,201518000
4632,2004-07-22,17.934368133544922,18.119895607932044,17.82923558351091,17.97765779893159,124640700
4633,2004-07-23,17.334495544433594,17.56331269317014,17.328311137771127,17.550943879845203,97372700
4634,2004-07-26,17.724103927612305,17.755024781718397,17.439628295260338,17.538576443865804,72387600
4635,2004-07-27,17.588048934936523,17.785945214333328,17.39633588216036,17.748839956835145,72968400
4636,2004-07-28,17.674623489379883,17.80449362488534,17.48909607243443,17.526201319912612,62718800
4637,2004-07-29,17.61279296875,17.810689333412636,17.47055510409315,17.798321695287754,60148400
4638,2004-07-30,17.61897087097168,17.816867162551976,17.520022725181533,17.594234424301614,59552900
4639,2004-08-02,17.637521743774414,17.656073781419675,17.414887855592998,17.48291513910505,52267000
4640,2004-08-03,17.359237670898438,17.575687256680173,17.31594798965316,17.550949621936958,53990900
4641,2004-08-04,17.35305404663086,17.439634592590505,17.309764363428737,17.322133181359458,46217900
4642,2004-08-05,17.02528190612793,17.44581093373302,17.01909749960441,17.414890080670347,55591700
4643,2004-08-06,16.784088134765625,17.229355791994436,16.734614081690697,16.932510293990404,75628000
4644,2004-08-09,16.808834075927734,16.870676967788704,16.759359998349968,16.8583081535055,51877500
4645,2004-08-10,17.142780303955078,17.161333521591125,16.852120304985878,16.88304115482448,57632700
4646,2004-08-11,16.951074600219727,17.012917501926413,16.821205568235406,16.938705783967343,53097300
4647,2004-08-12,16.62329864501953,16.889222146267986,16.6109310153173,16.839748088795336,50279700
4648,2004-08-13,16.709884643554688,16.852122458274454,16.685147016879096,16.70370023688579,43333200
4649,2004-08-16,16.753177642822266,16.821204950155543,16.672781519691085,16.71607237498375,54347200
4650,2004-08-17,16.728439331054688,16.932520065201476,16.68514965707736,16.833571901951828,56879700
4651,2004-08-18,16.98199462890625,17.006732260198483,16.62949163987824,16.65422927117047,58844000
4652,2004-08-19,16.771726608276367,16.975807298906112,16.70369931821482,16.913964415173332,46293000
4653,2004-08-20,16.821203231811523,16.92633579624366,16.72225507464658,16.777912380941167,46494800
4654,2004-08-23,16.895626068115234,16.951448716315497,16.821196659204304,16.91423401186003,39572200
4655,2004-08-24,16.895626068115234,17.03208077314136,16.80258871545951,16.994866068685894,40835300
4656,2004-08-25,17.087913513183594,17.162344149086163,16.85842131996741,16.877028091666936,53512700
4657,2004-08-26,17.019678115844727,17.118918124902255,16.98866487361786,17.03208222970125,35465500
4658,2004-08-27,17.032087326049805,17.149935315705978,17.025885858783052,17.056897927255136,33248700
4659,2004-08-30,16.932849884033203,16.988672562271304,16.65373767587746,16.932849884033203,36679600
4660,2004-08-31,16.932849884033203,16.945255186538283,16.77778715182398,16.926648415815425,52106700
4661,2004-09-01,16.988664627075195,17.06929787266066,16.83360196729383,16.88942461945786,48507500
4662,2004-09-02,17.131328582763672,17.168543301612964,16.963860573389983,16.994872641925294,42161700
4663,2004-09-03,16.815000534057617,17.13132860222236,16.80879788373659,17.032087380120554,46174400
4664,2004-09-07,16.970062255859375,16.982466372745314,16.84601162272387,16.9266448891723,44893400
4665,2004-09-08,16.908035278320312,17.038287365586132,16.833604669143842,16.932844692689535,53278100
4666,2004-09-09,16.920446395874023,17.038293224964935,16.858421064069184,16.932850515807147,56904700
4667,2004-09-10,17.050695419311523,17.063100720017765,16.85841799050317,16.95765803008391,52664500
4668,2004-09-13,16.901836395263672,17.100316486583058,16.585508306085405,17.075507066685468,48239200
4669,2004-09-14,17.019678115844727,17.06309547192812,16.914235458341828,16.976260759761338,55920000
4670,2004-09-15,16.8646183013916,16.99487039163474,16.83360505392817,16.97006097669842,52605700
4671,2004-09-16,16.908035278320312,16.963857939444065,16.85221261719656,16.88322468091669,35951500
4672,2004-09-17,17.063098907470703,17.075504206859176,16.908036214218193,16.988668294174335,65283000
4673,2004-09-20,17.063098907470703,17.149933637121084,16.95145357904338,17.019681542645515,51513600
4674,2004-09-21,16.908035278320312,17.075503261691566,16.901832628969405,17.02588324991872,73874400
4675,2004-09-22,16.82120132446289,17.205756137569615,16.790188076286896,16.92044135255717,68409000
4676,2004-09-23,16.9638671875,16.988676615394382,16.852221804387675,16.86462710985239,52155800
4677,2004-09-24,16.926647186279297,17.032088700809023,16.86462186129412,16.988671328229803,49859800
4678,2004-09-27,16.8646183013916,16.945250378727675,16.827402404435485,16.85221300240623,47813600
4679,2004-09-28,16.914236068725586,16.970058723714192,16.7715786984366,16.877020176710335,62055100
4680,2004-09-29,17.10651969909668,17.174747676366334,16.889431648448898,16.90803960125918,61529300
4681,2004-09-30,17.149934768676758,17.23677068709105,17.069302683400498,17.11272005109037,71218000
4682,2004-10-01,17.522085189819336,17.56550255675637,17.230567738217424,17.25537715516665,66302800
4683,2004-10-04,17.441452026367188,17.652336198003336,17.410438778307128,17.63993208181376,62016200
4684,2004-10-05,17.60271453857422,17.646133081799373,17.42904509781096,17.460057159937445,58017700
4685,2004-10-06,17.695755004882812,17.708159121254354,17.509679062896094,17.608919092075226,56999600
4686,2004-10-07,17.472475051879883,17.732980583827295,17.466272398376944,17.7019684993478,38401500
4687,2004-10-08,17.360824584960938,17.571710010334506,17.348419281577822,17.429052570533223,49556600
4688,2004-10-11,17.404237747192383,17.50347778414444,17.323605660806795,17.491073666801352,44691000
4689,2004-10-12,17.38562774658203,17.46625981797306,17.249171833872744,17.26157713194347,56412900
4690,2004-10-13,17.38562774658203,17.534487774327705,17.329805088298112,17.484867765079144,49500700
4691,2004-10-14,17.24296760559082,17.46625821827579,17.24296760559082,17.391828802736953,41548700
4692,2004-10-15,17.360824584960938,17.515887328145336,17.255381872274153,17.348419281577822,49828500
4693,2004-10-18,17.621320724487305,17.64613131813624,17.35461275793235,17.410435410608233,50350700
4694,2004-10-19,17.47866439819336,17.732967083027276,17.47246174941274,17.695752373377854,57026500
4695,2004-10-20,17.801193237304688,17.832205295038914,17.441447925630488,17.503472041098938,69078100
4696,2004-10-21,17.71436309814453,17.91904582154094,17.658540429669642,17.869425803233767,94988500
4697,2004-10-22,17.20575523376465,17.577905911086642,17.10651521088337,17.553095313849127,101912800
4698,2004-10-25,17.137531280517578,17.224367208113524,17.08791125747761,17.162341883554895,61529500
4699,2004-10-26,17.30499267578125,17.30499267578125,17.137524718507347,17.187144722547664,76966600
4700,2004-10-27,17.460063934326172,17.584114597031622,17.106521083560875,17.280191774741546,72392600
4701,2004-10-28,17.37322235107422,17.701955649898686,17.30499439510223,17.435247658045633,63059600
4702,2004-10-29,17.34841537475586,17.460060713991936,17.242972685814518,17.44145394614231,80010100
4703,2004-11-01,17.416641235351562,17.540691860151327,17.342210623864815,17.46626124866458,72930900
4704,2004-11-02,17.51588249206543,17.658539892479453,17.385630391609453,17.52828779202348,89417100
4705,2004-11-03,17.65854263305664,17.770187983937234,17.55930258405938,17.770187983937234,79666700
4706,2004-11-04,17.987272262573242,17.987272262573242,17.602716266079618,17.602716266079618,87867700
4707,2004-11-05,18.17955207824707,18.210565330561007,18.005882597427462,18.11752675665381,95337700
4708,2004-11-08,18.16094398498535,18.2849934360874,18.067905417865656,18.09891866791706,112802100
4709,2004-11-09,18.464866638183597,18.539296071838468,18.2043612543225,18.25398127110392,100401000
4710,2004-11-10,18.440053939819336,18.60752192103692,18.415244525769168,18.5579019099022,84097700
4711,2004-11-11,18.59511375427246,18.657139054382306,18.49587374731039,18.53929110247702,87358900
4712,2004-11-12,18.58891487121582,18.731573445274776,18.48347219458152,18.706762846991676,162269000
4713,2004-11-15,18.93456077575684,19.010603612138176,18.80321573651265,18.89999656933257,104468000
4714,2004-11-16,18.747920989990234,18.90000541539539,18.699529232390773,18.893092307166896,64522600
4715,2004-11-17,18.78248405456543,18.90691735792529,18.70644118728096,18.837787598443093,58830700
4716,2004-11-18,18.71334648132324,18.78247621194032,18.66495606545327,18.75482379227751,63249900
4717,2004-11-19,18.568174362182617,18.71334560297865,18.55434815300017,18.68569450315364,85808600
4718,2004-11-22,18.423002243041992,18.540522386821017,18.04279071121921,18.492131972066108,92410800
4719,2004-11-23,18.340049743652344,18.457569901019887,18.25018068996772,18.3331366380966,70459700
4720,2004-11-24,18.416093826293945,18.478310466399552,18.25018322552574,18.40226893180178,60069200
4721,2004-11-26,18.388446807861328,18.540531229416573,18.35388126759386,18.36079437564735,24398700
4722,2004-11-29,18.505964279174805,18.6303975687102,18.395357203707864,18.4160952062702,67079900
4723,2004-11-30,18.53361320495605,18.671872692268792,18.457571673620222,18.49213588617831,75960400
4724,2004-12-01,18.837785720825195,18.858525042164853,18.53361560054534,18.63039778159005,99889000
4725,2004-12-02,18.727182388305664,18.941483477500224,18.6096621809653,18.851615704141416,96088300
4726,2004-12-03,18.823957443237305,18.9691300396213,18.76174080457848,18.775567017289376,76498400
4727,2004-12-06,18.89309310913086,18.96913598433155,18.71335624318235,18.734095568748167,55297400
4728,2004-12-07,18.71334648132324,18.927647459550226,18.66495606545327,18.844692837641688,111656000
4729,2004-12-08,18.9138240814209,18.9138240814209,18.602740928026456,18.67187066417412,95655000
4730,2004-12-09,18.823957443237305,18.913826507317925,18.623482633090145,18.75482769822303,83006000
4731,2004-12-10,18.720264434814453,18.78939418333623,18.692613326529912,18.720264434814453,70949200
4732,2004-12-13,18.837785720825195,18.858525042164853,18.602745353137173,18.73409175120762,93812500
4733,2004-12-14,18.823957443237305,18.893087188251577,18.692612378104418,18.69952416591965,127843200
4734,2004-12-15,18.740991592407227,18.94146628262204,18.71333918352825,18.81703307974553,106303900
4735,2004-12-16,18.775562286376957,18.858518223199567,18.671868354253597,18.76864918176341,88997500
4736,2004-12-17,18.63730239868164,18.88616888483432,18.52669536451153,18.66495481649409,126184400
4737,2004-12-20,18.630395889282227,18.768654061882515,18.588917250815932,18.67187320920829,85552800
4738,2004-12-21,18.71334648132324,18.78247621194032,18.623478754499004,18.66495606545327,94646100
4739,2004-12-22,18.644229888916016,18.768663228004407,18.51288475858127,18.55436209876377,63651900
4740,2004-12-23,18.671876907348636,18.768657779191216,18.54744360438503,18.57509603550605,65801900
4741,2004-12-27,18.561267852783203,18.734091573351872,18.54052853164044,18.67187492846392,55958500
4742,2004-12-28,18.630395889282227,18.685699422030385,18.526700611656725,18.56126614371197,55075900
4743,2004-12-29,18.59582901000977,18.66495875057176,18.540525481268197,18.561264798998835,47594900
4744,2004-12-30,18.49904060363769,18.62347382208439,18.492127500552925,18.58890830666053,48355400
4745,2004-12-31,18.47140121459961,18.59583452077827,18.44375010130464,18.492140538476228,54959500
4746,2005-01-03,18.485219955444336,18.630392526794573,18.423003327514238,18.52669726788441,65002900
4747,2005-01-04,18.55434799194336,18.734084754135345,18.429914747461225,18.575087305537004,109442100
4748,2005-01-05,18.51287841796875,18.73409258123134,18.49905220312973,18.55435574394538,72463500
4749,2005-01-06,18.492130279541016,18.706431233215586,18.41608745272045,18.561260002237912,76890500
4750,2005-01-07,18.43683242797852,18.58891680979269,18.402268215283534,18.54052638460364,68723300
4751,2005-01-10,18.526708602905277,18.568187259262828,18.346973032852382,18.38845037066914,70376600
4752,2005-01-11,18.47831153869629,18.54052818241233,18.39535689276845,18.45066042956712,64712000
4753,2005-01-12,18.51287841796875,18.56126885136489,18.402271336337456,18.505965310549243,72940600
4754,2005-01-13,18.16031265258789,18.52669801116434,18.084269811280308,18.443743382956104,89861600
4755,2005-01-14,18.056623458862305,18.28475072426665,18.00131991932611,18.250185187968786,92180800
4756,2005-01-18,18.194869995117188,18.215609303612947,17.863048970422298,17.99439528714969,69146400
4757,2005-01-19,17.9598445892334,18.153407672591293,17.918367256564075,18.11884212991633,58114100
4758,2005-01-20,17.876882553100586,18.04279313391213,17.79392660342477,17.86305634173127,58380100
4759,2005-01-21,17.731714248657227,18.063535490333663,17.72480114130475,17.939103513610302,76501000
4760,2005-01-24,17.745534896850586,17.973662093760563,17.724795581298775,17.807751524966033,69010900
4761,2005-01-25,17.987491607666016,18.105011780296437,17.800841689040016,17.8077547954936,67580700
4762,2005-01-26,17.980575561523438,18.09118260961685,17.90453272150671,18.022052874923464,64974500
4763,2005-01-27,18.049705505371094,18.0842697138483,17.869968720501557,17.939098455996,93204100
4764,2005-01-28,18.098100662231445,18.42300879000513,17.94601494062388,18.34696724774173,110466500
4765,2005-01-31,18.1672306060791,18.333141225310005,18.08427463719345,18.215621038537236,71442100
4766,2005-02-01,18.24326705932617,18.27091948075325,18.125746905341146,18.14648622141145,57981700
4767,2005-02-02,18.29166030883789,18.31931273454406,18.167228348780817,18.26400920167195,79329500
4768,2005-02-03,18.098100662231445,18.25018506529863,18.04279712306698,18.229447062199693,62545400
4769,2005-02-04,18.194869995117188,18.22943550927679,18.07043678122172,18.09117608971748,61246500
4770,2005-02-07,18.084274291992188,18.18105515506105,18.015144538997127,18.160317152140788,57763400
4771,2005-02-08,18.139577865600582,18.208707618728727,18.08427432680615,18.105013648306706,61343700
4772,2005-02-09,18.022050857543945,18.18796141111212,18.00131286243534,18.146484102355043,77874800
4773,2005-02-10,18.01514434814453,18.06353477916631,17.973667024203053,18.04279677646575,71796400
4774,2005-02-11,17.952924728393555,18.05661999887681,17.84231767051555,17.994403364002913,83835900
4775,2005-02-14,17.980575561523438,18.056618401540167,17.91144582683005,17.92527203747673,58694000
4776,2005-02-15,17.980575561523438,18.084589423592117,17.93203584739859,18.029115275648287,76551600
4777,2005-02-16,17.883502960205078,17.98058242551434,17.800291045219627,17.93897712932587,57506600
4778,2005-02-17,17.78641700744629,17.93203748573325,17.75174615779175,17.828022291553363,67024800
4779,2005-02-18,17.668533325195312,17.78641605938871,17.613059175140073,17.779481625305795,77091100
4780,2005-02-22,17.49517822265625,17.675469559348677,17.4743762408971,17.509047092234482,96419200
4781,2005-02-23,17.4743709564209,17.57838480158611,17.453567658344735,17.502107364581317,83689400
4782,2005-02-24,17.59226417541504,17.640803910646017,17.43970921027929,17.46051252078196,85236300
4783,2005-02-25,17.509044647216797,17.599189641670783,17.43970163161711,17.564518795174948,62467700
4784,2005-02-28,17.44664192199707,17.592262435899702,17.42583861355142,17.488247216279913,82728000
4785,2005-03-01,17.529844284057617,17.619989259666756,17.425829121098488,17.467435715325234,56394800
4786,2005-03-02,17.515979766845703,17.668533349051582,17.446636748531006,17.467440050807834,67739000
4787,2005-03-03,17.45357322692871,17.550652670375182,17.43276992221523,17.54371823547069,52183600
4788,2005-03-04,17.45357322692871,17.54371823547069,17.425835487310735,17.481309643938463,63058200
4789,2005-03-07,17.66160011291504,17.883498051094634,17.446637931906228,17.453572366468855,80407400
4790,2005-03-08,17.61305809020996,17.76561298542084,17.57145281088335,17.61305809020996,52871800
4791,2005-03-09,17.550649642944336,17.730940951536844,17.52984766442735,17.606123790002954,62991800
4792,2005-03-10,17.633859634399414,17.668530476616166,17.50904248624654,17.633859634399414,59132900
4793,2005-03-11,17.398096084594727,17.66853238641902,17.377292783451324,17.64773040788361,60617900
4794,2005-03-14,17.41196632385254,17.439702738287675,17.30795113254851,17.391163021070113,65550500
4795,2005-03-15,17.273279190063477,17.502110215747585,17.259410322420074,17.405030787459786,71469400
4796,2005-03-16,17.079124450683594,17.314889985282147,17.0305847210795,17.210876090043595,74841400
4797,2005-03-17,17.016712188720703,17.11379161950168,17.00977775472091,17.086053883502515,60573200
4798,2005-03-18,16.857221603393555,17.273278354308985,16.83641962554295,17.009776494873716,135904000
4799,2005-03-21,16.780946731567383,16.89189503040353,16.746274561551058,16.884960596400262,71446200
4800,2005-03-22,16.63532829284668,16.829488500808758,16.614524988298104,16.774014344620763,102113300
4801,2005-03-23,16.76707649230957,16.91269562664491,16.614521601930136,16.635324902238587,79293300
4802,2005-03-24,16.836423873901367,16.968174175559763,16.78094971462197,16.808686132957526,78820900
4803,2005-03-28,16.780946731567383,16.968171159223346,16.767077863560854,16.919631443808537,49802000
4804,2005-03-29,16.58678436279297,16.80868093124111,16.517441354500956,16.739337922949098,74231700
4805,2005-03-30,16.75321388244629,16.774017190524386,16.642265551246652,16.67000329535078,59585700
4806,2005-03-31,16.760149002075195,16.857228465182388,16.725478143139338,16.815623169937663,62382300
4807,2005-04-01,16.725479125976562,16.884967202627067,16.71161025254385,16.80868972135571,64619600
4808,2005-04-04,16.8017520904541,16.82255539664825,16.60065875434393,16.718541510894138,62196400
4809,2005-04-05,16.968177795410156,16.988981105556043,16.72547912341764,16.794820845353463,73549600
4810,2005-04-06,17.106855392456055,17.2940811230023,16.95430182827462,16.968169372212632,78020200
4811,2005-04-07,17.405027389526367,17.42582936432235,17.07911567657325,17.09991897397699,77451500
4812,2005-04-08,17.294084548950195,17.50904673256426,17.273281245010185,17.384229554140553,47956300
4813,2005-04-11,17.314878463745117,17.411959180963017,17.238602363383084,17.35648505224174,47791800
4814,2005-04-12,17.557580947875977,17.57838424529379,17.196998394947094,17.28021026201059,67517800
4815,2005-04-13,17.363431930541992,17.64773720936721,17.328759748606902,17.49518225406982,60929300
4816,2005-04-14,17.22474479675293,17.432772585233042,17.217810360789137,17.342627562920573,66754400
4817,2005-04-15,16.961244583129883,17.266353207585905,16.926573719659075,17.04445650711195,100251600
4818,2005-04-18,17.092988967895508,17.224740573688628,16.9196320791286,16.954304250446842,75766400
4819,2005-04-19,17.079124450683594,17.197007217982872,16.954308569962393,17.13459861631805,65956200
4820,2005-04-20,16.86415672302246,17.12765991578669,16.850287855485817,17.0999221807134,91923500
4821,2005-04-21,17.529844284057617,17.606120394924506,16.96816716546619,16.975101597837313,93562300
4822,2005-04-22,17.32182502746582,17.509050839011984,17.18314026983081,17.370364758768496,80087500
4823,2005-04-25,17.328754425048828,17.52984905066866,17.238609424928004,17.384228576494284,75457900
4824,2005-04-26,17.16927146911621,17.509050912264968,17.155402596512143,17.30102311363789,60464300
4825,2005-04-27,17.328754425048828,17.439702727939736,17.079120082240237,17.09992338501032,47732800
4826,2005-04-28,16.954299926757812,17.28021031838695,16.947365494262584,17.21086731604243,83623100
4827,2005-04-29,17.543724060058594,17.543724060058594,17.190077020774687,17.252484310418165,98641200
4828,2005-05-02,17.49517822265625,17.585324552306563,17.30101933899379,17.49517822265625,54376700
4829,2005-05-03,17.5853214263916,17.613057838009524,17.398095688190754,17.425832099808677,67867800
4830,2005-05-04,17.481307983398438,17.61305958885237,17.41196628615667,17.57145430598569,86864200
4831,2005-05-05,17.49517822265625,17.564521247939215,17.391164346035904,17.4743762408971,59362300
4832,2005-05-06,17.488237380981445,17.668528651623443,17.46743540684318,17.564514813108982,64322600
4833,2005-05-09,17.41196632385254,17.56451990976603,17.370359718287688,17.495176889766046,61872400
4834,2005-05-10,17.266345977783203,17.391163150188245,17.210871825892973,17.363426735547183,62235100
4835,2005-05-11,17.273279190063477,17.314884470385675,17.086053444701562,17.259410322420074,59463300
4836,2005-05-12,17.3356876373291,17.41196508616791,17.217804908490944,17.224739342258836,74540700
4837,2005-05-13,17.543724060058594,17.599198235103977,17.328761797083814,17.356499545910836,77204300
4838,2005-05-16,17.731531143188477,17.73848757204095,17.522843584826898,17.550667973433644,50577300
4839,2005-05-17,17.710664749145508,17.738490469099904,17.564583699795,17.606320952923237,39983200
4840,2005-05-18,17.877622604370117,17.97501000431861,17.68284647766932,17.738496610040432,71182400
4841,2005-05-19,18.030658721923828,18.12108968237984,17.87762120161223,17.912402034063685,52120800
4842,2005-05-20,17.905439376831055,18.030652453008017,17.89848294739864,18.00282673527836,64444500
4843,2005-05-23,17.98196029663086,18.134997776694583,17.905440893197312,17.905440893197312,75421100
4844,2005-05-24,17.91240119934082,18.00283215558272,17.891531904760235,17.94718203017148,61287700
4845,2005-05-25,17.884578704833984,17.926317301536983,17.738497596785148,17.86371073328637,35749000
4846,2005-05-26,18.016740798950195,18.086303771122875,17.898484144297644,17.912397004092846,50579200
4847,2005-05-27,18.13500022888184,18.148913090806182,17.95413700427591,17.96804986620026,54978000
4848,2005-05-31,17.947185516357422,18.10718081894653,17.91240467877069,18.079355087434028,46131100
4849,2005-06-01,17.954130172729492,18.086299657113248,17.815005586833518,17.898480073010496,54621000
4850,2005-06-02,17.940231323242188,17.988925029063143,17.83588615156417,17.884579857385127,27212500
4851,2005-06-03,17.68979835510254,17.954136084099783,17.627191806455183,17.877618001044606,79659500
4852,2005-06-06,17.648067474365234,17.73849845130363,17.606328875651556,17.655022580680228,40756900
4853,2005-06-07,17.745445251464844,17.968045683218644,17.606319318217103,17.620232176902526,54511400
4854,2005-06-08,17.668926239013672,17.82196503426864,17.62718898885471,17.77327002781271,45369700
4855,2005-06-09,17.745445251464844,17.815008218088714,17.634145035587945,17.668925855498266,52767900
4856,2005-06-10,17.68979835510254,17.752404903749895,17.627191806455183,17.73153561193295,39459800
4857,2005-06-13,17.606319427490234,17.731532502829687,17.571538607364047,17.64110157441966,49104100
4858,2005-06-14,17.641103744506836,17.69675385963637,17.557627908410833,17.606321593298752,44243300
4859,2005-06-15,17.571542739868164,17.67588655158971,17.46719892814662,17.668930120567797,50764800
4860,2005-06-16,17.41851043701172,17.550678685467975,17.355903865930777,17.543722252369655,65918800
4861,2005-06-17,17.41851043701172,17.592417284057902,17.335034566635812,17.57850441786126,90821300
4862,2005-06-20,17.46719741821289,17.585454081755678,17.34198432424953,17.376765149548937,50538900
4863,2005-06-21,17.495027542114258,17.522853272908506,17.41850943603782,17.446333840028196,81084000
4864,2005-06-22,17.439369201660156,17.571538707135957,17.411544810761868,17.46719491936169,60492700
4865,2005-06-23,17.606319427490234,17.821964758042952,17.495019210922553,17.508932069694325,105159800
4866,2005-06-24,17.41851043701172,17.668935394531537,17.41851043701172,17.543722252369655,57970700
4867,2005-06-27,17.42546272277832,17.564588708617574,17.41155118563738,17.439375586722992,61636200
4868,2005-06-28,17.439369201660156,17.5298014573869,17.411544810761868,17.453282060510926,53058100
4869,2005-06-29,17.453283309936523,17.613277217764075,17.39067676742951,17.54371424533369,55859900
4870,2005-06-30,17.279380798339844,17.488068440229434,17.265467935066226,17.43241831393863,82018200
4871,2005-07-01,17.188947677612305,17.38372377355597,17.161123279222412,17.28633638898594,69718400
4872,2005-07-05,17.37677001953125,17.52285244569711,17.12634508822433,17.154169490901186,61883500
4873,2005-07-06,17.181995391845703,17.446333190530854,17.175038959406116,17.369813760499234,64214600
4874,2005-07-07,17.14720916748047,17.18894642542662,17.042865359213334,17.098515478742705,80082900
4875,2005-07-08,17.453283309936523,17.474152599706642,17.133294167478084,17.140250597401458,56104000
4876,2005-07-11,17.592405319213867,17.655010520912178,17.467192262211157,17.495016648876735,61525400
4877,2005-07-12,17.81500816345215,17.821964592773526,17.529801195291885,17.55762558577416,63384800
4878,2005-07-13,17.849794387817383,17.912400943862554,17.724581275727044,17.759363432865268,44749200
4879,2005-07-14,18.065439224243164,18.1558715098503,17.94022743362385,17.94022743362385,69506800
4880,2005-07-15,17.940231323242188,18.155875446222403,17.912405590313657,18.11413817363358,56472800
4881,2005-07-18,17.773269653320312,17.940221304044925,17.773269653320312,17.8845698692679,39668000
4882,2005-07-19,18.19760131835937,18.26020785142279,17.912394368538546,17.940220084034795,113290100
4883,2005-07-20,18.21847343444824,18.246297827462687,18.002828086270394,18.086303918920425,71424800
4884,2005-07-21,18.39238548278809,18.42020988379006,18.08630911094399,18.29499676227185,112932100
4885,2005-07-22,17.86370277404785,18.322816518789924,17.828920625625997,18.07934678705015,97558900
4886,2005-07-25,17.87065887451172,18.016739914782445,17.842833156286854,17.87065887451172,45174600
4887,2005-07-26,17.76632308959961,17.905447762998367,17.75936665690909,17.89153489761733,51476400
4888,2005-07-27,17.891530990600586,17.94718111316841,17.759362778754237,17.815012901322063,57977300
4889,2005-07-28,17.91240119934082,17.981964187805787,17.849794642402713,17.91240119934082,44738700
4890,2005-07-29,17.81500816345215,18.08630227296966,17.801095304809397,17.93326480830908,59524400
4891,2005-08-01,18.030658721923828,18.12108968237984,17.91935846591472,17.954139298366172,61346800
4892,2005-08-02,18.64975929260254,18.712365828055624,17.99587087511975,18.016738835735318,137510100
4893,2005-08-03,18.955846786499023,19.081059931689303,18.59412021746132,18.614989517261023,139422400
4894,2005-08-04,19.00452995300293,19.12974302875237,18.81671033937877,18.89322973607081,91461400
4895,2005-08-05,19.31061363220215,19.4358267560591,18.95584355687537,18.983669285200804,82212400
4896,2005-08-08,18.872360229492188,19.36625609736694,18.83757940965453,19.33843038005423,77207200
4897,2005-08-09,19.025405883789062,19.136706139580728,18.78889250853085,18.93497359670602,64761800
4898,2005-08-10,18.747154235839844,19.129748678692238,18.677591248011144,19.067142122326768,62818800
4899,2005-08-11,18.96975898742676,18.990626959690275,18.70541983978811,18.76802641018653,48646800
4900,2005-08-12,18.81671142578125,18.879317967270627,18.7123676322334,18.837580715212148,52006500
4901,2005-08-15,18.928340911865234,19.046948339018723,18.621358078664706,18.82368761278601,45976600
4902,2005-08-16,18.6562442779541,18.935320218801696,18.62833734923887,18.85857516678052,46894600
4903,2005-08-17,18.80276107788086,18.94229839109293,18.60043017722553,18.71206056009084,52413100
4904,2005-08-18,18.712060928344727,18.893460636755588,18.698106797527164,18.760899055467043,40861900
4905,2005-08-19,18.64229202270508,18.774853606963863,18.62833922231404,18.73299254431237,36043500
4906,2005-08-22,18.77484893798828,18.95624860535277,18.67717270584543,18.69112683350551,41691700
4907,2005-08-23,18.746946334838867,18.8864836513884,18.656245814879465,18.726015138523813,48296700
4908,2005-08-24,18.705081939697266,18.949273880940424,18.684152076362068,18.726013133771488,63645000
4909,2005-08-25,18.85858154296875,18.90044261556458,18.73299699444176,18.767880999815027,39306300
4910,2005-08-26,18.81671142578125,18.89345780302792,18.746943443635868,18.879503674303265,36774600
4911,2005-08-29,18.942296981811523,18.998112169091605,18.705082103186427,18.705082103186427,52307700
4912,2005-08-30,18.96322631835937,18.99811030796492,18.80973357032161,18.879502880271605,55163200
4913,2005-08-31,19.102767944335938,19.144630338253105,18.86555436583468,18.956253557843464,65210200
4914,2005-09-01,18.97718811035156,19.109748388977643,18.942302775918822,19.10277132209109,75974500
4915,2005-09-02,18.85160446166992,19.026027149885063,18.81671912558319,18.984164746580987,52047500
4916,2005-09-06,18.837644577026367,19.039975472349195,18.823690446851185,18.87950563681281,46089000
4917,2005-09-07,18.732988357543945,18.91438802947704,18.712057165526662,18.795780602856897,44656100
4918,2005-09-08,18.5655517578125,18.753927253764758,18.50275948224857,18.69811204556788,52552300
4919,2005-09-09,18.54461097717285,18.712056515275638,18.50972698909517,18.57251923222607,41515800
4920,2005-09-12,18.5655517578125,18.663228039472152,18.50275948224857,18.572528825179557,40550500
4921,2005-09-13,18.474857330322266,18.67021128906826,18.39811222535132,18.51671974838639,63422900
4922,2005-09-14,18.35623550415039,18.58647330114242,18.349258439909548,18.50275119173019,54969600
4923,2005-09-15,18.32833671569824,18.439967131637687,18.293451379004964,18.39810605834528,60357200
4924,2005-09-16,18.188793182373047,18.41903102022312,18.119023858322294,18.37716995808833,187384300
4925,2005-09-19,18.139949798583984,18.32832651971582,18.04227357165879,18.20274203896126,61832300
4926,2005-09-20,18.0283317565918,18.29345369533299,17.923678394739742,18.18880033348093,61043400
4927,2005-09-21,17.784128189086914,18.07018114747669,17.742267137569563,18.000411841121878,68281800
4928,2005-09-22,17.67947769165039,17.860877384573083,17.546916121680145,17.784131002368355,71314900
4929,2005-09-23,17.630643844604492,17.819020648026708,17.52599050850527,17.65855077988591,66396800
4930,2005-09-26,17.630643844604492,17.784135315500723,17.58878144557331,17.721343047693317,56203700
4931,2005-09-27,17.67947769165039,17.75622407385512,17.65156943239811,17.7004088860896,48797900
4932,2005-09-28,17.909717559814453,18.04925621058761,17.70738664926729,17.714363714879866,71019400
4933,2005-09-29,18.098094940185547,18.139956004512047,17.79111069673297,17.867857090280925,66807100
4934,2005-09-30,17.95158576965332,18.105078612760355,17.867863610449234,18.07717033919917,57644500
4935,2005-10-03,17.791120529174805,17.951589140060356,17.749259441713352,17.937635000659878,55341300
4936,2005-10-04,17.428312301635742,17.714365364696828,17.267843769818903,17.693435496649002,151666300
4937,2005-10-05,17.212024688720703,17.4771464932031,17.212024688720703,17.47017075925324,73684700
4938,2005-10-06,17.253887176513672,17.407379950916035,17.114349863385044,17.205049050381696,81724600
4939,2005-10-07,17.156204223632812,17.330626794974552,17.107366116575303,17.281788687917043,50768700
4940,2005-10-10,17.065515518188477,17.21900833856691,16.98877043873879,17.21203127120975,48880900
4941,2005-10-11,17.030624389648438,17.128300630319753,16.91899402009866,17.100393703301794,76567300
4942,2005-10-12,16.953876495361328,17.232953725016724,16.93294663465437,17.086438046373758,71294400
4943,2005-10-13,17.156204223632812,17.25388043774783,16.93294354523356,16.960850464664162,70192000
4944,2005-10-14,17.212024688720703,17.25388574611497,17.093417250487757,17.23993161673721,53846700
4945,2005-10-17,17.114349365234375,17.225979744783682,17.051557110395503,17.219002679719466,46924400
4946,2005-10-18,17.14225959777832,17.32365933218341,17.058537462354035,17.086444397249014,69328200
4947,2005-10-19,17.505054473876953,17.505054473876953,17.09341697894527,17.135278035674546,66574500
4948,2005-10-20,17.295743942260742,17.53295743049393,17.260858627271524,17.47714225724988,58830600
4949,2005-10-21,17.288772583007812,17.442264027382688,17.142256873193446,17.37947177042498,69431200
4950,2005-10-24,17.512025833129883,17.512025833129883,17.21899587001458,17.365510186202947,51868000
4951,2005-10-25,17.463199615478516,17.5329676245442,17.323660935868205,17.407384409782285,41310500
4952,2005-10-26,17.51900863647461,17.672500065267602,17.393424135308067,17.42133106293452,58178100
4953,2005-10-27,17.337608337402344,17.6306383862024,17.337608337402344,17.595753064476824,61566100
4954,2005-10-28,17.81203269958496,17.860870804545222,17.512025676842146,17.512025676842146,106559300
4955,2005-10-31,17.930652618408203,18.000420628081645,17.791113937582352,17.86786034511052,75122100
4956,2005-11-01,18.11204719543457,18.209724783572454,17.867856551937862,17.867856551937862,71370400
4957,2005-11-02,18.46088409423828,18.48879234407821,18.091109099029417,18.091109099029417,75067100
4958,2005-11-03,18.44693946838379,18.58647678715493,18.3143778844229,18.558569855696376,73421600
4959,2005-11-04,18.60043334960937,18.635317351177225,18.45391894613717,18.509734147089347,57464000
4960,2005-11-07,18.844623565673828,18.893461695533,18.62833984883781,18.642292649698128,77104800
4961,2005-11-08,18.872528076171875,18.96322858918985,18.677175581805287,18.79578302370174,60091700
4962,2005-11-09,18.80974006652832,18.94230166814142,18.795787264310647,18.823694199485352,59562100
4963,2005-11-10,18.900440216064453,18.942301283345824,18.58647888460584,18.79578688249136,73314800
4964,2005-11-11,19.03300094604492,19.10974601076713,18.92834628651044,18.94230041854693,51945600
4965,2005-11-14,19.095796585083008,19.14463472510473,18.977189103284744,19.0888195178314,67152200
4966,2005-11-15,19.242738723754883,19.270728802525927,19.06780473535711,19.123783558258783,65081000
4967,2005-11-16,19.41067886352539,19.50864148847049,19.20075857160283,19.22874732102686,86277000
4968,2005-11-17,19.571609497070312,19.592602051167,19.424665622313807,19.487641949963766,91351000
4969,2005-11-18,19.64159393310547,19.767546656316565,19.522638731699523,19.676581542131228,75431200
4970,2005-11-21,19.704559326171875,19.76053813481168,19.48064409161266,19.641582999622088,65794400
4971,2005-11-22,19.529630661010746,19.64858582835275,19.494644396644446,19.63459078875006,104253300
4972,2005-11-23,19.53662109375,19.65557621794011,19.41066845229695,19.53662109375,70541300
4973,2005-11-25,19.424671173095703,19.550623864387784,19.221747096093917,19.45265991858257,44082500
4974,2005-11-28,19.417659759521484,19.48763357513235,19.263718432889203,19.44564981962164,57517200
4975,2005-11-29,19.36868095397949,19.445652294411307,19.312702161294453,19.445652294411307,62220400
4976,2005-11-30,19.36868095397949,19.431657262580124,19.33369337440153,19.36868095397949,55904700
4977,2005-12-01,19.51563262939453,19.66257785341321,19.403674999018502,19.403674999018502,61006100
4978,2005-12-02,19.59959602355957,19.66257233981688,19.4456546586194,19.4666458742786,42319600
4979,2005-12-05,19.487638473510746,19.606593589557704,19.38967457317569,19.54361727314226,47517300
4980,2005-12-06,19.37568664550781,19.53662557555587,19.3686891266396,19.52263053781945,65980000
4981,2005-12-07,19.417659759521484,19.417659759521484,19.277712128299758,19.3616809739607,55583200
4982,2005-12-08,19.37568664550781,19.45965420264582,19.312710310334182,19.38968034860397,63931600
4983,2005-12-09,19.38968276977539,19.47365167203877,19.34070146622193,19.38968276977539,48467000
4984,2005-12-12,19.207752227783203,19.417672477467228,19.123783327125352,19.38268621406669,63757200
4985,2005-12-13,18.983829498291016,19.193751015096367,18.89286444192334,19.095788441371184,104285500
4986,2005-12-14,18.95585060119629,19.06081074675113,18.78791410138041,18.892874246935254,65076200
4987,2005-12-15,18.836885452270508,18.96983561147445,18.7599140967356,18.948843059608585,79018100
4988,2005-12-16,18.822885513305664,18.94883812240347,18.759909208756763,18.808890482374885,88542500
4989,2005-12-19,18.77391242980957,18.80190250388181,18.6479597657649,18.76691491129151,68680100
4990,2005-12-20,18.794904708862305,18.808898411052365,18.661954528255475,18.72493085935133,62960600
4991,2005-12-21,18.703933715820312,18.82988634711443,18.689938682423225,18.801897614960097,75800900
4992,2005-12-22,18.60597801208496,18.73892820910165,18.487022853625888,18.689945574149995,91276900
4993,2005-12-23,18.640958786010746,18.66195133766704,18.50101244555525,18.55699124866544,30689200
4994,2005-12-27,18.5150089263916,18.787906800354207,18.50801274276192,18.66895165904747,37819000
4995,2005-12-28,18.46602249145508,18.654951428214467,18.43803376080912,18.549991352672507,35444400
4996,2005-12-29,18.382061004638672,18.542999928991744,18.37506348601808,18.480023596046596,34495500
4997,2005-12-30,18.29808807373047,18.410045677647812,18.263101822996266,18.29808807373047,49044600
4998,2006-01-03,18.780906677246094,18.892864284754925,18.263102408857755,18.36806249906729,79973000
4999,2006-01-04,18.871871948242188,18.948843304772968,18.73192560457891,18.73192560457891,57975600
5000,2006-01-05,18.8858699798584,18.98383256943164,18.82989116658224,18.864877424389768,48245500
5001,2006-01-06,18.82988739013672,18.892863709272152,18.535998345718,18.81589235596442,100963000
5002,2006-01-09,18.794904708862305,18.941848591659195,18.72493085935133,18.84388600312793,55625000
5003,2006-01-10,18.89286994934082,18.9068649881355,18.605978327251687,18.64796210899537,64921900
5004,2006-01-11,19.09579467773437,19.16576720488137,18.82289675022757,18.899868131657747,70120700
5005,2006-01-12,18.990827560424805,19.07479643648369,18.871872431214715,19.06779891892545,45994800
5006,2006-01-13,19.025819778442383,19.067803559369224,18.899867101021528,18.91386213954392,41418000
5007,2006-01-17,18.8858699798584,19.025817680368903,18.82289364809269,18.82289364809269,58566600
5008,2006-01-18,18.77391242980957,18.87887253830007,18.682947358355197,18.71093609778724,52376200
5009,2006-01-19,18.9068660736084,19.06080750526681,18.787910906304937,18.80190594590309,60367600
5010,2006-01-20,18.480018615722656,18.89986027733053,18.37505853398065,18.89986027733053,79165900
5011,2006-01-23,18.43803977966309,18.56399244528492,18.40305218663468,18.48002355665696,47925600
5012,2006-01-24,18.389068603515625,18.508023815992495,18.34708346877724,18.431052403613062,63040700
5013,2006-01-25,18.47302627563477,18.59198142418082,18.35407112708872,18.48002379433044,59072100
5014,2006-01-26,18.54300117492676,18.696942591002813,18.41005098148272,18.58498495483108,69509300
5015,2006-01-27,19.44565773010254,19.5576153467684,19.02581600028553,19.05380473713196,134520700
5016,2006-01-30,19.592613220214844,19.718565947315906,19.43867173966958,19.466660493113785,103999200
5017,2006-01-31,19.69756317138672,19.858502090533555,19.50163799490889,19.529626733845653,94841300
5018,2006-02-01,19.62059783935547,19.64158906492742,19.42467128129417,19.564617678788967,68448800
5019,2006-02-02,19.36868095397949,19.585598608804062,19.27771458171649,19.57160357697288,55073400
5020,2006-02-03,19.27071952819824,19.382677120120285,19.130771870975803,19.22873443024765,75022700
5021,2006-02-06,19.01182746887207,19.270730380137824,18.955848641387654,19.24973781934097,60170500
5022,2006-02-07,18.85088348388672,18.99782736639008,18.759917079312117,18.85788100228785,72159500
5023,2006-02-08,18.82988739013672,18.94884251132144,18.68993971769355,18.899861226358304,51795200
5024,2006-02-09,18.65495491027832,18.913857723938094,18.64795739265076,18.86487510054515,52861700
5025,2006-02-10,18.675939559936523,18.81588584934571,18.549986965220636,18.626958291911333,52127000
5026,2006-02-13,18.46602249145508,18.6829414935002,18.43103624448768,18.63395887925017,46707000
5027,2006-02-14,18.6479606628418,18.66895321940584,18.438040435762403,18.480024214250232,58432900
5028,2006-02-15,18.872636795043945,18.907742950818992,18.60583670696816,18.67604767935534,62808900
5029,2006-02-16,18.82347869873047,18.886668403649065,18.654973265334924,18.8515636072108,48868500
5030,2006-02-17,18.746261596679688,18.82349247319152,18.64796568423071,18.725197899905663,41513200
5031,2006-02-21,18.63391494750977,18.760293045478736,18.493493053105443,18.760293045478736,50216100
5032,2006-02-22,18.760292053222656,18.85858790977166,18.5847653640823,18.62689273367289,43043100
5033,2006-02-23,18.718172073364254,18.87965635817353,18.63391998527368,18.767319347944227,47359100
5034,2006-02-24,18.69710731506348,18.77433950737596,18.61987646191371,18.669023733689755,44753800
5035,2006-02-27,18.991989135742188,19.13943226578489,18.725189130698837,18.781357623295463,51301500
5036,2006-02-28,18.865610122680664,19.167514918862864,18.865610122680664,18.92177861257066,65036100
5037,2006-03-01,19.055177688598636,19.09730505983418,18.921778363839977,18.942840710295336,53061200
5038,2006-03-02,18.93582534790039,19.027100008024377,18.886678072062622,18.970931501472243,41850300
5039,2006-03-03,18.90774154663086,19.06922583371466,18.774340842918548,18.823488118190763,45218800
5040,2006-03-06,18.893695831298828,19.062201319994475,18.837527335066948,18.90071706072314,53054100
5041,2006-03-07,18.999011993408203,19.02709691169536,18.823485271601356,18.886674998584827,51613900
5042,2006-03-08,19.13241577148437,19.30794252168148,18.935825329165,18.949867790579848,57547400
5043,2006-03-09,18.956892013549805,19.251777053993766,18.956892013549805,19.146461255084432,45360700
5044,2006-03-10,19.076248168945312,19.1113529849831,18.87263648627006,18.999015966666715,41297200
5045,2006-03-13,19.03411674499512,19.16049618969134,18.914758529355627,19.08326400922976,40342600
5046,2006-03-14,19.11837387084961,19.22368965622443,18.949868346417325,18.984974500984176,39821800
5047,2006-03-15,19.209646224975582,19.27283595643901,18.963908529191464,19.09730922218788,57152000
5048,2006-03-16,19.146461486816406,19.29390333924137,19.11135532731304,19.19560877095806,73793700
5049,2006-03-17,19.30794334411621,19.4202803618944,19.146459048455423,19.20262755734452,120615000
5050,2006-03-20,19.581758499145508,19.651969447966444,19.42729548306941,19.448359169464435,67094100
5051,2006-03-21,19.47644805908203,19.813459098371315,19.434322013961577,19.47644805908203,73199600
5052,2006-03-22,19.06220245361328,19.30794014142762,18.81646476579894,19.013055183882944,145696100
5053,2006-03-23,18.851566314697266,19.027093000422266,18.718165658580816,19.013050544165303,73682900
5054,2006-03-24,18.96391487121582,19.1043355020794,18.690093502743167,18.753281916175727,69157600
5055,2006-03-27,18.96391487121582,19.16752525467511,18.95689363879817,18.96391487121582,59908600
5056,2006-03-28,18.88667297363281,19.104325710371945,18.82348325342428,18.963905151479345,58520500
5057,2006-03-29,18.970930099487305,19.09730956468065,18.900719136695145,18.92178282728161,53150300
5058,2006-03-30,19.11837387084961,19.2307108871378,18.956889577330696,18.97795327007081,54612000
5059,2006-03-31,19.10433387756348,19.336030510154465,19.10433387756348,19.16752362478592,62190500
5060,2006-04-03,19.350069046020508,19.469427292677285,19.265816953770347,19.427301246552204,57605300
5061,2006-04-04,19.4062442779541,19.518581332653085,19.286885989941016,19.37816068386102,45470000
5062,2006-04-05,19.47644805908203,19.61686999503398,19.406237091106057,19.574742610750697,41539300
5063,2006-04-06,19.350069046020508,19.46240606179596,19.216669676763946,19.420280015670883,51885500
5064,2006-04-07,19.13241577148437,19.462405579756314,19.11837331006953,19.385174720300316,47249400
5065,2006-04-10,19.16049194335937,19.265807677545407,19.09730223501531,19.118364578355187,39432000
5066,2006-04-11,19.04816055297852,19.18156124556368,18.956887240680903,19.16049889458261,42953400
5067,2006-04-12,19.097307205200195,19.097307205200195,18.935821608981016,19.027096251082625,32183000
5068,2006-04-13,19.00602912902832,19.097303754638137,18.956881871774875,19.01305035708772,28160000
5069,2006-04-17,18.84454727172852,18.99198906203652,18.767315092521944,18.97794794331373,35796200
5070,2006-04-18,19.111347198486328,19.307937590598183,18.830504737728305,18.914758145536958,56272700
5071,2006-04-19,18.977954864501957,19.090291890228126,18.928806243979142,19.03412337736504,45111100
5072,2006-04-20,18.977954864501957,19.090291890228126,18.746259581546344,18.99199598834549,45648300
5073,2006-04-21,19.06220245361328,19.23070795232986,18.956886684310756,18.99199149435737,58528000
5074,2006-04-24,19.03411674499512,19.132411273464395,18.94284210642006,19.00603182876817,42318400
5075,2006-04-25,19.03411674499512,19.10432635723745,18.970927022647004,19.020074286881645,49222500
5076,2006-04-26,19.0270938873291,19.11836717892918,18.9568829419339,19.013051430417583,39190000
5077,2006-04-27,19.13241577148437,19.39921584255233,18.91476297620556,18.935825329165,96509600
5078,2006-04-28,16.955875396728516,17.201612993032846,16.850559666644422,17.01204387538418,591052200
5079,2006-05-01,17.054176330566406,17.55267156007449,16.913754422420784,17.075238679374454,174800900
5080,2006-05-02,16.857585906982422,17.552671539236687,16.78035372367776,17.19459687913675,190533500
5081,2006-05-03,16.2678279876709,16.8646195262843,16.253785518723866,16.843555822863756,211527100
5082,2006-05-04,16.457386016845703,16.618870281523144,16.246753144552734,16.394196289074074,171257400
5083,2006-05-05,16.71013832092285,16.815455393449596,16.51354930908563,16.611843815004242,131604300
5084,2006-05-08,16.6610050201416,17.55268156504509,16.506541904468005,16.745258480885685,80693500
5085,2006-05-09,16.58376693725586,16.850566992065282,16.49249228278437,16.675040252564603,75345900
5086,2006-05-10,16.6890811920166,16.70312365129583,16.56270173682878,16.618870234783078,76563300
5087,2006-05-11,16.302919387817383,16.703121388073527,16.25377212616201,16.64695155856745,92916700
5088,2006-05-12,16.2678279876709,16.408249998814128,16.18357451315225,16.24676428425035,83115900
5089,2006-05-15,16.317157745361328,16.373545278676175,16.232577117581478,16.281916041183866,67314800
5090,2006-05-16,16.218481063842773,16.91627734291169,16.147996306036987,16.324207528358986,82095100
5091,2006-05-17,16.021116256713867,16.26781211744194,16.021116256713867,16.13389127686654,98598300
5092,2006-05-18,16.09160614013672,16.310107643696416,16.042267221047567,16.098654749204414,95476400
5093,2006-05-19,15.901302337646484,16.140949737873946,15.873109237588311,16.063417704425135,100071200
5094,2006-05-22,16.126842498779297,16.225521648653046,15.82376047557814,15.844904951392015,87322300
5095,2006-05-23,16.063413619995117,16.479270814713015,16.049316401357967,16.28896374065051,79986300
5096,2006-05-24,16.5638484954834,16.592042925461083,16.19732897208002,16.204377579574437,107356700
5097,2006-05-25,16.733020782470703,16.859893102453693,16.59205258367809,16.61319707408512,83052700
5098,2006-05-26,16.718910217285156,16.831685224076846,16.60613521049347,16.754153247147638,46861600
5099,2006-05-30,16.317157745361328,16.74711352712756,16.31010913564887,16.59909541193556,52497500
5100,2006-05-31,15.964734077453612,16.458125963659224,15.964734077453612,16.394689825593222,120202000
5101,2006-06-01,16.084562301635742,16.098659523952268,15.943594111625815,16.028174756754748,80230800
5102,2006-06-02,16.04227066040039,16.20438467055937,15.97883450957557,16.119804032382948,73935600
5103,2006-06-05,15.859004020690918,16.021117961361274,15.85195541313337,16.014069353803723,63914100
5104,2006-06-06,15.5982084274292,15.901291782076632,15.492482019720242,15.894243175644805,126601300
5105,2006-06-07,15.534775733947754,15.781470270101998,15.513629911826936,15.612307726288634,73827500
5106,2006-06-08,15.584117889404297,15.654601289062551,15.485438709990328,15.527730363046889,104126900
5107,2006-06-09,15.45019817352295,15.640506593453209,15.42905234540244,15.612312155959197,52573800
5108,2006-06-12,15.302175521850586,15.577065828256304,15.295128258954367,15.478386670712345,74309700
5109,2006-06-13,15.161212921142578,15.527732566672888,15.12596987192724,15.316278304535464,113175300
5110,2006-06-14,15.422001838684082,15.464293489722024,15.189403135513835,15.217597569539132,86081500
5111,2006-06-15,15.555927276611328,15.59821759567527,15.365618824246082,15.513636957547384,121577300
5112,2006-06-16,15.577064514160156,15.70393674573906,15.358563084432191,15.485433971626833,147506500
5113,2006-06-19,15.894248008728027,15.92949105160377,15.59116590630436,15.605261779070034,129640900
5114,2006-06-20,15.901302337646484,16.042271871092677,15.85901201536667,15.887206459809953,90598500
5115,2006-06-21,16.267824172973633,16.317163112805805,15.880159921962065,15.936547473825296,91660300
5116,2006-06-22,16.126842498779297,16.331248060875243,16.05635912022068,16.25371473119964,76590600
5117,2006-06-23,15.859004020690918,16.11979712278254,15.859004020690918,16.10569990766744,60532600
5118,2006-06-26,16.084562301635742,16.133901235358472,15.950641378398966,15.964738600715492,53644100
5119,2006-06-27,16.112747192382812,16.3242000242115,16.098649978425083,16.133891668935092,84759100
5120,2006-06-28,16.324207305908203,16.387643452630467,16.147996085987444,16.18323779221763,71906500
5121,2006-06-29,16.542705535888672,16.655480586547476,16.36649435118621,16.436979093944124,121395500
5122,2006-06-30,16.42288589477539,16.669581882595963,16.42288589477539,16.59204985653834,73048800
5123,2006-07-03,16.704814910888672,16.71891077892306,16.52860378880919,16.584991294099257,25711400
5124,2006-07-05,16.458126068115234,16.577949735846534,16.422883022085593,16.54975529902282,53093500
5125,2006-07-06,16.549755096435547,16.641385670606216,16.5074647861024,16.528610613461336,44775200
5126,2006-07-07,16.42288589477539,16.59909712259223,16.42288589477539,16.486322044340252,63168800
5127,2006-07-10,16.5638484954834,16.6766235266253,16.479266549934767,16.51450958740687,50565100
5128,2006-07-11,16.28191375732422,16.472222159711635,16.028169220807666,16.472222159711635,88676300
5129,2006-07-12,15.957682609558104,16.12684516596795,15.943586738145656,16.06341038365069,77379300
5130,2006-07-13,15.689842224121094,15.936538122916152,15.682793616225863,15.767375566584125,73099500
5131,2006-07-14,15.71099090576172,15.894249366835894,15.668699250697152,15.703942296584293,67499400
5132,2006-07-17,15.844910621643066,15.936541197574968,15.689845251184522,15.710991078949904,37053500
5133,2006-07-18,16.028169631958008,16.042266849767135,15.844909833593416,15.922443187158928,65047300
5134,2006-07-19,16.49337387084961,16.53566419734412,16.01407902262771,16.084563796375384,82188200
5135,2006-07-20,16.105710983276367,16.52861831686414,16.056372040828442,16.521569704459388,76605200
5136,2006-07-21,16.824644088745117,17.021999750300438,16.211428589692726,16.972660834911608,175483800
5137,2006-07-24,16.91627311706543,16.99380646572172,16.768256372595715,16.923321725523692,59586700
5138,2006-07-25,17.07134437561035,17.120684651886837,16.8457942044581,16.916278969039446,60075800
5139,2006-07-26,17.177072525024414,17.28984761276943,16.986764060310293,17.000861282374693,54942100
5140,2006-07-27,16.824644088745117,17.33918041263523,16.754159347739094,17.325083195557102,85386800
5141,2006-07-28,17.092479705810547,17.113625525507402,16.95855886983228,16.972656082963518,51705800
5142,2006-07-31,16.958566665649414,17.212311241120556,16.923324961005026,16.965615275455264,40254400
5143,2006-08-01,16.90921974182129,17.057237788948644,16.810541939992532,16.930365561234975,49168700
5144,2006-08-02,17.127723693847656,17.198208424582983,16.937416668562022,17.000852791785373,46462000
5145,2006-08-03,17.06429100036621,17.254599408286243,17.022000691178878,17.05019512689356,43155300
5146,2006-08-04,17.120677947998047,17.261646077577232,17.021998778469623,17.19820994873201,45690400
5147,2006-08-07,17.07134437561035,17.25460422576782,17.050199887305496,17.113636040990198,36862400
5148,2006-08-08,17.15591812133789,17.28279036776568,17.057240304953798,17.19115981450809,58171300
5149,2006-08-09,17.226404190063477,17.367372318077898,17.155919453864,17.26164588597095,44405700
5150,2006-08-10,17.24050521850586,17.33918441645431,17.155924585275674,17.177070415775685,31753400
5151,2006-08-11,17.219356536865234,17.233453753763765,17.05724257568595,17.219356536865234,30255500
5152,2006-08-14,17.28984260559082,17.339181524142464,17.162970332523912,17.282793996599914,47831900
5153,2006-08-15,17.41718101501465,17.438403360726777,17.289841543400637,17.36765905990396,48994500
5154,2006-08-16,17.47378158569336,17.49500393796379,17.311069238717618,17.410111830210617,52373600
5155,2006-08-17,17.47378158569336,17.509153072367894,17.410111830210617,17.47378158569336,45674800
5156,2006-08-18,18.24489402770996,18.251967246413045,17.67186616057652,17.72138678751341,128414800
5157,2006-08-21,18.47834014892578,18.48541336409702,18.082172632575865,18.152916928305142,88398300
5158,2006-08-22,18.12461853027344,18.570305262874992,18.12461853027344,18.40051977667749,89312400
5159,2006-08-23,18.159992218017575,18.358075984102868,18.0538764448536,18.145843088439644,44648500
5160,2006-08-24,18.209510803222656,18.29440422194243,18.03972531511823,18.266105965924133,35933300
5161,2006-08-25,18.287330627441406,18.39344639446552,18.174140296037663,18.18828807546174,33115900
5162,2006-08-28,18.358078002929688,18.39344948142904,18.174143346195148,18.28025913102861,34190900
5163,2006-08-29,18.280258178710938,18.379299392817863,18.13169500821521,18.3368533509628,42711200
5164,2006-08-30,18.2519645690918,18.31563432276712,18.138774195743608,18.28733740409791,30283100
5165,2006-08-31,18.181224822998047,18.379307336828266,18.167075686485624,18.301489784681788,26380500
5166,2006-09-01,18.280258178710938,18.372224827619466,18.13876957341361,18.3156296553676,31594600
5167,2006-09-05,18.117549896240234,18.365152967984557,18.08217706503709,18.174145076829728,44222400
5168,2006-09-06,18.117549896240234,18.195367426216077,18.046805583169483,18.046805583169483,50160400
5169,2006-09-07,17.990201950073242,18.18121110081997,17.96190369840636,18.025573415321936,51266900
5170,2006-09-08,18.110471725463867,18.24488575861225,18.011429167143085,18.06095112097111,36866800
5171,2006-09-11,18.329776763916016,18.358075021588206,17.98313120344285,17.990205767860893,55608200
5172,2006-09-12,18.343929290771484,18.37930077007872,18.19536610914311,18.322705593585876,52248800
5173,2006-09-13,18.379297256469727,18.464190679647466,18.26610692512287,18.26610692512287,37706700
5174,2006-09-14,18.62689781188965,18.747162683075224,18.379293506585825,18.386368069518493,74324500
5175,2006-09-15,18.994770050048828,19.05843977737055,18.740091140761944,18.803760868083664,126057700
5176,2006-09-18,18.95231819152832,19.129178191004318,18.86742479807257,18.91694538203229,49135000
5177,2006-09-19,19.001850128173828,19.05844530784564,18.90280755174652,18.916956683998357,43039100
5178,2006-09-20,19.228219985961918,19.263591447276703,19.09380600416316,19.107955128422976,71676400
5179,2006-09-21,19.0301456451416,19.277750044014372,18.994774166446383,19.270675478408247,58495100
5180,2006-09-22,18.860361099243164,18.994775154077583,18.73302161038271,18.98062602212965,47712500
5181,2006-09-25,19.065509796142575,19.2352952454112,18.952319496630167,18.966467272068112,67903900
5182,2006-09-26,19.242372512817383,19.327264574718097,19.01599053263383,19.037214222776505,54766500
5183,2006-09-27,19.412158966064453,19.43338130794364,19.18577832378605,19.22822435687948,66233900
5184,2006-09-28,19.38387107849121,19.468764539418043,19.284829831856392,19.43339170180862,44179700
5185,2006-09-29,19.348493576049805,19.398014183974528,19.249451010864988,19.348493576049805,34283500
5186,2006-10-02,19.35556983947754,19.447536498072548,19.20700665333424,19.327271575703392,52908100
5187,2006-10-03,19.362646102905277,19.440463636435314,19.24945438722088,19.362646102905277,39386200
5188,2006-10-04,19.76588249206543,19.78003027266527,19.362641734261032,19.376789514860874,82191200
5189,2006-10-05,19.75173568725586,19.886149738791985,19.652694464721588,19.75173568725586,81967200
5190,2006-10-06,19.71636199951172,19.80832864594608,19.56072426800469,19.638543133758205,36452200
5191,2006-10-09,19.61024475097656,19.758807916545592,19.53950180000924,19.6668399213516,33366300
5192,2006-10-10,19.589025497436523,19.63147154458384,19.412165393431263,19.589025497436523,34598500
5193,2006-10-11,19.482908248901367,19.57487490240361,19.39801481161549,19.42631172448717,37219600
5194,2006-10-12,19.96397018432617,20.01349215217301,19.48291178354916,19.51120870155456,120174900
5195,2006-10-13,20.070087432861328,20.296468175322545,20.027640031648104,20.04886373225472,129751900
5196,2006-10-16,20.126678466796875,20.23279424926932,20.04178503121769,20.147900813690136,49744800
5197,2006-10-17,20.11959457397461,20.16911515954839,19.92858544447451,19.97810603004829,40122600
5198,2006-10-18,20.17619514465332,20.30353459854646,19.992260527844916,20.162046016590725,40630800
5199,2006-10-19,20.013490676879883,20.126681039228966,19.89322574821704,20.0559367254269,44730800
5200,2006-10-20,20.112529754638672,20.154975798644127,19.92859509816782,20.147901233087318,48887800
5201,2006-10-23,20.126678466796875,20.296463988619863,19.93566924874524,20.020561334989047,48525000
5202,2006-10-24,20.00639915466309,20.112514860762804,19.90028209922896,20.112514860762804,61409600
5203,2006-10-25,20.02763938903809,20.13375518999497,19.90737445479745,20.00641703844808,40717100
5204,2006-10-26,20.055931091308597,20.098377127931656,19.83662499453172,20.041781962655847,69964200
5205,2006-10-27,20.048864364624023,20.367213137086065,19.98519461013161,20.1549801723328,89060100
5206,2006-10-30,20.18328094482422,20.402587154542932,20.034717716131247,20.05594142004049,47296800
5207,2006-10-31,20.31061363220215,20.40965620768076,20.204497840000894,20.2752421512469,61861700
5208,2006-11-01,20.381357192993164,20.50869667868015,20.303539667889808,20.36013484493564,75895900
5209,2006-11-02,20.35306167602539,20.416731423238712,20.218647615315533,20.310614278326145,58674400
5210,2006-11-03,20.32475852966309,20.466247122676005,20.23986645332352,20.40965195533788,41124500
5211,2006-11-06,20.4025821685791,20.5511440116308,20.34598698798766,20.353061554228532,60446200
5212,2006-11-07,20.480398178100582,20.56529026242457,20.374281048692584,20.416728440189924,56511200
5213,2006-11-08,20.501615524291992,20.67847556438975,20.27523488886046,20.3601283018148,77403300
5214,2006-11-09,20.6997013092041,20.798742509700507,20.51576668732852,20.593585544481503,89407500
5215,2006-11-10,20.68556022644043,20.72093306132973,20.62189047297537,20.63603960693109,37855100
5216,2006-11-13,20.763370513916016,20.84118801977002,20.62895649568074,20.65018018782372,47271800
5217,2006-11-14,20.749176025390625,20.884049600068007,20.635598705856548,20.7846697839628,63012500
5218,2006-11-15,20.67109680175781,20.84146281680611,20.663998048553875,20.678194201013017,63943200
5219,2006-11-16,20.919546127319336,21.04022222234956,20.67819393725889,20.68529269037228,64328500
5220,2006-11-17,20.869850158691406,20.96923131951665,20.784667853924997,20.805962753142435,49356700
5221,2006-11-20,21.21767807006836,21.2957629675461,20.940833584753666,20.95503108501292,85703800
5222,2006-11-21,21.238983154296875,21.29577182500561,21.146702072125947,21.231884401214693,66446600
5223,2006-11-22,21.238983154296875,21.29577182500561,21.16799697742378,21.274475565759065,43907200
5224,2006-11-24,21.12540054321289,21.182189199755868,21.04021688142424,21.05441438404708,20456700
5225,2006-11-27,20.926645278930664,21.111208801547267,20.820166688099597,21.07571638925316,72722100
5226,2006-11-28,20.862756729125977,20.884052987723805,20.67819321645747,20.82726431874493,52602300
5227,2006-11-29,20.990522384643555,21.13959342167822,20.891142595919163,20.89824134567777,58775100
5228,2006-11-30,20.841461181640625,20.990530925381496,20.82016492369966,20.884052343573927,53297400
5229,2006-12-01,20.67109680175781,20.79887029758249,20.514926939168657,20.749180379103656,72257000
5230,2006-12-04,20.82015991210937,20.95503347203968,20.706582604993844,20.74917375667509,55123400
5231,2006-12-05,20.678194046020508,20.869856319244025,20.607209222410663,20.84146266058983,45606000
5232,2006-12-06,20.57880973815918,20.67818955277732,20.49362742675747,20.656894651901105,48564100
5233,2006-12-07,20.479433059692383,20.635601557142923,20.45103804891121,20.55751663144333,46831100
5234,2006-12-08,20.869850158691406,20.869850158691406,20.44393457301437,20.458132075124883,108854900
5235,2006-12-11,20.96923446655273,21.118304199240317,20.66399489510842,20.720783558124907,107712000
5236,2006-12-12,20.89115524291992,21.03312626219373,20.7420841156412,20.98343633775045,68529400
5237,2006-12-13,20.97633552551269,21.0118292923102,20.813068260090475,21.0118292923102,46002500
5238,2006-12-14,21.345460891723636,21.35255964452283,20.95503896540833,20.969236471006727,85866500
5239,2006-12-15,21.430635452270508,21.459029097436677,21.317058163709696,21.395141703377707,102783700
5240,2006-12-18,21.21767807006836,21.480326409071942,21.13959452653876,21.430636512112702,56986800
5241,2006-12-19,21.288673400878903,21.416448250435128,20.96213887774521,21.089912373352703,53822100
5242,2006-12-20,21.35965919494629,21.46613778301313,21.274475512123598,21.28867301825216,31202100
5243,2006-12-21,21.281570434570312,21.395147755257867,21.217683022440006,21.388049003471338,32270500
5244,2006-12-22,21.040212631225582,21.196382420633192,21.026016485418797,21.175086171000853,37971700
5245,2006-12-26,21.288673400878903,21.29577215407078,20.869856440199616,20.96213887774521,37098300
5246,2006-12-27,21.309965133666992,21.388048694293147,21.231880219092396,21.28866887861525,31248400
5247,2006-12-28,21.281570434570312,21.31706419350296,21.16089436209623,21.19638812102888,26690600
5248,2006-12-29,21.19639015197754,21.40224855771754,21.175093894577437,21.19639015197754,41739800
5249,2007-01-03,21.19639015197754,21.473234728435976,20.86985430825219,21.23188256036246,76935100
5250,2007-01-04,21.16089630126953,21.27447363236525,20.8982492308414,21.08281273235909,45774500
5251,2007-01-05,21.040212631225582,21.11829752592939,20.905340445398416,21.03311388134814,44607200
5252,2007-01-08,21.246076583862305,21.36675264812479,20.962133301464803,21.047315609209868,50220200
5253,2007-01-09,21.26737403869629,21.42354387823704,21.104106800947807,21.295769047321347,44636600
5254,2007-01-10,21.054420471191406,21.2176877367119,20.891153205670918,21.153800310386703,55017400
5255,2007-01-11,21.792673110961918,21.828165521449844,21.04732030517735,21.1254052329892,99464300
5256,2007-01-12,22.15469741821289,22.282472247220795,21.75007802898686,21.75717678103713,103972500
5257,2007-01-16,22.11920547485352,22.325065226774463,22.026924404165584,22.19019164289345,62379600
5258,2007-01-17,22.076608657836918,22.31796075495007,22.01272125836883,22.190185956013902,58519600
5259,2007-01-18,22.00563240051269,22.26828086683693,21.863660036994386,22.11211099617703,56364300
5260,2007-01-19,22.083715438842773,22.083715438842773,21.785574584223777,21.81396824211913,75826900
5261,2007-01-22,21.80686378479004,22.090808413159788,21.657794073449416,22.04821590653533,56143900
5262,2007-01-23,21.82106590270996,21.97723439818828,21.66489740723165,21.742980977996496,49171200
5263,2007-01-24,22.06951332092285,22.21858304010602,21.75717502565303,21.84945744091267,58527800
5264,2007-01-25,21.61520767211914,22.34636159522932,21.61520767211914,22.062418258392903,97378700
5265,2007-01-26,21.7216796875,22.168890138577407,21.7216796875,22.161791388058944,96103700
5266,2007-01-29,21.6719913482666,21.8494560621615,21.537117786600948,21.757173652725093,57605900
5267,2007-01-30,21.63650131225586,21.750078640355746,21.395149151556478,21.700388728555613,61900400
5268,2007-01-31,21.906234741210938,22.07660062649831,21.54420672724488,21.5867978600798,73968400
5269,2007-02-01,21.69329071044922,21.963037889276627,21.558418474984112,21.89205171832475,55355800
5270,2007-02-02,21.430635452270508,21.89204335629233,21.388042953599143,21.87784585673521,60401700
5271,2007-02-05,21.01892471313477,21.30996678498596,20.87695237635189,21.27447302381597,99102100
5272,2007-02-06,20.94793701171875,21.11830299102124,20.742077273843798,21.00472567148625,79281100
5273,2007-02-07,20.848560333251957,21.0828137592908,20.76337665380662,21.040221242593805,65145500
5274,2007-02-08,20.770469665527344,21.153792732207283,20.72787851455141,20.75627216388594,48749000
5275,2007-02-09,20.57170867919922,20.86984944356217,20.53621627908745,20.83435704345041,69823100
5276,2007-02-12,20.54331588745117,20.649794446179538,20.465230979207817,20.507822131909496,52774400
5277,2007-02-13,20.66441535949707,20.799756618487617,20.62879852363463,20.685785461014536,50348100
5278,2007-02-14,20.942211151123047,21.14878463703441,20.764131122017165,20.778377850419908,55588600
5279,2007-02-15,20.984956741333008,21.12029798749519,20.814000021327576,21.07043578065734,63858100
5280,2007-02-16,20.47208595275879,20.61455056104415,20.40797701489469,20.593180462208387,109340300
5281,2007-02-20,20.53618812561035,20.5575582174064,20.279752458628774,20.39372356425553,53978200
5282,2007-02-21,20.90660285949707,20.93509496743224,20.4720870046788,20.479210371323408,68604900
5283,2007-02-22,20.935094833374023,21.04194397371568,20.771261477526927,20.87810925922533,57754400
5284,2007-02-23,20.586055755615234,20.856738222005227,20.578932389800435,20.813998027116423,63787100
5285,2007-02-26,20.7071533203125,20.721400054049568,20.529073224529085,20.628797643401946,63481900
5286,2007-02-27,19.852367401123047,20.635918645878853,19.795381831347296,20.45071520444687,87143300
5287,2007-02-28,20.066062927246094,20.12304849696256,19.88798285205173,19.90935295018659,86333300
5288,2007-03-01,20.00908088684082,20.18003762614451,19.752645098563587,19.81675404563289,80175700
5289,2007-03-02,19.77401161193848,20.058939459070096,19.77401161193848,19.959215052234818,63254700
5290,2007-03-05,19.62443351745605,19.88086938822676,19.524709060442483,19.58169465854221,56454300
5291,2007-03-06,19.82387351989746,19.90222918618201,19.695655650938427,19.802503422189915,49361800
5292,2007-03-07,19.66716766357422,19.87373988342352,19.624427459210853,19.774015457195816,52044700
5293,2007-03-08,19.460596084594727,19.8381264434007,18.947725807329245,19.745524016408883,72175200
5294,2007-03-09,19.439212799072266,19.57455261630276,19.25400944225721,19.531813798158524,80125000
5295,2007-03-12,19.546070098876957,19.57456220538316,19.32524981989869,19.36086665133544,36516400
5296,2007-03-13,19.0331974029541,19.517575411003342,19.026074037113013,19.41072764067321,75169500
5297,2007-03-14,19.517576217651367,19.517576217651367,19.040321555718613,19.10443049229489,75730300
5298,2007-03-15,19.43209457397461,19.567434426987944,19.375109015168235,19.46058667405635,51757100
5299,2007-03-16,19.46771812438965,19.574565921699023,19.37511706235978,19.48196485966915,65055300
5300,2007-03-19,19.82387351989746,19.82387351989746,19.37511233718397,19.47483674253294,49412000
5301,2007-03-20,19.830997467041016,20.058939748029943,19.774011896793784,19.895106403399545,47902400
5302,2007-03-21,20.315370559692383,20.315370559692383,19.631542524156263,19.87373147855001,72808200
5303,2007-03-22,20.13729286193848,20.336741653179583,19.9520894424696,20.315372916199745,47934900
5304,2007-03-23,19.95921516418457,20.137295239471065,19.80250382840084,20.101678409227876,50519800
5305,2007-03-26,20.101682662963867,20.101682662963867,19.73127706055488,19.90223380596905,47491500
5306,2007-03-27,19.74552154541016,20.05894291050525,19.69565933341299,19.973465220979648,58979800
5307,2007-03-28,19.68853759765625,19.9449734047692,19.517580845795447,19.64579874935192,46947000
5308,2007-03-29,19.766889572143555,19.83812187836641,19.581686119421416,19.8309985118798,42629900
5309,2007-03-30,19.852367401123047,19.9093529708988,19.588808291758223,19.76688836713784,47061000
5310,2007-04-02,19.75976181030273,19.89510302615659,19.631543959350967,19.866609566548227,41977600
5311,2007-04-03,19.852367401123047,19.987707280188488,19.76688836713784,19.845244035070685,39821300
5312,2007-04-04,20.301130294799805,20.500580485053277,19.873737806338525,19.952093480838684,63244200
5313,2007-04-05,20.336748123168945,20.407980439264097,20.15866801225278,20.17291474720049,30131200
5314,2007-04-09,20.35098648071289,20.45783423155045,20.222768636250677,20.358109845254443,31384600
5315,2007-04-10,20.22989654541016,20.40085325688401,20.101678672143976,20.30112884818505,38643100
5316,2007-04-11,20.023334503173828,20.351001359792747,19.937855424822367,20.15867445248485,44050200
5317,2007-04-12,20.329620361328125,20.386605926349407,19.973460240284336,19.987705612557377,43762100
5318,2007-04-13,20.379484176635746,20.44359311219781,20.016200661331748,20.25126630551161,36002900
5319,2007-04-16,20.46495819091797,20.479204920415164,20.094551375848337,20.37235716647201,30740100
5320,2007-04-17,20.550445556640625,20.57893766856532,20.343871970951923,20.393734185802725,33170200
5321,2007-04-18,20.372358322143555,20.422220519569382,20.201401634408,20.37948168729624,41778400
5322,2007-04-19,20.436473846435547,20.578937119545174,20.13017583921689,20.187161420189423,43648800
5323,2007-04-20,20.671533584594727,20.72851914915602,20.443591326349544,20.643040122992563,60311500
5324,2007-04-23,20.50057601928711,20.6501626104094,20.42222036185564,20.628792515116366,41739100
5325,2007-04-24,20.50769424438477,20.628787344765858,20.36522969542416,20.50769424438477,34236700
5326,2007-04-25,20.650165557861328,20.65728892397574,20.436470009001606,20.55756451566029,39475000
5327,2007-04-26,20.728519439697266,20.90659950127775,20.59317821247604,20.72139607419688,68760300
5328,2007-04-27,21.455087661743164,21.896725479244413,21.369608629422498,21.490703132668283,128298800
5329,2007-04-30,21.32687187194824,21.633169842883508,21.32687187194824,21.462211761573805,67788800
5330,2007-05-01,21.6545352935791,21.66878202463061,21.298375169149697,21.326868631252715,73539300
5331,2007-05-02,21.80412483215332,21.861110401845195,21.58330456078454,21.647413496518297,80686700
5332,2007-05-03,22.060562133789062,22.081932234740734,21.74714213835788,21.797004348601774,82036800
5333,2007-05-04,21.76850891113281,21.86823468124113,21.576183454541987,21.85398794856234,104385900
5334,2007-05-07,21.875356674194336,21.910973505867307,21.7115233244283,21.740016789766678,59889100
5335,2007-05-08,21.90384864807129,22.0391898819266,21.78275414591509,21.85398644576752,60551700
5336,2007-05-09,21.925220489501957,22.032068268457472,21.775632512049647,21.868234916816128,51735000
5337,2007-05-10,21.782758712768555,22.03207113519998,21.74714323469695,21.85399102755516,55398600
5338,2007-05-11,22.003570556640625,22.067679483371123,21.76138157980163,21.77562830988462,43425300
5339,2007-05-14,22.060562133789062,22.074808867756843,21.94659097933348,21.967961080285157,70188500
5340,2007-05-15,22.08200454711914,22.217784246433418,22.03912724951005,22.08200454711914,75013900
5341,2007-05-16,22.20348358154297,22.21777646342069,22.017680206265272,22.15345985801517,45833600
5342,2007-05-17,22.139163970947266,22.253504284359924,22.124871091009677,22.174896170791254,41045600
5343,2007-05-18,22.03197288513184,22.14631321301157,21.853315952439218,22.13202033126555,58453000
5344,2007-05-21,22.189189910888672,22.26779939537752,21.96050926115113,21.96050926115113,41836400
5345,2007-05-22,21.93192481994629,22.10343530692483,21.9104854979324,22.081995984910943,39999500
5346,2007-05-23,21.853315353393555,22.03911872186592,21.846168912716443,22.03911872186592,46322500
5347,2007-05-24,21.56031990051269,22.010534796397145,21.41024735985501,21.8247327754599,64046400
5348,2007-05-25,21.781848907470703,21.910482093478613,21.56746117282017,21.63892420538501,47726500
5349,2007-05-29,22.003389358520508,22.03197376010352,21.717537164424687,21.78900021294864,42373100
5350,2007-05-30,22.232074737548828,22.246366259848635,21.80329771852961,21.831882126173785,57376800
5351,2007-05-31,21.93192481994629,22.267799353232075,21.87475465762011,22.23921495359108,85290500
5352,2007-06-01,21.8604679107666,22.08200218156702,21.831882140059676,22.003394038212107,39469400
5353,2007-06-04,21.953357696533203,21.98194345260055,21.724677100169924,21.738969978203595,41434500
5354,2007-06-05,21.853315353393555,21.88904619373493,21.674658425598302,21.881901116102007,44265000
5355,2007-06-06,21.646076202392575,21.81758670675567,21.617490436809906,21.703246370513607,38217500
5356,2007-06-07,21.167274475097656,21.64607512031794,21.145835151982386,21.45312530141329,71971400
5357,2007-06-08,21.47456932067871,21.48171576373355,21.01720786952608,21.13869467536908,61346200
5358,2007-06-11,21.453126907348636,21.61749097440353,21.38881029623248,21.395956737805868,48467400
5359,2007-06-12,21.331640243530277,21.610344651197263,21.27447007367437,21.41024837517941,56981800
5360,2007-06-13,21.71753692626953,21.731829808426443,21.33163864934279,21.417393216195727,64435600
5361,2007-06-14,21.810441970825195,21.94622027882711,21.6532229739154,21.68895518368782,59065700
5362,2007-06-15,21.789012908935547,22.06771746122539,21.746135600055204,22.053425933628656,100933000
5363,2007-06-18,21.80328941345215,21.953360563270856,21.738972816945832,21.931922606464784,45412600
5364,2007-06-19,21.767562866210938,21.910488976238103,21.710392694808952,21.781855749822537,46802600
5365,2007-06-20,21.445987701416016,21.80330172237321,21.410255481493405,21.75327797752637,46861600
5366,2007-06-21,21.59605598449707,21.65322616551517,21.374521703432496,21.42454544144276,56564800
5367,2007-06-22,21.07437515258789,21.51029857766864,21.045790747344352,21.43883551999311,86219900
5368,2007-06-25,21.07437515258789,21.274471441470496,20.99576565284036,21.06008226844389,53905800
5369,2007-06-26,21.095813751220703,21.29590867015769,21.08152086756966,21.117251713652863,48340300
5370,2007-06-27,21.345935821533203,21.403105998606453,20.981475431549555,20.981475431549555,53468600
5371,2007-06-28,21.31735038757324,21.417397858267684,21.21015647425141,21.338789715455437,46055200
5372,2007-06-29,21.060083389282227,21.38881292686721,20.752794542098787,21.3459356351977,71193900
5373,2007-07-02,21.25303077697754,21.29590806366515,21.074373825560738,21.20300704866793,47316000
5374,2007-07-03,21.453126907348636,21.596051649683364,21.28161639872034,21.28876284029373,35202600
5375,2007-07-05,21.431686401367188,21.59605045936275,21.317346068583817,21.47456368539988,47838500
5376,2007-07-06,21.41739273071289,21.467417817128126,21.1958585144795,21.37451544825835,57541000
5377,2007-07-09,21.345935821533203,21.403105998606453,21.303057166444862,21.338789379018483,33831400
5378,2007-07-10,20.96003150939941,21.431685707624474,20.8528376212654,21.22444437230461,66013500
5379,2007-07-11,21.07437515258789,21.188715499650964,20.874278863705285,20.895718189921283,48017000
5380,2007-07-12,21.48885726928711,21.517443034938307,21.038642364635333,21.12439693550028,54302400
5381,2007-07-13,21.31020164489746,21.45312775593001,21.195861301289188,21.395957584125878,42173000
5382,2007-07-16,21.460264205932617,21.61033532590403,21.238728700674184,21.26731445478899,48023200
5383,2007-07-17,21.996248245239254,22.06770994802821,21.445984410278847,21.453130853166662,77539600
5384,2007-07-18,22.096284866333008,22.132015700177224,21.79614122769221,21.80328766706984,64414400
5385,2007-07-19,22.51792335510254,22.75375048728997,22.103439263286912,22.189193840603565,121159300
5386,2007-07-20,22.26780128479004,22.296387049954816,22.00338977223739,22.260654843498845,98292600
5387,2007-07-23,22.289249420166016,22.52507662382663,22.23922567439632,22.410736244054505,48910600
5388,2007-07-24,22.010541915893555,22.496489175329927,21.946225286671403,22.160614505093488,59729300
5389,2007-07-25,21.946216583251957,22.367847046256177,21.70324441293629,22.146312835149548,54950100
5390,2007-07-26,21.42453956604004,21.817585645415758,21.088665015048505,21.61034294415586,87025300
5391,2007-07-27,21.002910614013672,21.43883400835781,20.981472652353705,21.388810280425403,69214600
5392,2007-07-30,21.01004981994629,21.07436640886497,20.68846823839678,21.017196259053243,67499600
5393,2007-07-31,20.71705818176269,21.238736108929743,20.70991174074125,21.231589667908302,66554000
5394,2007-08-01,20.938587188720703,21.117244080648504,20.595566283349864,20.688468630456917,80006300
5395,2007-08-02,21.095813751220703,21.288763591376576,20.738499838211048,20.859986623156107,47938300
5396,2007-08-03,20.695615768432617,21.281611577291866,20.652738491750643,21.045784510974915,61535500
5397,2007-08-06,21.110105514526367,21.110105514526367,20.545548907671677,20.75993669888182,59530500
5398,2007-08-07,21.11725234985352,21.288764232744377,20.75993842607905,20.96003471408875,49163000
5399,2007-08-08,21.438825607299805,21.4459720460675,20.874269212046546,21.2387294109359,52898600
5400,2007-08-09,20.938587188720703,21.510290060716017,20.667029312729767,21.181560670786027,72964500
5401,2007-08-10,20.516958236694336,20.7599317355994,20.19537662676282,20.652737865622225,76576200
5402,2007-08-13,20.45978546142578,20.717051806856517,20.32400721293186,20.681320975788392,55492300
5403,2007-08-14,20.273338317871094,20.717959750459958,20.223139256238984,20.631904607039715,42944100
5404,2007-08-15,20.15142822265625,20.789675858785653,20.11557076860167,20.25182635836505,48117700
5405,2007-08-16,19.943464279174805,20.33071667674245,19.728324970185465,19.99366336008416,81447400
5406,2007-08-17,20.25899887084961,20.25899887084961,19.950631589539128,20.144257747732517,76747700
5407,2007-08-20,20.266170501708984,20.43111069634892,20.137086395357,20.208799939755,49952000
5408,2007-08-21,20.129913330078125,20.309196493143048,19.986487620319377,20.15142780206183,50786200
5409,2007-08-22,20.237476348876957,20.309189864260155,20.086879197611605,20.273333790479324,44763500
5410,2007-08-23,20.294851303100582,20.31636577274284,20.15142560895108,20.28050969116092,33886600
5411,2007-08-24,20.660600662231445,20.68211514393452,20.129922423959044,20.230320602928185,45158900
5412,2007-08-27,20.431100845336918,20.631898399270817,20.366558823280357,20.51715733068614,32789500
5413,2007-08-28,20.02950859069824,20.4311023605272,20.01516561410611,20.29484681854501,43924400
5414,2007-08-29,20.502819061279297,20.51716204009996,19.950626687079478,20.17293738751277,45753700
5415,2007-08-30,20.402427673339844,20.74665107162073,20.30919964808323,20.380913198013964,33690700
5416,2007-08-31,20.60321807861328,20.73947364772623,20.337879797933223,20.581704977263,42511900
5417,2007-09-04,20.660600662231445,20.86856988189335,20.423946834788044,20.438289822590093,45689600
5418,2007-09-05,20.423938751220703,20.60322192432023,20.380911172666995,20.545851363641265,47669800
5419,2007-09-06,20.732297897338867,20.804011412019616,20.47412979161677,20.481301279867,45430800
5420,2007-09-07,20.39525032043457,20.674931580186,20.30919381168393,20.524334399649632,52160900
5421,2007-09-10,20.423938751220703,20.617564906445484,20.373739681604366,20.56019434576652,37247600
5422,2007-09-11,20.74664688110352,20.76098986175703,20.49565019095468,20.531506274766546,34380800
5423,2007-09-12,20.74664688110352,20.918758545479932,20.653418874677584,20.660590365004342,42364700
5424,2007-09-13,20.911584854125977,20.983298382023506,20.76815779833093,20.882900263660037,35288600
5425,2007-09-14,20.825532913208008,20.87573198009911,20.710790430257216,20.782503969168214,33496600
5426,2007-09-17,20.60321807861328,20.71078768883011,20.52433442729257,20.646247016957457,39536500
5427,2007-09-18,20.74664688110352,20.775331474588626,20.273339462112872,20.58170670705385,77462400
5428,2007-09-19,20.560192108154297,20.732303771459893,20.29485243900281,20.70361917815325,94242200
5429,2007-09-20,20.38091087341309,20.49565199308627,20.32354031357649,20.42393845133502,67168900
5430,2007-09-21,20.54585266113281,20.66059378973676,20.39525544277343,20.574538627194872,135636100
5431,2007-09-24,20.854219436645508,21.23430027054771,20.653421782689644,20.66059327402615,104459800
5432,2007-09-25,21.19843101501465,21.19843101501465,20.87572229142119,20.89723538563461,75621000
5433,2007-09-26,21.15541648864746,21.406413229026363,21.141073505123597,21.28450060471788,60337000
5434,2007-09-27,21.148242950439453,21.313183141536623,21.112386862921653,21.29884152722274,43407100
5435,2007-09-28,21.12672615051269,21.291667691266632,20.96178597758067,21.148240621347185,45819100
5436,2007-10-01,21.349031448364254,21.36337442435393,21.090863351836013,21.126719423988725,43875100
5437,2007-10-02,21.29884147644043,21.40641110655941,21.20561346060114,21.29884147644043,33700900
5438,2007-10-03,21.119558334350582,21.40641113769241,21.00481721301385,21.306011630656226,37633900
5439,2007-10-04,21.30600929260254,21.349038234248496,21.11238452648336,21.198439674131457,37868000
5440,2007-10-05,21.39923858642578,21.50680821137177,21.32035355648179,21.43509467213378,45012300
5441,2007-10-08,21.39923858642578,21.406410077131778,21.2271269129478,21.270154489361797,30265400
5442,2007-10-09,21.585693359375,21.793661119698427,21.513979819744787,21.53549429198045,63603100
5443,2007-10-10,21.67892265319824,21.779322168081013,21.53549692422912,21.5426684158509,32251500
5444,2007-10-11,21.449440002441406,21.965775079418425,21.36338484018964,21.729121331492856,50788400
5445,2007-10-12,21.635887145996094,21.80082728941247,21.478118491574563,21.535489035711635,31121100
5446,2007-10-15,21.542665481567383,21.7506332389835,21.513979518987515,21.5856930576152,47150500
5447,2007-10-16,21.743465423583984,21.929920108403167,21.67892336469188,21.686094856549023,56286200
5448,2007-10-17,22.288476943969727,22.396046540090165,21.980109765355284,22.05182328537612,86092400
5449,2007-10-18,22.345849990844727,22.396049050138902,21.965769249611704,22.388877560550917,49208600
5450,2007-10-19,21.635887145996094,22.29564908748326,21.592859579848707,22.29564908748326,75200200
5451,2007-10-22,21.879714965820312,22.01597053767701,21.600033700060308,21.600033700060308,58785100
5452,2007-10-23,22.15940284729004,22.31717293585446,22.023147234754106,22.023147234754106,49956200
5453,2007-10-24,22.410388946533203,22.44624502171902,21.872539611816407,22.123536241581892,77979200
5454,2007-10-25,22.941070556640625,23.10601208589384,22.58250427466533,22.639874825068507,169588700
5455,2007-10-26,25.121152877807617,25.838285442843688,24.78410243247833,25.82394246326573,288121200
5456,2007-10-29,24.79127693176269,25.307613345162512,24.705221774744096,24.99207321002079,114655600
5457,2007-10-30,25.50840950012207,25.52275248216319,24.633506745122254,24.647849727163383,107297300
5458,2007-10-31,26.39764976501465,26.533903962694108,25.465375275107863,25.47254813246357,185635800
5459,2007-11-01,26.576929092407227,26.885296259079983,26.074935839522983,26.19684704066921,152078800
5460,2007-11-02,26.576929092407227,26.892466379764937,26.117962034919,26.6916701728685,96389800
5461,2007-11-05,26.34027671813965,26.605614980397288,26.268564561521934,26.36178981799628,75485400
5462,2007-11-06,26.11079406738281,26.29007719136529,25.723541863026245,26.23987813550167,100966700
5463,2007-11-07,25.472551345825195,25.931515791321235,25.422352280576806,25.845460641701692,74897800
5464,2007-11-08,24.913190841674805,25.745064652228027,24.66936561777244,25.529922656821626,133742400
5465,2007-11-09,24.188888549804688,24.76976709144804,24.13151934944487,24.51159885071766,125136900
5466,2007-11-12,23.937885284423828,24.174537603383666,23.679717128726853,23.89485634659314,84865200
5467,2007-11-13,24.79408836364746,24.94518343024734,24.01702606064248,24.13214650348351,104311500
5468,2007-11-14,24.412750244140625,25.0027428044107,24.28323941435572,24.90920659519102,84063100
5469,2007-11-15,24.29044342041016,24.535074785338256,24.139348303901592,24.29044342041016,64014100
5470,2007-11-16,24.52787971496582,24.65019401889634,24.25446755748358,24.362394203636438,71113800
5471,2007-11-19,24.434341430664062,24.63580430367847,24.36958599731808,24.434341430664062,63026200
5472,2007-11-20,24.88043594360352,25.161041910011484,24.53507179836001,24.628608035392148,100009400
5473,2007-11-21,24.62860679626465,24.988358580162213,24.59263216681255,24.75092383002773,89518700
5474,2007-11-23,24.54226303100586,24.779697741420264,24.25446055415851,24.72213889286349,33467200
5475,2007-11-26,23.722034454345703,24.7293378426089,23.693253651761164,24.52787771389394,80335000
5476,2007-11-27,23.786792755126957,24.175322658098818,23.513380586992973,23.937887869876494,84178400
5477,2007-11-28,24.24727249145508,24.38397719087696,23.671670145614915,24.01703155311901,88585000
5478,2007-11-29,24.168127059936523,24.412758404110804,23.966666921683064,24.160933231293985,53633600
5479,2007-11-30,24.17531394958496,24.54945605944389,23.880317655519534,24.40555482570004,71027800
5480,2007-12-03,23.686058044433597,24.204101533321904,23.513378711263165,24.103371464857737,61770600
5481,2007-12-04,23.578128814697266,23.916296320647906,23.47739876901526,23.556544589104806,54801500
5482,2007-12-05,24.57105827331543,24.837273936864246,23.765211962249055,23.84435782714749,84894700
5483,2007-12-06,24.85884475708008,24.90201595409281,24.369582169687614,24.650188088550475,49209700
5484,2007-12-07,24.844470977783203,24.96678807879932,24.621426505731737,24.902032612306037,40771000
5485,2007-12-10,25.009944915771484,25.146652361769508,24.801290949496675,24.923605248875408,36083500
5486,2007-12-11,24.53506851196289,25.175428939282565,24.41275423311778,24.98835649027608,55070700
5487,2007-12-12,24.80129814147949,25.24738975193866,24.41276541074603,24.902028239516465,63345400
5488,2007-12-13,25.340913772583008,25.506399245766872,24.66457873601035,24.808479982814404,73913200
5489,2007-12-14,25.405670166015625,25.78700615161523,25.189816915227528,25.21859771462435,71126200
5490,2007-12-17,24.74372673034668,25.276160566838456,24.722142502072767,25.20420856477836,58121200
5491,2007-12-18,24.99555969238281,25.182629446320988,24.61422086580729,24.923607675722906,52791800
5492,2007-12-19,25.03153610229492,25.28336131672888,24.736539674805574,24.959584080535944,58469100
5493,2007-12-20,25.556772232055664,25.75103856405704,25.240191586213893,25.39128670731868,59345000
5494,2007-12-21,25.945295333862305,25.945295333862305,25.722248276801025,25.83017489192148,83240500
5495,2007-12-24,26.31944274902344,26.420172812891888,25.93810397835065,25.995665583240275,29622600
5496,2007-12-26,26.34103012084961,26.3626143529139,26.089202186448432,26.197128836147325,30252400
5497,2007-12-27,25.880538940429688,26.29784949751331,25.85895197140472,26.15394826432706,33311100
5498,2007-12-28,25.988473892211918,26.06761974145848,25.6646966656073,25.97408348828628,33447200
5499,2007-12-31,25.61432838439941,25.8949371084234,25.55676952066606,25.830181671293023,35229700
5500,2008-01-02,25.340913772583008,25.87334481766361,25.182622126629745,25.751030541927364,63004200
5501,2008-01-03,25.44883155822754,25.650294353410157,25.0818860741558,25.340907707471068,49599600
5502,2008-01-04,24.73653793334961,25.32653074679272,24.52788120197152,25.31933417277897,72090800
5503,2008-01-07,24.902027130126957,25.03873186498844,24.643005321177444,24.858855913738967,80164300
5504,2008-01-08,24.067405700683597,24.97397939559717,24.031431055074798,24.97397939559717,79148300
5505,2008-01-09,24.77971076965332,24.851662799038724,23.9954514898327,24.00264806511588,74305500
5506,2008-01-10,24.700557708740234,24.822871992411944,24.304828568183133,24.714945364134884,72446000
5507,2008-01-11,24.39837455749512,24.635812136821617,24.261669819048787,24.56386010762149,55187900
5508,2008-01-14,24.74372673034668,24.873237589366617,24.520682385680967,24.79409175944463,52792200
5509,2008-01-15,24.46312713623047,24.736539325677715,24.46312713623047,24.484711370109032,61606200
5510,2008-01-16,23.90909576416016,24.211288595528814,23.39105247877813,24.04580041127489,120778500
5511,2008-01-17,23.82276153564453,24.319217966964292,23.722031483900352,24.132148262966258,94247800
5512,2008-01-18,23.750816345214844,24.463126228350493,23.722038282674426,23.85874299998016,117062000
5513,2008-01-22,22.995342254638672,23.40545922719799,22.664371144273144,22.693151956832587,108521400
5514,2008-01-23,22.973751068115234,23.06009073498688,22.333393278164216,22.64997388648592,137597400
5515,2008-01-24,23.92348861694336,24.002634431969,23.11044898716325,23.27593444372244,155640400
5516,2008-01-25,23.70043563842773,25.182613294718497,23.65007063141326,25.110664068894117,196992300
5517,2008-01-28,23.542156219482425,23.815565582843927,23.326302966202743,23.758006728073973,81019000
5518,2008-01-29,23.455810546875,23.66446719875888,23.275934690703604,23.6356864030464,68023000
5519,2008-01-30,23.16802024841309,23.599721380962546,23.06009359293129,23.42704202581831,106432600
5520,2008-01-31,23.455810546875,23.55654333186869,22.822648136982988,22.959354171929533,103642200
5521,2008-02-01,21.90888786315918,23.92349764196593,21.764986576525395,22.347784179937918,291138900
5522,2008-02-04,21.721811294555664,22.103147275561835,21.664251068799413,21.937661798055608,119998600
5523,2008-02-05,20.91597366333008,21.54194252578317,20.786462769557403,21.52035691937289,137534100
5524,2008-02-06,20.52024269104004,21.117430615115143,20.354757194905243,21.067065583451875,138315600
5525,2008-02-07,20.23245048522949,20.707322954450536,20.074158747259283,20.390740850854908,164964900
5526,2008-02-08,20.549015045166016,20.923157112039,20.318774195503785,20.35475018597833,124872000
5527,2008-02-11,20.29718971252441,20.584992162703585,20.081339247233824,20.52023674864765,156814100
5528,2008-02-12,20.390737533569336,20.592199088963376,20.22525199110882,20.455492984505117,84365900
5529,2008-02-13,20.83682632446289,20.90158176672582,20.527440888738703,20.592196331001634,88986200
5530,2008-02-14,20.50585174560547,20.89438433214213,20.47707094407943,20.77926249838212,69113500
5531,2008-02-15,20.44829368591309,20.606583994079703,20.325978011129333,20.36914784565763,68166100
5532,2008-02-19,20.34716796875,20.83110847476727,20.27493777516843,20.802215846264097,68261200
5533,2008-02-20,20.383285522460938,20.41217815542312,20.166596285950863,20.33272479245369,93056200
5534,2008-02-21,20.296615600585938,20.917792214639064,20.19549273687926,20.6722116596635,98776500
5535,2008-02-22,19.993236541748047,20.506068170497414,19.646533352367403,20.397723596025468,125705400
5536,2008-02-25,20.108814239501957,20.397733707203507,19.848786029732207,19.971576975714957,109974300
5537,2008-02-26,20.49884986877441,20.845554517921784,19.98601811859972,20.03657884014637,108923500
5538,2008-02-27,20.412181854248047,20.71554766694002,20.296614056810803,20.36162111507885,75199500
5539,2008-02-28,20.17382049560547,20.419402377876896,20.079920811261115,20.238827545481826,83002900
5540,2008-02-29,19.64653587341309,20.10158369565747,19.51652181629292,20.000462263531205,117411400
5541,2008-03-03,19.49485206604004,19.783771423426053,19.40817694766232,19.67542683661582,76544300
5542,2008-03-04,19.9282283782959,19.95711962024886,19.47317926287235,19.51651819231569,86925600
5543,2008-03-05,20.31106185913086,20.520527990653385,20.007696024285508,20.04381044699311,106489800
5544,2008-03-06,19.91378593444824,20.347165669284383,19.863225217958,20.26771232755617,91127700
5545,2008-03-07,20.130483627319336,20.27494267169389,19.733218155516774,19.747664473257235,77597600
5546,2008-03-10,20.260499954223636,20.412183562099123,20.043810660317995,20.10159456387129,72175100
5547,2008-03-11,21.14891815185547,21.192255712122307,20.49884785947193,20.513294172119604,98740700
5548,2008-03-12,20.679420471191406,21.300598073295987,20.614414826429726,21.257260517562848,75993800
5549,2008-03-13,20.67220497131348,20.93945492011864,20.33994660265188,20.614421086895348,84552200
5550,2008-03-14,20.195484161376957,20.953899117589145,19.964348647067983,20.74443169669893,105214900
5551,2008-03-17,20.44106674194336,20.751655617353773,19.70432260739176,19.71876754431036,84490100
5552,2008-03-18,21.25005149841309,21.29338908297619,20.70832686950488,20.70832686950488,83695300
5553,2008-03-19,20.67220497131348,21.37283474209284,20.67220497131348,21.221151184447457,61442100
5554,2008-03-20,21.07669448852539,21.105585745085016,20.650537777277084,20.75888240030977,60170200
5555,2008-03-24,21.0694637298584,21.235592183761646,20.990010392045484,21.18503146976293,48294700
5556,2008-03-25,21.04779624938965,21.213926096655477,20.903337249706823,21.18503347011315,49149000
5557,2008-03-26,20.62886047363281,20.99723315430005,20.49884642425895,20.9683419087037,45868100
5558,2008-03-27,20.260499954223636,20.578312112605243,20.22438553113167,20.571088952451465,47894400
5559,2008-03-28,20.159374237060547,20.53497022017814,20.101590345632964,20.390509802770868,49244000
5560,2008-03-31,20.49884986877441,20.6505334110907,20.108809032788585,20.13770028323967,46780600
5561,2008-04-01,21.307832717895508,21.33672535574701,20.67943162139334,20.82389205529725,65796200
5562,2008-04-02,21.06224250793457,21.3656081974594,20.946674757418087,21.358385040842588,49499400
5563,2008-04-03,20.946674346923828,21.177809843427205,20.802213972771103,20.946674346923828,38961400
5564,2008-04-04,21.06224250793457,21.134472696426435,20.75887681840974,21.040573038084133,43860800
5565,2008-04-07,21.06224250793457,21.37283135407621,20.968344227268524,21.34393872760896,44428600
5566,2008-04-08,20.76609230041504,20.946667016070823,20.61441020054854,20.903329470062644,44733500
5567,2008-04-09,20.867225646972656,20.97557164053564,20.614422002463137,20.744434714920946,45839300
5568,2008-04-10,21.026121139526367,21.235587101342244,20.802207491585097,20.82387695425948,65591600
5569,2008-04-11,20.426618576049805,20.95389657632913,20.376056482960024,20.85277514550191,54373700
5570,2008-04-14,20.26771545410156,20.44829025666617,20.17381716294559,20.397729532376303,43418100
5571,2008-04-15,20.40495491027832,20.57108341607361,20.24604956269281,20.311056608904284,34310000
5572,2008-04-16,20.91056060791016,20.982789419609688,20.49884894177094,20.636086163817343,54107400
5573,2008-04-17,21.10557746887207,21.192253959915405,20.874441996324634,21.033348666958062,48743300
5574,2008-04-18,21.66897392272949,21.741204111340508,21.38727770259041,21.676197079358214,73658900
5575,2008-04-21,21.972347259521484,22.10236136873328,21.755657995952983,21.80621873227385,54411700
5576,2008-04-22,21.849552154541016,22.1745873657618,21.647307870039583,22.131248419148047,67387500
5577,2008-04-23,22.7163143157959,22.723536096688388,21.88566899014318,21.994014991003365,98351500
5578,2008-04-24,22.9691104888916,23.185799664613224,22.50683951259151,22.84631958860237,115416700
5579,2008-04-25,21.54618453979492,21.95067169588749,21.38005605860931,21.70508986384077,145194900
5580,2008-04-28,20.939451217651367,21.553405742083704,20.8166603127649,21.524513116145133,97473000
5581,2008-04-29,20.686643600463867,20.87444151197016,20.54940777787069,20.80221133405604,84428900
5582,2008-04-30,20.5999755859375,21.098361092122374,20.59275242789005,20.75888092995168,74733600
5583,2008-05-01,21.235595703125,21.3006027398044,20.571080399706126,20.585526714007408,71699400
5584,2008-05-02,21.12003326416016,21.394507794318585,20.84556011167844,21.37283831740817,66024200
5585,2008-05-05,21.004457473754883,21.835101151389907,20.939450445466598,21.6184119755464,119687700
5586,2008-05-06,21.45228576660156,21.567853522868432,20.896115078519557,20.94667579967677,93582000
5587,2008-05-07,21.098360061645508,21.77009857280723,21.004461766967932,21.44506474260658,88775000
5588,2008-05-08,21.141695022583008,21.228370143227583,20.94667393461841,21.14891817891609,69589900
5589,2008-05-09,21.228384017944336,21.34395183945552,20.910573197627127,21.098369874324977,51621200
5590,2008-05-12,21.661754608154297,21.712315335846878,21.19948352333474,21.235597935207583,64278800
5591,2008-05-13,21.589256286621094,21.842990557390102,21.40801673164433,21.748746597211337,70934700
5592,2008-05-14,21.69800567626953,21.93724189894689,21.553013439541488,21.669006675824544,66730400
5593,2008-05-15,22.07498359680176,22.132980212871008,21.705254650829644,21.73425226749007,53355800
5594,2008-05-16,21.741500854492188,22.096730281760347,21.690753990989357,22.089480532295894,81538200
5595,2008-05-19,21.35726928710937,21.66900155447454,21.248525826638488,21.65450344042704,59615000
5596,2008-05-20,20.84979820251465,21.248524663327867,20.755552861250987,21.241274915326965,75767600
5597,2008-05-21,20.480073928833008,21.06004007106345,20.436576813852813,20.88605022839432,60125100
5598,2008-05-22,20.63956069946289,20.806302146395293,20.429323527827943,20.501819628744453,52203100
5599,2008-05-23,20.33508682250977,20.53807571477953,20.262592073537217,20.487328837399268,48890700
5600,2008-05-27,20.61781120300293,20.66130830700613,20.335076570112097,20.378575056863305,47334500
5601,2008-05-28,20.4293270111084,20.712060331866997,20.327833282169077,20.70481058226442,52318500
5602,2008-05-29,20.523571014404297,20.79180621901924,20.400328036513383,20.451074901042286,47699200
5603,2008-05-30,20.530820846557617,20.806305801891156,20.44382661637213,20.57431796165036,63399200
5604,2008-06-02,20.15384101867676,20.55981867901072,19.97260143619676,20.47282307101108,77028400
5605,2008-06-03,19.79861640930176,20.523574915214294,19.769618788094537,20.233591789399004,86616700
5606,2008-06-04,19.965356826782227,20.03785156721761,19.71887083760601,19.77686745960344,79567400
5607,2008-06-05,20.51631736755371,20.51631736755371,20.00884743591433,20.09584164922481,76063400
5608,2008-06-06,19.929101943969727,20.42207377069257,19.929101943969727,20.29158106564851,78500800
5609,2008-06-09,20.088592529296875,20.23358473301335,19.791359756151422,20.045095421281182,66787100
5610,2008-06-10,20.21908187866211,20.509066237942417,19.805855964259944,19.83485495328713,77433900
5611,2008-06-11,19.66087532043457,20.25534107500086,19.65362556943393,20.19009469874372,59330800
5612,2008-06-12,20.47282218933105,20.69755887475825,19.711616528796352,19.863857107804005,113996300
5613,2008-06-13,21.074539184570312,21.43701836251682,20.661313142951023,20.75555712080785,131969100
5614,2008-06-16,20.973052978515625,21.10354575061301,20.76281431619232,21.03829936456432,74718900
5615,2008-06-17,20.87879753112793,21.110785338016687,20.87154916527817,21.052788731981536,44256700
5616,2008-06-18,20.63231468200684,20.92229913811032,20.63231468200684,20.697561046355283,49677800
5617,2008-06-19,20.973052978515625,21.16154238457309,20.53807753244061,20.697567930143624,62037800
5618,2008-06-20,20.46556663513184,20.965788106510367,20.371322691443503,20.951288612789757,97480400
5619,2008-06-23,20.27708625793457,20.596068345944985,20.14659490546291,20.516322478255272,57145300
5620,2008-06-24,20.10309600830078,20.30608485716287,19.94360565881883,20.240838490841067,65218300
5621,2008-06-25,20.552570343017575,20.78455680330411,20.12484478833365,20.161092154222786,64280200
5622,2008-06-26,20.117589950561523,20.443821692048218,20.117589950561523,20.32057874334747,67049100
5623,2008-06-27,20.03059959411621,20.23358843995873,19.90735661320261,20.06684834306044,73450200
5624,2008-06-30,19.943607330322266,20.284337307533324,19.92910782931366,20.103097693171343,57830500
5625,2008-07-01,19.47962951660156,19.84935702115191,19.167897236168603,19.769612550929374,100327800
5626,2008-07-02,18.761919021606445,19.573872875209503,18.761919021606445,19.50137677319613,84669000
5627,2008-07-03,18.834413528442383,18.92140912003997,18.558930023421382,18.82716378058025,37074500
5628,2008-07-07,18.87066650390625,19.1316505717896,18.45019071274873,18.92866311707459,71527600
5629,2008-07-08,18.74017143249512,18.993907101871866,18.493685511700352,18.798168038402817,65553200
5630,2008-07-09,18.290699005126957,18.740173794627445,18.254451640396347,18.69667668040105,54255800
5631,2008-07-10,18.45018768310547,18.609677997441946,18.10945642678704,18.268948123871617,57830600
5632,2008-07-11,18.305200576782227,18.587933925389645,18.02971697849147,18.23995420668075,69532600
5633,2008-07-14,18.23270797729492,18.71118052860494,18.17471134631034,18.47194425294993,51216200
5634,2008-07-15,18.957658767700195,19.31288815938733,18.0732101628515,18.0732101628515,92719300
5635,2008-07-16,19.762361526489254,19.784110771190413,18.790917387140517,18.94315795180432,82060400
5636,2008-07-17,19.950851440429688,20.233584716422023,19.65361866752796,19.994348548409707,96526100
5637,2008-07-18,18.747419357299805,19.18964291579528,18.20370071127833,19.109898454647453,150277000
5638,2008-07-21,18.587934494018555,18.97216297606481,18.508190003592752,18.60243399509544,77575600
5639,2008-07-22,18.70392799377441,18.805423119956696,18.47194150435528,18.51544000818278,88657200
5640,2008-07-23,19.160654067993164,19.457886953104214,18.74017817812275,18.74742792931432,79408800
5641,2008-07-24,18.44293212890625,18.97215114340954,18.44293212890625,18.91415455802216,81092600
5642,2008-07-25,18.96491241455078,19.008409533172884,18.486439961462224,18.58793369916329,58682300
5643,2008-07-28,18.4864444732666,18.92866966589103,18.37045120679934,18.892420905902004,59707800
5644,2008-07-29,18.92866325378418,18.98665986737139,18.41394209829291,18.500937710047893,66368200
5645,2008-07-30,19.01565933227539,19.204148690453597,18.776423105116223,18.99391146428268,51977700
5646,2008-07-31,18.64592742919922,19.05190508259731,18.638677680094084,18.740172784817734,60461000
5647,2008-08-01,18.44293212890625,18.812660879281164,18.17469705727233,18.79091164123052,82720200
5648,2008-08-04,18.32695198059082,18.522689731139995,18.203708976227222,18.40669647794469,60588300
5649,2008-08-05,19.001161575317383,19.05190983170345,18.48644170528181,18.587935452556746,84297600
5650,2008-08-06,19.588380813598636,19.689874570506287,19.12440639041636,19.378142165434227,95550000
5651,2008-08-07,19.85660171508789,20.117587070919665,19.37812948456152,19.50137241562121,82565800
5652,2008-08-08,20.39308357238769,20.46557970453928,19.711623525309488,19.82761678365253,80814100
5653,2008-08-11,20.226337432861328,20.58881660328088,20.052347596989737,20.19733981825688,68743800
5654,2008-08-12,20.385831832885746,20.5598216916314,19.99435361364665,20.13934585397561,62813000
5655,2008-08-13,20.23358917236328,20.66131474614905,20.12484568709113,20.3495824076867,51165200
5656,2008-08-14,20.23358917236328,20.501824393266457,19.97985345156264,20.168342804650305,49732300
5657,2008-08-15,20.16109085083008,20.40757679463656,19.99435076612225,20.28433382273332,47267400
5658,2008-08-18,20.074094772338867,20.3350788078253,19.972599674831997,20.13934112689752,38078200
5659,2008-08-19,19.88485336303711,20.197828952714787,19.84846143374287,20.04498118376324,40332900
5660,2008-08-20,19.863021850585938,20.07409757220032,19.7756792631247,20.044984301888796,41497200
5661,2008-08-21,19.782958984375,19.81935092127393,19.55004725638968,19.72473105237867,43614200
5662,2008-08-22,20.263338088989254,20.292451358439948,19.812070612265643,19.819349276694137,47930400
5663,2008-08-25,20.132322311401367,20.26333547770435,19.98675181811737,20.09593038221192,51381300
5664,2008-08-26,19.84845924377441,20.17599073607392,19.775674004953537,20.07409223468247,44774400
5665,2008-08-27,20.059541702270508,20.226948224728307,19.746566041138085,19.89941523324939,33975300
5666,2008-08-28,20.336116790771484,20.387066037086942,20.088647833013976,20.09592649509659,48372600
5667,2008-08-29,19.863021850585938,20.21966808854793,19.863021850585938,20.146882830374125,50735500
5668,2008-09-02,19.72472381591797,20.20510442571506,19.695609166469467,20.13959785271883,66079200
5669,2008-09-03,19.579160690307617,19.78295914811326,19.53549008801477,19.651945952971303,57127700
5670,2008-09-04,19.17884063720703,19.571878768978465,19.17884063720703,19.4627015872788,66141900
5671,2008-09-05,18.669343948364254,19.08421804237587,18.654786621632564,18.94592760321406,82305200
5672,2008-09-08,19.011436462402344,19.164284246603707,18.68390351302335,19.07694166401489,62110800
5673,2008-09-09,18.996885299682617,19.36081030010465,18.96049196668219,19.069670577419764,85735700
5674,2008-09-10,19.244346618652344,19.55004355075527,19.10605478577496,19.3025745396118,75064900
5675,2008-09-11,19.899412155151367,19.98675334719327,18.945929377158475,18.99687863722679,72913300
5676,2008-09-12,20.103214263916016,20.190555471947185,19.608276124194497,19.753845267000933,75628500
5677,2008-09-15,19.52093505859375,20.00859457117425,19.45542845330208,19.59372032983601,82349400
5678,2008-09-16,18.916805267333984,19.28072995825213,18.57471655764543,18.98959048317012,111729700
5679,2008-09-17,17.88327407836914,18.82947990077134,17.83232480105973,18.727579957888832,106972100
5680,2008-09-18,18.38548469543457,18.450991283439247,17.475672515662055,18.05067309138141,132291300
5681,2008-09-19,18.312700271606445,19.215233828166987,17.104469753286423,19.193399223353417,134926100
5682,2008-09-22,18.48737525939941,19.15699679107511,18.429147360482517,19.08421157036333,105207700
5683,2008-09-23,18.516490936279297,19.04782071707907,18.44370571150582,18.67661732017078,92181300
5684,2008-09-24,18.720294952392575,18.98959996903329,18.531053851992144,18.6183964322782,80250300
5685,2008-09-25,19.36808013916016,19.564598494738892,18.73485031620201,18.79307823419998,96203500
5686,2008-09-26,19.94308280944824,20.05953865801989,19.025991960749096,19.04782795295499,100744300
5687,2008-09-29,18.203523635864254,20.132325325167717,18.203523635864254,19.608273969769524,134383100
5688,2008-09-30,19.426305770874023,19.426305770874023,18.58927902756428,18.756684098573647,107192700
5689,2008-10-01,19.273462295532227,19.644665858673857,19.12789316905883,19.20067703816387,88957000
5690,2008-10-02,19.106061935424805,19.309860429177583,18.705745002559464,19.05511265905253,93819800
5691,2008-10-03,19.157007217407227,19.994034240493868,19.09877928679937,19.19340054170174,114289400
5692,2008-10-06,18.130733489990234,18.916811005280085,17.57028896279631,18.65478470409582,146374600
5693,2008-10-07,16.907958984375,18.349101976579732,16.842452358523513,18.18169677196549,145941200
5694,2008-10-08,16.747827529907227,17.686753244284688,16.376623888509382,16.667763591096826,171598600
5695,2008-10-09,16.23104476928711,17.402883014992824,16.0636397022614,17.300984519979412,131948700
5696,2008-10-10,15.648768424987791,16.267440942698073,15.030095907277513,15.85984550266788,228467500
5697,2008-10-13,18.5601749420166,18.5601749420166,16.47124483770655,16.638651392263974,144935400
5698,2008-10-14,17.541179656982422,18.72757416599337,17.177254773593837,18.662067575922368,165674900
5699,2008-10-15,16.493072509765625,17.650353532879375,16.362059354203616,17.308264706449794,113280200
5700,2008-10-16,17.606685638427734,17.606685638427734,15.51047760514352,16.696873461406547,161147800
5701,2008-10-17,17.41744613647461,18.27630913247622,16.96617864444783,17.15541976121626,133673100
5702,2008-10-20,17.992448806762695,18.014284803268787,16.747826159448785,17.613967918501547,93484300
5703,2008-10-21,17.002567291259766,18.203518867099287,16.937060715462795,17.68674492339685,100385600
5704,2008-10-22,15.670601844787598,16.784210805712714,15.212055835248991,16.76965486929691,150054800
5705,2008-10-23,16.245601654052734,16.442121364770188,15.20477658054493,15.685157170123482,154774100
5706,2008-10-24,15.983576774597168,16.638642534427348,15.248449889921895,15.328512403029949,153919700
5707,2008-10-27,15.415857315063477,15.983579209034644,15.2994014707482,15.772503511811898,117683900
5708,2008-10-28,16.813331604003906,16.89339414249123,15.532315717309348,15.750670114294262,134088800
5709,2008-10-29,16.740549087524414,17.446563049266842,16.52219465473172,16.835168971530948,111701800
5710,2008-10-30,16.471242904663086,17.381055295046373,16.29655909230112,17.24276481125786,95323000
5711,2008-10-31,16.252885818481445,16.67503864279538,16.100038028352422,16.398456332353824,93055200
5712,2008-11-03,16.463964462280273,16.67504020001719,16.165544742147222,16.362064537748218,61923500
5713,2008-11-04,17.126304626464844,17.220924480417384,16.645923916292773,16.835163624197854,72123000
5714,2008-11-05,16.070920944213867,16.98801171133433,16.04908495395037,16.980733047913166,81179700
5715,2008-11-06,15.197507858276367,16.07092844054235,15.182951912907471,15.91808060219086,95509700
5716,2008-11-07,15.648768424987791,15.677883079121507,15.284843577895051,15.517755257912308,71256300
5717,2008-11-10,15.503192901611328,15.990852094049531,15.423130405242112,15.903510936508084,67106800
5718,2008-11-11,15.430418968200684,15.503202850103492,15.132000609955776,15.49592557252406,78014500
5719,2008-11-12,14.775349617004396,15.284845005837614,14.760793676840809,15.204781087753274,90162300
5720,2008-11-13,15.466809272766112,15.466809272766112,13.639905987367776,14.666174162170243,148413700
5721,2008-11-14,14.600667953491213,15.53231628367594,14.302249618874118,14.964592887245074,96624500
5722,2008-11-17,14.062053680419922,14.7316753503572,13.93831919614033,14.367750559918742,97289000
5723,2008-11-18,14.377154350280762,14.40646484415666,13.739634685881956,14.289220073317235,108966500
5724,2008-11-19,13.402557373046877,14.618973014409807,13.373245479198117,14.384482056623824,103010500
5725,2008-11-20,12.8456449508667,13.805587185104052,12.823661028799656,13.277985634508251,139532800
5726,2008-11-21,14.421119689941406,14.435775634595416,13.175392347706866,13.204704237014884,157231900
5727,2008-11-24,15.161229133605955,15.344424260989465,14.560349339414923,14.575003887377996,125289900
5728,2008-11-25,14.648274421691896,15.33708812539724,14.325850777751729,15.285793740656858,92948100
5729,2008-11-26,15.014678955078123,15.153907703347302,14.457765359669922,14.457765359669922,79678300
5730,2008-11-28,14.816823959350586,14.88277432841557,14.670268670725845,14.824151933432043,28650800
5731,2008-12-01,13.63704776763916,14.618973908969878,13.629719793728558,14.567678091595672,79639900
5732,2008-12-02,14.032740592956545,14.149985313498163,13.600400161834065,13.91549587241492,79689800
5733,2008-12-03,14.560347557067873,14.58233007515553,13.629716088438917,13.666354550363502,80961500
5734,2008-12-04,14.003430366516112,14.596981949769084,13.76894092116518,14.215935902240146,78719200
5735,2008-12-05,14.560347557067873,14.640952452835512,13.534453851166614,13.856877627240372,91996200
5736,2008-12-08,15.395719528198242,15.571586692534948,14.758199834518193,14.9120844768553,107225000
5737,2008-12-09,15.095276832580566,15.571583822924715,14.99268662403901,15.109932776324747,80484900
5738,2008-12-10,15.102604866027832,15.359076894258084,14.875441930069998,15.256488082965982,61499000
5739,2008-12-11,14.252586364746094,14.743549530668496,14.149996107761154,14.736221555336115,83564300
5740,2008-12-12,14.186625480651855,14.545687620078734,13.702990648144846,14.032740907944708,78112600
5741,2008-12-15,13.952143669128418,14.245255637457142,13.842225458045547,14.171977295957932,59925900
5742,2008-12-16,14.736215591430664,14.78751000032954,13.922828828411848,14.07671205510848,97688700
5743,2008-12-17,14.406465530395508,14.692249498221178,14.289220753971234,14.516382333584769,78922700
5744,2008-12-18,14.142657279968262,14.670259917693237,13.91549580965185,14.55301519768042,80759200
5745,2008-12-19,14.010762214660645,14.509051725127444,14.00343424275658,14.230595781111653,113530400
5746,2008-12-22,14.054734230041504,14.13534055533006,13.842227153432876,14.098700681258768,58575400
5747,2008-12-23,14.128010749816896,14.340516401220889,13.930159648474204,14.128010749816896,47511400
5748,2008-12-24,14.047401428222656,14.252580459512876,13.996107019817051,14.11335178122066,16880400
5749,2008-12-26,14.018092155456545,14.164648833399154,13.98878165846886,14.069387971104105,23101000
5750,2008-12-29,13.893514633178713,14.076709718938984,13.659025147032374,14.032743289703443,58512800
5751,2008-12-30,14.17197608947754,14.281892893534923,13.922830588191204,13.930158561484095,43224100
5752,2008-12-31,14.245248794555664,14.421115891072716,14.120676093147654,14.149986577066777,46419000
5753,2009-01-02,14.897433280944824,14.948727712191443,14.1939643992739,14.31120921288572,50084000
5754,2009-01-05,15.036654472351074,15.146571255221849,14.699574754190612,14.802164962848696,61475200
5755,2009-01-06,15.212523460388184,15.388390613970556,15.102606664107686,15.205195487613764,58083400
5756,2009-01-07,14.296545028686523,14.868114214140755,14.27456111466872,14.794835898415707,72709900
5757,2009-01-08,14.743550300598145,14.794844732935092,14.325864070850592,14.384486478902598,70255400
5758,2009-01-09,14.303872108459473,14.875439860620029,14.22326582641938,14.780179034482448,49815300
5759,2009-01-12,14.26723289489746,14.501723780668003,14.14266017963432,14.443100010974671,52163500
5760,2009-01-13,14.523706436157228,14.648279152617077,14.303872888365785,14.303872888365785,65843500
5761,2009-01-14,13.988774299621582,14.4211147346831,13.930151938816664,14.311197982882296,80257500
5762,2009-01-15,14.098695755004885,14.142662190859744,13.571094331743147,13.974123022026276,96169800
5763,2009-01-16,14.44310188293457,14.58965853082781,14.032745225568384,14.384479503310828,79634100
5764,2009-01-20,13.541781425476074,14.377152029972605,13.461176532075124,14.259905880387452,89873000
5765,2009-01-21,14.201284408569336,14.25258021375826,13.527126343289058,13.827567611581635,68340900
5766,2009-01-22,12.537871360778809,13.321946056934122,12.508559477943937,13.226683835388288,222436600
5767,2009-01-23,12.603822708129885,12.816328285018784,12.274070988186192,12.435282163676655,117020600
5768,2009-01-26,12.918919563293455,13.05082027654528,12.625807643660446,12.669775479856307,92476500
5769,2009-01-27,12.94090747833252,13.168069111500978,12.772368247196836,13.028841780215837,61695000
5770,2009-01-28,13.219361305236816,13.417210984210753,13.014182255645114,13.04349274977654,64145500
5771,2009-01-29,12.889609336853027,13.160737343997804,12.867625418300245,13.028838025684836,49192800
5772,2009-01-30,12.530543327331545,13.03616212236152,12.53054332733154,12.99952226900138,62370900
5773,2009-02-02,13.065473556518556,13.285307101979145,12.45726592323216,12.479249836845256,88871700
5774,2009-02-03,13.556438446044922,13.637044743518343,12.89693631468981,13.080131428825553,86865100
5775,2009-02-04,13.651695251464844,13.92282455514393,13.55643443527172,13.585746315741844,75618000
5776,2009-02-05,13.952143669128418,14.025420612959516,13.373246308719589,13.563769437550286,75195200
5777,2009-02-06,14.406465530395508,14.604316614736964,13.96679691997049,14.040075254652656,86746000
5778,2009-02-09,14.245248794555664,14.487066226975042,14.113348122751017,14.391804009486156,52196400
5779,2009-02-10,13.776269912719728,14.509050256963702,13.702992996429398,14.10602162669655,83953200
5780,2009-02-11,14.076708793640137,14.281887779365023,13.864203234913909,13.878859176251575,58599000
5781,2009-02-12,14.11335277557373,14.157319214780776,13.585751312085442,13.900845757015174,75323200
5782,2009-02-13,13.988774299621582,14.26723016402811,13.952135848243758,14.12067496084948,47416000
5783,2009-02-17,13.346887588500977,13.649387413186115,13.199326080593227,13.642009197065644,75853300
5784,2009-02-18,13.369020462036133,13.612495932685352,13.280483287595214,13.442799798944478,54946900
5785,2009-02-19,13.214082717895508,13.560850437433915,13.140301962796674,13.50182611480502,49195600
5786,2009-02-20,13.28048610687256,13.4206694098087,13.029632367829334,13.110791344358304,69413800
5787,2009-02-23,12.697619438171388,13.39115631720064,12.66072976250798,13.295242316125227,70803400
5788,2009-02-24,12.668107986450195,12.80091307051709,12.070486515400097,12.564815768731911,122674500
5789,2009-02-25,12.51317024230957,12.719756117845764,12.144267797799248,12.55006133111129,105894600
5790,2009-02-26,12.114750862121582,12.601701756353286,12.114750862121582,12.57956711306984,83219500
5791,2009-02-27,11.915549278259276,12.18853772018,11.878659594844876,12.018842924871798,93428000
5792,2009-03-02,11.649937629699709,11.989327861936466,11.598291519454596,11.775364500545388,80602100
5793,2009-03-03,11.716343879699709,11.981953435355113,11.539270842596103,11.827015055608737,80476600
5794,2009-03-04,11.893412590026855,12.099997008979033,11.723717140190503,11.893412590026855,69285100
5795,2009-03-05,11.266278266906738,11.716338886999864,11.266278266906738,11.701582455049891,89708500
5796,2009-03-06,11.273653984069824,11.52450765827087,10.971154213518666,11.325300784045227,92821400
5797,2009-03-09,11.177740097045898,11.613044950438669,11.140850427673907,11.21463047004323,66479100
5798,2009-03-10,12.159022331237791,12.262315956472849,11.25152279744628,11.34005928584359,95184200
5799,2009-03-11,12.623838424682615,12.690240957934368,12.122131021114177,12.269691111589712,84522200
5800,2009-03-12,12.550056457519531,12.572191102204966,12.159019511580436,12.550056457519531,93694100
5801,2009-03-13,12.284451484680176,12.57957316758142,11.937683683177612,12.5279270489801,82965800
5802,2009-03-16,11.989330291748049,12.51317112439921,11.98195207346759,12.40987888297532,67028900
5803,2009-03-17,12.468900680541992,12.468900680541992,11.996706064846029,12.040973958254783,62481000
5804,2009-03-18,12.51317024230957,12.704999682325075,12.247561439192918,12.56481776663198,70710700
5805,2009-03-19,12.645976066589355,12.874696608412457,12.48365948838532,12.815672270224514,58994600
5806,2009-03-20,12.586949348449709,13.022254287997146,12.454144260824936,12.77877876310205,81725500
5807,2009-03-23,13.523961067199709,13.715790471863992,12.77139988134386,12.815669179747772,71600000
5808,2009-03-24,13.228838920593262,13.4354233425808,13.162436382882746,13.309997890517412,50044100
5809,2009-03-25,13.191950798034668,13.50920712551067,12.926341994887087,13.265731568395552,73927100
5810,2009-03-26,13.89287281036377,13.92976250998734,13.369031757999498,13.40592145762307,63775100
5811,2009-03-27,13.376398086547852,13.737923614272772,13.317373769067387,13.678899296792306,47670400
5812,2009-03-30,12.896827697753906,13.103413550470576,12.741889363654646,13.088657116579888,49633000
5813,2009-03-31,13.553472518920898,13.863350539167753,13.118167647449113,13.1550573183532,92423300
5814,2009-04-01,14.24700927734375,14.283900359061892,13.413290532025972,13.45018020649324,96438900
5815,2009-04-02,14.23225212097168,14.674933777301517,14.018288100795017,14.387190419236989,99082300
5816,2009-04-03,13.83384132385254,14.128962990644505,13.597743990418966,14.114206555492128,81858400
5817,2009-04-06,13.841215133666992,13.841215133666994,13.479691031068496,13.678898620434198,47476100
5818,2009-04-07,13.841215133666992,14.12158027602376,13.7452997429721,13.841215133666994,65815200
5819,2009-04-08,14.158474922180176,14.475731220665216,13.988778743681674,13.996156960768657,56408900
5820,2009-04-09,14.512618064880373,14.53475271181894,14.180605397055537,14.35030154241642,55759600
5821,2009-04-13,14.453594207763672,14.645423598928188,14.291277680124828,14.527374959327068,44444700
5822,2009-04-14,14.276525497436523,14.42408563723036,14.0182934937333,14.342928052881671,63796300
5823,2009-04-15,13.89287281036377,14.202751071858016,13.6567753553685,14.173238186357692,72725500
5824,2009-04-16,14.579015731811523,14.593772158178048,14.010905981952789,14.136332791567698,67688700
5825,2009-04-17,14.165851593017578,14.527375747311924,14.018290081886844,14.527375747311924,61398500
5826,2009-04-20,13.730545997619627,13.981399709666745,13.701033133966654,13.93713041418728,62937200
5827,2009-04-21,13.996155738830566,14.077314712450722,13.701034117372137,13.71579055025778,60928300
5828,2009-04-22,13.855976104736328,14.158475991902332,13.796951770832012,13.841219669447469,59401000
5829,2009-04-23,13.959264755249023,13.97402118675132,13.627252082701174,13.959264755249023,86116300
5830,2009-04-24,15.42750072479248,15.641464826520693,14.387195902858211,14.623293251488516,168478500
5831,2009-04-27,15.05121898651123,15.361097086553425,14.962683190642664,15.161889434972492,68219600
5832,2009-04-28,14.704442977905272,14.955296604581305,14.60115080477408,14.940540177776755,76685200
5833,2009-04-29,14.940545082092283,15.412739636835694,14.800361795933794,14.837252875054858,79301600
5834,2009-04-30,14.94792938232422,15.567685691316044,14.76347813339216,15.198783193451929,87439900
5835,2009-05-01,14.933165550231934,15.01432450989509,14.652800409873864,14.896275881612675,63224500
5836,2009-05-04,14.896282196044922,15.05122055862391,14.741342426214686,15.029087310970482,54313400
5837,2009-05-05,14.601158142089844,14.933169468531258,14.490486292691685,14.859388704682823,66835500
5838,2009-05-06,14.601158142089844,14.80774259216423,14.46835304861287,14.800364375054285,59639100
5839,2009-05-07,14.254384994506836,14.748714144853633,14.121579938107605,14.72657949970355,68727200
5840,2009-05-08,14.328173637390137,14.490490236229784,14.121587723843067,14.357685106610342,67597600
5841,2009-05-11,14.254384994506836,14.55688477530481,14.025665956958504,14.165849228407769,63762600
5842,2009-05-12,14.674935340881348,14.800362198805582,14.365057304083289,14.39457016818349,71966800
5843,2009-05-13,14.57164478302002,14.756095982805084,14.51262045537884,14.697071655163905,49281700
5844,2009-05-14,14.80036449432373,14.92579137170152,14.60853506967235,14.630669721180558,54539500
5845,2009-05-15,14.918416023254396,15.12500192196982,14.741342998891731,14.852013463211984,61289900
5846,2009-05-18,15.198779106140137,15.198779106140137,14.93316892878641,15.021706123654642,46073800
5847,2009-05-19,15.079977989196776,15.399249053101643,15.035428966569183,15.228476619539286,51368300
5848,2009-05-20,15.131952285766602,15.362125307470755,15.013153946391258,15.154227505469946,47450700
5849,2009-05-21,14.71615505218506,15.0205759108526,14.485983494306884,14.953751681760933,58232800
5850,2009-05-22,14.6641845703125,14.976030577316031,14.45628676024749,14.797833061340866,37318700
5851,2009-05-26,15.102252960205078,15.18392734716888,14.441437040044493,14.508261280980715,44991700
5852,2009-05-27,14.946329116821287,15.295300464203558,14.901780095351077,15.035428575949574,42892900
5853,2009-05-28,15.183937072753906,15.31758422404189,14.886939626721643,15.087412477936788,45480800
5854,2009-05-29,15.510624885559082,15.547750257384788,15.072555411332669,15.265603096261946,46134900
5855,2009-06-01,15.889294624328612,15.96354394919037,15.488350535976052,15.592298741069664,57317100
5856,2009-06-02,15.889294624328612,16.31993900910111,15.740797390793178,15.859595744096758,48935700
5857,2009-06-03,16.134313583374023,16.15658880179335,15.807618877017577,15.822467606442626,56039600
5858,2009-06-04,16.208560943603516,16.260535030802657,16.02293839435648,16.16401192831677,42330000
5859,2009-06-05,16.438737869262695,16.564961300563123,16.19371608099576,16.305089363628344,59579200
5860,2009-06-08,16.371912002563477,16.57238474125315,16.060065992219982,16.319937903537557,49000600
5861,2009-06-09,16.39418601989746,16.57238352469997,16.245687391134762,16.379335873783614,50887700
5862,2009-06-10,16.743154525756836,16.795130032714034,16.42388490871776,16.461008854642284,61297200
5863,2009-06-11,16.95105743408203,17.27032856391409,16.758009741248966,16.772859890587245,65124600
5864,2009-06-12,17.322301864624023,17.35942582005463,16.884232392839895,17.003030749643578,50963500
5865,2009-06-15,17.389129638671875,17.478229132411467,17.092133686520583,17.24805603032936,69089600
5866,2009-06-16,17.411407470703125,17.90145121910485,17.403982393765084,17.426256208390587,105295600
5867,2009-06-17,17.582168579101562,17.68611675638398,17.20349839818856,17.44852011334548,86483100
5868,2009-06-18,17.448518753051758,17.589592279928105,17.300020154635856,17.537618195338815,58852200
5869,2009-06-19,17.87174415588379,18.07221690886689,17.634147448431854,17.849470349677723,115459000
5870,2009-06-22,17.28517723083496,17.782645861497727,17.262902008737917,17.782645861497727,71291600
5871,2009-06-23,17.329730987548828,17.567327756663953,17.233206414978024,17.359429875593992,56752700
5872,2009-06-24,17.426250457763672,17.63414829485709,17.344577470774386,17.411401724976262,54287700
5873,2009-06-25,17.663846969604492,17.760370096699436,17.22577752839847,17.39654997736,57724300
5874,2009-06-26,17.337154388427734,17.589601285267324,17.314879162404836,17.500501797364045,65126400
5875,2009-06-29,17.715822219848633,17.842045650357583,17.485649165504707,17.522774536941526,62854900
5876,2009-06-30,17.649002075195312,17.997972150794304,17.545052427166414,17.797499346940473,66452400
5877,2009-07-01,17.849472045898438,18.0425183269071,17.79007144720258,17.8568957045472,54908400
5878,2009-07-02,17.352005004882812,17.849473736574385,17.23320521242677,17.641575870011756,65422200
5879,2009-07-06,17.22577667236328,17.2851758436671,16.98075491371153,17.2332003296118,49207700
5880,2009-07-07,16.728309631347656,17.181227823427516,16.6763341124773,17.13667879486958,52842500
5881,2009-07-08,16.75058364868164,16.84710819732667,16.334789405794098,16.564961041797616,73023400
5882,2009-07-09,16.661481857299805,16.9362024608694,16.6095077656076,16.81740413237642,46981200
5883,2009-07-10,16.62435531616211,16.735729980394137,16.446157836053622,16.475858124165544,43229200
5884,2009-07-13,17.248056411743164,17.292606867692328,16.438741539116407,16.646639418313853,67584000
5885,2009-07-14,17.15894889831543,17.240621856941956,16.973326349146937,17.225773129311097,45448700
5886,2009-07-15,17.908870697021484,17.908870697021484,17.493075015617105,17.634148600957456,67238700
5887,2009-07-16,18.14647102355957,18.14647102355957,17.715826523591904,17.767800640041518,64555100
5888,2009-07-17,18.035079956054688,18.153878224159705,17.89400648160983,18.11675288025997,52860100
5889,2009-07-20,18.21329498291016,18.21329498291016,17.93114776099134,18.146470715412985,47798000
5890,2009-07-21,18.436038970947266,18.436038970947266,18.09449402233688,18.33209075462032,52028400
5891,2009-07-22,18.41377067565918,18.488020036486187,18.198449087068504,18.33952273102094,66192500
5892,2009-07-23,18.978052139282227,19.096850476915613,18.443459619931986,18.510283861874253,106060500
5893,2009-07-24,17.411407470703125,17.738102358845193,16.936212459988862,17.530205869334534,215135700
5894,2009-07-27,17.15894889831543,17.41139567847959,17.00302522059631,17.403970606570333,80950000
5895,2009-07-28,17.426250457763672,17.48564963747777,17.003031125277207,17.069855379479087,70288400
5896,2009-07-29,17.6712703704834,17.752944764968827,17.329725477522505,17.619296270788304,73626900
5897,2009-07-30,17.678695678710938,18.13904034075223,17.60444635693808,17.968267892006274,67820000
5898,2009-07-31,17.463376998901367,17.8717462097415,17.44852684893199,17.648999624953834,54258200
5899,2009-08-03,17.693544387817383,17.71581960739467,17.448522637218847,17.686119314624953,46902900
5900,2009-08-04,17.649002075195312,17.663852227226364,17.470804499388056,17.582177807244037,49218300
5901,2009-08-05,17.678695678710938,18.005391844798694,17.663846947306784,17.7009709000992,53310300
5902,2009-08-06,17.41883087158203,17.804926369468287,17.277758660429765,17.767802401520555,59686000
5903,2009-08-07,17.493074417114258,17.686122101978235,17.44852538712661,17.63414799762796,46169700
5904,2009-08-10,17.389129638671875,17.48565279205039,17.300030144932283,17.4188285257928,35261900
5905,2009-08-11,17.173803329467773,17.37427608903297,17.114404150654547,17.31487691021974,33615800
5906,2009-08-12,17.470796585083008,17.745517192266224,17.099551449612218,17.173799343756134,61972300
5907,2009-08-13,17.53762435913086,17.708396815997702,17.374275560225108,17.54504801709195,38954500
5908,2009-08-14,17.589590072631836,17.67126301694271,17.45594163406642,17.53761599456471,46330200
5909,2009-08-17,17.26289939880371,17.52277128589424,17.24804925298417,17.314873492984248,42474400
5910,2009-08-18,17.606369018554688,17.658635365554222,17.374903157206262,17.389836806106455,38878900
5911,2009-08-19,17.658632278442383,17.71089861630463,17.359966473407486,17.359966473407486,41821300
5912,2009-08-20,17.67356300354004,17.82289659345019,17.576497167003904,17.621296674316685,39505900
5913,2009-08-21,18.226104736328125,18.233571562224355,17.74823927218085,17.867705638217668,69011400
5914,2009-08-24,18.39783096313477,18.465030948320805,18.129032446541533,18.226098300615305,54180900
5915,2009-08-25,18.39783096313477,18.53223093350684,18.263430992762693,18.36796509424704,43980300
5916,2009-08-26,18.33063125610352,18.479964875260947,18.23356540055684,18.360498549595377,41079000
5917,2009-08-27,18.43516731262207,18.502367305948543,18.14396686682366,18.22610050847848,45495600
5918,2009-08-28,18.427696228027344,19.03249460398686,18.375429895113047,18.718895182350305,55808000
5919,2009-08-31,18.40530014038086,18.554633776371613,18.136501589409043,18.34556697081478,49592800
5920,2009-09-01,17.919963836669922,18.47249588406915,17.84529703585364,18.181296927451516,62608500
5921,2009-09-02,17.815433502197266,18.02449886287021,17.755700338554856,17.785566208300583,40771300
5922,2009-09-03,18.002094268798828,18.024493308167557,17.74076122434306,17.852760693638242,34120000
5923,2009-09-04,18.382902145385746,18.517300716498287,17.979702159594556,17.987168984237115,44999700
5924,2009-09-08,18.53223419189453,18.547167841039528,18.22610150517791,18.38290197289805,53737100
5925,2009-09-09,18.50236701965332,18.629300180178,18.42023337926939,18.47249972345877,49900300
5926,2009-09-10,18.66663360595703,18.70396630350849,18.40530045064341,18.517299967448924,46256000
5927,2009-09-11,18.56210327148437,18.793569158839645,18.524769145039137,18.614369624356407,54303500
5928,2009-09-14,18.66663360595703,18.733833600870565,18.39783362630289,18.40530045064341,42806800
5929,2009-09-15,18.81596565246582,18.86823199427612,18.56209934297208,18.644231555466405,44716600
5930,2009-09-16,18.81596565246582,18.92796515979517,18.62929933219989,18.853298346858605,50055800
5931,2009-09-17,18.890634536743164,18.95036771331515,18.71143500702721,18.71143500702721,42428800
5932,2009-09-18,18.86076545715332,19.025031308788964,18.74129912429994,19.01009766114453,68016500
5933,2009-09-21,18.890634536743164,18.94290231237601,18.741302307388835,18.748769132479243,28878700
5934,2009-09-22,19.241567611694336,19.27890031186291,18.883168563131644,18.965300788332748,61376700
5935,2009-09-23,19.196760177612305,19.59996003915295,19.14449384537201,19.353560598483917,60599900
5936,2009-09-24,19.36849594116211,19.495429083795376,19.15942916972177,19.353562295169755,56302900
5937,2009-09-25,19.07729148864746,19.27889139426916,19.05489244856765,19.18182556423865,50158900
5938,2009-09-28,19.286361694335938,19.53276114871058,19.11462904337954,19.11462904337954,44358000
5939,2009-09-29,19.22663116455078,19.383430191426477,19.181831646036443,19.34609749668969,39050300
5940,2009-09-30,19.20423126220703,19.405831237721145,18.950364942852456,19.234098558202184,63533400
5941,2009-10-01,18.577037811279297,19.01757058913282,18.517304625679746,18.972771055971023,75958100
5942,2009-10-02,18.63676643371582,18.733833726643105,18.24103471006944,18.26343375909025,51219700
5943,2009-10-05,18.39783096313477,18.711430419285968,18.308231932320663,18.651697257359597,60804900
5944,2009-10-06,18.748764038085938,18.823429420399474,18.412764121071508,18.42769776719457,48795300
5945,2009-10-07,18.74129676818848,18.801029927105656,18.5770295130531,18.659163140620787,38472700
5946,2009-10-08,19.166906356811523,19.338639106131783,18.830906261053077,18.995173607491264,60521300
5947,2009-10-09,19.07729148864746,19.256492354189344,19.010091520106897,19.09222513146771,39520000
5948,2009-10-12,19.20423126220703,19.33116442188432,19.077298102529745,19.15943174236536,29145800
5949,2009-10-13,19.27142906188965,19.368496338681283,19.05489688715989,19.10716322505497,37749000
5950,2009-10-14,19.383432388305664,19.562633330975324,19.278899691874344,19.51783238323232,45365500
5951,2009-10-15,19.943422317504883,19.943422317504883,19.3386240404569,19.3386240404569,65620100
5952,2009-10-16,19.7866325378418,19.88369841045752,19.48796667115744,19.749299838562948,56500900
5953,2009-10-19,19.682098388671875,19.84636424719325,19.599964747335648,19.77916425412744,48143200
5954,2009-10-20,19.689563751220703,19.79409643305186,19.36849745799532,19.726896444974408,54604700
5955,2009-10-21,19.846359252929688,19.97329238298384,19.704492478363115,19.75675881000587,61672700
5956,2009-10-22,19.85383415222168,19.95090003273981,19.51036730945867,19.83143367633997,61600000
5957,2009-10-23,20.921560287475582,21.914624995954,20.81702618584828,21.802625495207742,281761000
5958,2009-10-26,21.414363861083984,21.668230210556345,20.98876481171892,21.003697037336934,124149700
5959,2009-10-27,21.34715843200684,21.563690601984995,21.235158935524968,21.45169110550313,69685800
5960,2009-10-28,20.921560287475582,21.481559215357795,20.869293948737397,21.08582612696004,73542400
5961,2009-10-29,21.070894241333008,21.212761047014688,20.794628878014564,20.95889473122685,65225500
5962,2009-10-30,20.705026626586918,21.20529239104724,20.652760287996436,20.92902705159729,73371800
5963,2009-11-02,20.817026138305664,20.943959285301773,20.466093990328613,20.68262759220765,62428900
5964,2009-11-03,20.55569076538086,20.71248975316756,20.481023970370245,20.637822958156946,50294800
5965,2009-11-04,20.951431274414062,21.19783080590661,20.622899515191516,20.67516586669732,63898400
5966,2009-11-05,21.25755882263184,21.45915877877783,21.115693452737325,21.294892939039013,52681700
5967,2009-11-06,21.29489517211914,21.37702738852585,21.05596249866132,21.19036105936804,38908500
5968,2009-11-09,21.645828247070312,21.65329507144136,21.30236287090896,21.369562866097244,57518000
5969,2009-11-10,21.66075897216797,21.86235893052203,21.51142535320549,21.578625339323512,65881100
5970,2009-11-11,21.74289321899414,21.87729177087443,21.66822640740444,21.71302592469787,49693400
5971,2009-11-12,21.92209815979004,22.019164042071083,21.65329814093279,21.660764966362308,55352400
5972,2009-11-13,22.123693466186523,22.24316123117606,21.92956173043744,22.00422712534811,53037600
5973,2009-11-16,22.05649757385254,22.250629333174476,21.929564393279712,22.108763926297005,54129500
5974,2009-11-17,22.498971939086918,22.498971939086918,22.101489586535777,22.123989073435464,75648900
5975,2009-11-18,22.58146858215332,22.603966638561943,22.35647800494433,22.49897189413208,59431200
5976,2009-11-19,22.33397483825684,22.498966746101097,22.2739776508184,22.49146691886557,51967700
5977,2009-11-20,22.213991165161133,22.326485766997724,22.07149723993,22.243989058109204,42647100
5978,2009-11-23,22.453975677490234,22.506473052806804,22.27398406335648,22.378978813989622,41832700
5979,2009-11-24,22.43148422241211,22.491481448609413,22.3114897700175,22.46148355073412,37341400
5980,2009-11-25,22.341480255126957,22.393977628464228,22.18398670466899,22.356478482904645,32033500
5981,2009-11-27,21.91400718688965,22.041501470983444,21.561523662840543,21.83151189514428,29357900
5982,2009-11-30,22.05649757385254,22.086496897241123,21.7490116613519,21.861506263166152,44172000
5983,2009-12-01,22.506471633911133,22.53646951915248,22.056491911722127,22.138988599416507,49904200
5984,2009-12-02,22.33397483825684,22.49146691886557,22.23647851464076,22.4239699041916,36308600
5985,2009-12-03,22.37147521972656,22.648963138846867,22.31897785324471,22.378975047859107,43095200
5986,2009-12-04,22.48397254943848,22.776460160840003,22.37147797448995,22.536469922384715,58810700
5987,2009-12-07,22.341480255126957,22.55896957758797,22.25898356534201,22.33398042601504,38082700
5988,2009-12-08,22.17648696899414,22.30398120354161,22.033993076159632,22.13898925372271,37402200
5989,2009-12-09,22.281478881835938,22.35647573328511,21.93649536779409,22.101487296625503,44713300
5990,2009-12-10,22.4014835357666,22.468979155195143,22.24398994257593,22.281487667863622,45940200
5991,2009-12-11,22.386484146118164,22.498978753797847,22.3414865891356,22.47647926008329,43744200
5992,2009-12-14,22.58146858215332,22.618966296465096,22.42397503506242,22.431474864014,34651200
5993,2009-12-15,22.513973236083984,22.65646570548408,22.40897705335428,22.41647688286685,49473200
5994,2009-12-16,22.573974609375,22.806463645402097,22.52897705443832,22.55147511668342,55737800
5995,2009-12-17,22.1989860534668,22.46897274550181,22.176486566444662,22.461474346940555,43691200
5996,2009-12-18,22.768962860107425,22.83645989866081,22.34898096900941,22.37898028856482,94118000
5997,2009-12-21,22.888954162597656,23.12894296459696,22.77645959046625,22.798957646624874,40129100
5998,2009-12-22,23.11394500732422,23.196441700497942,22.903955505349217,22.948953051422976,36321000
5999,2009-12-23,23.188947677612305,23.21144717150618,23.016455849098957,23.03145408124831,28362700
6000,2009-12-24,23.24893951416016,23.24893951416016,23.068947896026657,23.15894298987029,11083900
6001,2009-12-28,23.37643051147461,23.383930339995075,23.16643960423968,23.248936287518763,25384000
6002,2009-12-29,23.541423797607425,23.62392048561741,23.42142939529077,23.511425912251312,29716200
6003,2009-12-30,23.21893882751465,23.466428897114472,23.09894442249748,23.36143271988984,42006200
6004,2009-12-31,22.85895347595215,23.24143614261296,22.85895347595215,23.23393631419459,31929700
6005,2010-01-04,23.211448669433597,23.32394328526957,22.94146044706993,22.963959942415787,38409100
6006,2010-01-05,23.21893882751465,23.32393500473928,22.978950017480308,23.136443568094183,49749600
6007,2010-01-06,23.076446533203125,23.308935515806827,22.88895509519617,23.1589417932228,58182400
6008,2010-01-07,22.83645248413086,23.02394387913868,22.641461261669228,22.971445086962,50559700
6009,2010-01-08,22.99395179748535,23.15894376199705,22.678966097638444,22.708965416883995,51197400
6010,2010-01-11,22.70145606994629,23.068938993966853,22.588961530829085,23.03143986063067,68754700
6011,2010-01-12,22.55147171020508,22.79896037064254,22.431477294868507,22.611468917873363,65912100
6012,2010-01-13,22.761457443237305,22.88895165916075,22.50646901139041,22.693960421251603,51863500
6013,2010-01-14,23.21893882751465,23.32393500473928,22.693963663176064,22.731461378326625,63228100
6014,2010-01-15,23.14394187927246,23.428928214885318,23.03144588030676,23.30893381773821,79913200
6015,2010-01-19,23.323938369750977,23.428933131677365,23.008952653525476,23.061450034488665,46575700
6016,2010-01-20,22.941452026367188,23.203940320602083,22.731461104890048,23.10644397366957,54849500
6017,2010-01-21,22.506471633911133,23.03894661334841,22.49897180498927,22.95645135610014,73086700
6018,2010-01-22,21.7190055847168,22.64896429435358,21.629010503426805,22.49897058494222,102004600
6019,2010-01-25,21.98900032043457,22.243988845060056,21.824008334684265,21.9290031046666,63373000
6020,2010-01-26,22.123992919921875,22.38648125760344,21.816507031063757,21.89900373359274,66639900
6021,2010-01-27,22.251489639282227,22.36398424491216,21.764012061254853,22.011500765819303,63949500
6022,2010-01-28,21.86900329589844,22.401479774344267,21.66651218027342,22.378980284681614,117513700
6023,2010-01-29,21.134042739868164,22.438983447176035,20.744060064917303,22.423983783421,193888500
6024,2010-02-01,21.30652236938477,21.35901973199064,20.939039400697823,21.29152271422713,85931100
6025,2010-02-02,21.34402847290039,21.374027795016445,21.1040396177576,21.27653285903209,54413700
6026,2010-02-03,21.47151756286621,21.591513392001357,21.089036311073563,21.19403105231499,61397900
6027,2010-02-04,20.879039764404297,21.374016883049794,20.8565402843038,21.284020393093485,77850000
6028,2010-02-05,21.014039993286133,21.20903125376888,20.6765548442879,20.999040335453746,80960100
6029,2010-02-08,20.789047241210938,21.059035332150675,20.676552680134694,21.00653796567816,52820600
6030,2010-02-09,21.006547927856445,21.254036651771997,20.811556595309856,20.97654860110468,59195800
6031,2010-02-10,20.991544723510746,21.17903619274229,20.87905012806109,21.02154404520206,48591300
6032,2010-02-11,21.089035034179688,21.29902450394815,20.77404939908101,20.946541157946815,65993700
6033,2010-02-12,20.946542739868164,21.044037653845663,20.684054452388008,20.856546224280702,81117200
6034,2010-02-16,21.360950469970703,21.376020268274683,21.11230454649528,21.19518556289704,51935600
6035,2010-02-17,21.541784286499023,21.586992245426543,21.368485912997617,21.496576327571507,45882900
6036,2010-02-18,21.828109741210938,21.87331915066425,21.481512891548704,21.541790667017597,42856500
6037,2010-02-19,21.67741203308105,21.79043266165071,21.61713426870155,21.692481833459745,44451800
6038,2010-02-22,21.647274017333984,21.80550405862529,21.586996248540952,21.73015648835016,36707100
6039,2010-02-23,21.34587860107422,21.722614899319183,21.16504535037283,21.60959429727268,52266200
6040,2010-02-24,21.57192611694336,21.692483089819905,21.38355791270582,21.48904508433088,43165900
6041,2010-02-25,21.549320220947266,21.586993282340607,21.11230609796268,21.300674279199747,48735300
6042,2010-02-26,21.60205841064453,21.73768370175,21.481502915691863,21.58698861449173,40370600
6043,2010-03-01,21.865779876708984,21.88838313978026,21.49657839614728,21.677411686393715,43805400
6044,2010-03-02,21.44383430480957,22.07675154541261,21.27807081308411,21.91098805368715,93123900
6045,2010-03-03,21.44383430480957,21.556856369809243,21.36095327751447,21.48150880552121,48442100
6046,2010-03-04,21.57192611694336,21.586995918194845,21.30067688009334,21.44383568057642,42890600
6047,2010-03-05,21.541784286499023,21.609596943457856,21.413693871925137,21.594527144770318,56001800
6048,2010-03-08,21.57192611694336,21.797968824309613,21.47397528307939,21.48904508433088,39414500
6049,2010-03-09,21.700014114379883,21.933591696119382,21.511645931313616,21.519180831092488,50271600
6050,2010-03-10,21.828109741210938,21.93359692613314,21.700019288697607,21.74522869815092,44891400
6051,2010-03-11,21.986331939697266,21.993866838579017,21.737686025139507,21.7678241835315,35349700
6052,2010-03-12,22.05414581298828,22.137026831004214,21.880847440522587,22.09181887234688,31700200
6053,2010-03-15,22.0692195892334,22.129497357352378,21.85824668224929,21.986337119144043,37512000
6054,2010-03-16,22.12949752807617,22.219913462384504,22.00140709019324,22.16717059451541,36723500
6055,2010-03-17,22.325403213500977,22.50623798891275,22.15210477729495,22.22745236086059,50385700
6056,2010-03-18,22.310325622558597,22.393206636792566,22.22744317118959,22.325393983333388,43845200
6057,2010-03-19,22.295263290405277,22.528839487682376,22.114429966338918,22.42335374126088,81332100
6058,2010-03-22,22.302793502807617,22.378141064610947,22.14456347930711,22.22744594100429,37718200
6059,2010-03-23,22.51375961303711,22.528829409251603,22.15962802480569,22.29525331646641,42026600
6060,2010-03-24,22.340463638305664,22.491158742169677,22.30279058090717,22.39320649351756,33987700
6061,2010-03-25,22.611717224121094,23.033661558442077,22.453487200541225,22.47609190023412,73168700
6062,2010-03-26,22.34800338745117,22.754879393908222,22.295260520792368,22.671996925081345,55595500
6063,2010-03-29,22.295263290405277,22.46856171299359,22.26512368449313,22.385679233870697,33336000
6064,2010-03-30,22.430883407592773,22.498696067932794,22.22744542657272,22.325396248655423,34954800
6065,2010-03-31,22.0692195892334,22.393211694663314,21.978802218487253,22.33293392654433,63760000
6066,2010-04-01,21.97126579284668,22.257586249390386,21.5643912455678,22.114426021118533,74768100
6067,2010-04-05,22.05414581298828,22.174701327497903,21.87331254122385,21.94865865994104,34331200
6068,2010-04-06,22.09181785583496,22.28772091718277,21.835637040005903,21.96372744792043,47366800
6069,2010-04-07,22.11441421508789,22.272642722020024,21.956184271021268,21.971254063243705,58318800
6070,2010-04-08,22.543909072875977,22.589117044172003,22.07675524569872,22.09182504850923,63713800
6071,2010-04-09,22.86036872863769,22.913111603605586,22.52884023823666,22.566514746881985,54752500
6072,2010-04-12,22.845294952392575,22.97338538524068,22.76241248492165,22.792552086596647,37068800
6073,2010-04-13,22.9432430267334,22.98091608480529,22.70213056881413,22.717200366896908,41374600
6074,2010-04-14,23.222023010253903,23.357648294810502,23.10146752112244,23.199419754251,68941200
6075,2010-04-15,23.259708404541016,23.31998617736905,23.13915142174949,23.222033898313832,52745400
6076,2010-04-16,23.109010696411133,23.342586860627755,23.05626783066564,23.19942806421435,88703100
6077,2010-04-19,23.38779830932617,23.54602692040629,23.176825390750576,23.18436029182136,64970300
6078,2010-04-20,23.6289005279541,23.689178276764807,23.4556007426303,23.5234133896842,52199500
6079,2010-04-21,23.60630226135254,23.73439269209689,23.530954695537872,23.60630226135254,55343100
6080,2010-04-22,23.651512145996094,23.756999321554098,23.28231062438159,23.38779779993959,84847600
6081,2010-04-23,23.327512741088867,23.79466642017139,23.093936620115127,23.448069688219068,126766600
6082,2010-04-26,23.440542221069336,23.568632670692384,23.25217399733753,23.357659742743984,63649300
6083,2010-04-27,23.2446346282959,23.54602344091253,23.169287065857933,23.319982190733864,68730900
6084,2010-04-28,23.289840698242188,23.357653355212,23.07133436577788,23.297375597587177,64557900
6085,2010-04-29,23.3576602935791,23.68165387598011,23.10901428987481,23.30491741963206,52665200
6086,2010-04-30,23.011066436767575,23.417941115237912,22.995996631640896,23.410406212674573,63214800
6087,2010-05-03,23.25217056274414,23.402864257189226,23.041197665958684,23.10901033145632,43989500
6088,2010-05-04,22.702136993408203,23.01859565702751,22.415817934483808,22.99599239064178,82085600
6089,2010-05-05,22.49116325378418,22.67199655241423,22.37060772136415,22.43088548757416,66833800
6090,2010-05-06,21.835649490356445,22.51377497421092,21.02943352555222,22.29526852855303,128613000
6091,2010-05-07,21.255464553833008,21.813035626392367,20.58487429883304,21.79796582721289,173718100
6092,2010-05-10,21.805500030517575,22.212374535425177,21.632200219757664,21.858242888826425,86653300
6093,2010-05-11,21.760290145874023,22.340464448515817,21.526714019835342,21.609596473679904,63789400
6094,2010-05-12,22.182239532470703,22.287725264102697,21.79043333335857,21.83564129875296,47146800
6095,2010-05-13,22.03154754638672,22.40074909698904,21.98633957453259,22.046617349383265,45188800
6096,2010-05-14,21.7979679107666,22.008939370904304,21.579460113183654,22.00140590772963,63334000
6097,2010-05-17,21.805500030517575,22.024006363102096,21.436298585220552,21.94112534453181,46053300
6098,2010-05-18,21.646556854248047,21.949305608398525,21.495181755362843,21.850912804657096,52690600
6099,2010-05-19,21.37408828735352,21.71468163418071,21.033496384146662,21.586013196892697,61746700
6100,2010-05-20,20.518814086914062,21.071330669483235,20.465833242506022,20.927524489218744,87991100
6101,2010-05-21,20.314455032348636,20.51881092380808,20.01170636553067,20.15551108000701,117596300
6102,2010-05-24,19.883041381835938,20.32959628266494,19.87547248342632,20.322027384255325,73711700
6103,2010-05-25,19.731660842895508,19.92844781625286,19.20941854604789,19.41377441572122,98373600
6104,2010-05-26,18.92938804626465,20.14038476029251,18.588794724199857,19.85277230085552,176684100
6105,2010-05-27,19.678688049316406,19.95116265349609,19.47433209618164,19.47433209618164,136433600
6106,2010-05-28,19.52730941772461,19.769509824103725,19.421347732422287,19.557585009879386,67496900
6107,2010-06-01,19.595428466796875,19.91331497298033,19.315386451599377,19.32295534979657,76152400
6108,2010-06-02,20.026857376098636,20.04199518142549,19.47434047425326,19.72410848766422,65718800
6109,2010-06-03,20.32959747314453,20.38257832149458,19.98900424286585,20.094965939565952,67837000
6110,2010-06-04,19.519744873046875,20.11010457187093,19.39107647444831,19.754374972743104,89832200
6111,2010-06-07,19.141305923461918,19.55001631649193,19.103461432872287,19.542447418374007,80456200
6112,2010-06-08,19.005077362060547,19.118607998665635,18.656915107035186,19.111039097075917,87355000
6113,2010-06-09,18.76287651062012,19.31539328181597,18.73260090712544,19.088330586466554,87794000
6114,2010-06-10,18.921817779541016,19.03534839749424,18.7553063027843,19.02021059680177,78930900
6115,2010-06-11,19.42135429382324,19.4667662537779,18.74773802061847,18.9520940058447,68057700
6116,2010-06-14,19.300256729125977,19.648417530125396,19.277550025035453,19.572731403730963,50972400
6117,2010-06-15,20.1176815032959,20.17066237499807,19.4819081556289,19.48947705781785,81641500
6118,2010-06-16,19.92089080810547,20.11767789889924,19.852772144229924,20.03442143335797,48698000
6119,2010-06-17,19.958728790283203,20.1857899665906,19.70896091889717,20.102533528255336,47995500
6120,2010-06-18,20.0117130279541,20.079831681119064,19.807357068459208,19.958732174074683,52075600
6121,2010-06-21,19.640846252441406,20.352305518795816,19.595432853092795,20.269050507230112,54625300
6122,2010-06-22,19.50460433959961,20.01927786182164,19.497035441494027,19.79978414761884,55985400
6123,2010-06-23,19.156444549560547,19.512175585222582,19.088325902034622,19.512175585222582,61466200
6124,2010-06-24,18.921817779541016,19.46676561188855,18.86883692073752,19.269978533746908,85243400
6125,2010-06-25,18.56608390808105,19.005069923114867,18.399571025524217,18.9596565313522,156256700
6126,2010-06-28,18.399572372436523,18.62663501701221,18.255767618853817,18.550947468820315,73784800
6127,2010-06-29,17.6427001953125,18.316317802181192,17.491326538966007,18.26333550665898,119882100
6128,2010-06-30,17.41564178466797,17.922746574253733,17.37022982483616,17.63513412687186,81050500
6129,2010-07-01,17.529176712036133,17.65027626374874,17.203721125450798,17.476195838614434,92239400
6130,2010-07-02,17.612430572509766,17.771373169106546,17.445917630985157,17.680549240657047,62485100
6131,2010-07-06,18.028696060180664,18.23305190617123,17.847046900506555,17.93787220215321,73592000
6132,2010-07-07,18.391998291015625,18.407136085112672,17.869757387243077,18.028699894403548,79965300
6133,2010-07-08,18.475255966186523,18.634199927731142,18.142231691594606,18.61906213260888,50758100
6134,2010-07-09,18.36930084228516,18.475262558712146,18.27847548276194,18.414712800236707,53806100
6135,2010-07-12,18.79314994812012,18.838561907996358,18.48283224232884,18.490401142911573,49854200
6136,2010-07-13,19.02021026611328,19.148878682521914,18.846129892036927,19.02777916632792,61928700
6137,2010-07-14,19.25484275817871,19.383511180710236,19.012643714265295,19.300254718007437,72808100
6138,2010-07-15,19.307823181152344,19.368372940758903,18.906680121496272,19.300254280749005,56934700
6139,2010-07-16,18.83856010437012,19.406214601145788,18.83099120451204,19.307821790230825,65064800
6140,2010-07-19,19.09589958190918,19.148880444667014,18.853700527233208,18.891543588168737,38181800
6141,2010-07-20,19.285112380981445,19.285112380981445,18.694752711200685,18.81585220467468,45530700
6142,2010-07-21,19.01264953613281,19.41379128409054,18.90668633925855,19.375948213248694,73297300
6143,2010-07-22,19.55759048461914,19.671121099740688,19.2775469532739,19.307822553903694,73016400
6144,2010-07-23,19.534883499145508,19.69382751289286,19.11103520185269,19.55759019928658,108520100
6145,2010-07-26,19.75438117980957,19.83006875164125,19.527318464314533,19.57273187358576,67249900
6146,2010-07-27,19.799789428710938,19.860339186086016,19.648414313463206,19.784651628462147,60672100
6147,2010-07-28,19.640846252441406,19.822495518975728,19.550020897364227,19.731670163898546,69704800
6148,2010-07-29,19.701396942138672,19.98900793355072,19.375941449474965,19.777083057401764,69446200
6149,2010-07-30,19.534883499145508,19.55759019928658,19.186722758702857,19.48947154248344,83534800
6150,2010-08-02,19.92845726013184,19.966300316025777,19.48947117110989,19.671120437916898,55044600
6151,2010-08-03,19.799789428710938,19.94359564383428,19.6559832135876,19.83006502920852,56877700
6152,2010-08-04,19.474334716796875,19.8603399767886,19.25484237893108,19.79222131657711,78531900
6153,2010-08-05,19.201860427856445,19.36080299689987,19.080759471549943,19.29268434056124,64922100
6154,2010-08-06,19.338090896606445,19.345659794488185,18.936949414211924,19.058048893080414,55982100
6155,2010-08-09,19.383508682250977,19.47433259020157,19.201859422729804,19.338095284655694,57096500
6156,2010-08-10,18.97479248046875,19.179148392637146,18.830986307799915,19.171579494747245,87257700
6157,2010-08-11,18.81585502624512,18.846129182343525,18.588792359216853,18.67961771475217,76746900
6158,2010-08-12,18.535808563232425,18.679614751844856,18.437415766994327,18.482827715748847,70240500
6159,2010-08-13,18.467693328857425,18.67204930142243,18.34659381406781,18.4298502718432,45263500
6160,2010-08-16,18.543380737304688,18.626637194410197,18.3920056232256,18.43741902362137,40909700
6161,2010-08-17,18.80209350585937,18.99232108783523,18.718394356688464,18.80209350585937,52912600
6162,2010-08-18,18.885786056518555,18.98470516972286,18.573813071158483,18.779259120440678,46818900
6163,2010-08-19,18.596641540527344,18.82491396901081,18.4216311306146,18.73360557814571,54064600
6164,2010-08-20,18.436851501464844,18.566206277407197,18.414025127153213,18.497724251830604,49560100
6165,2010-08-23,18.474897384643555,18.74882402832121,18.44446028461225,18.59664288212713,51643000
6166,2010-08-24,18.29228401184082,18.528165794643684,18.26184690370048,18.33032894569505,66522500
6167,2010-08-25,18.337940216064453,18.42924864776831,18.162931179197592,18.261848888763662,47404800
6168,2010-08-26,18.124876022338867,18.40641336176729,18.10204965111538,18.33032207127415,49105300
6169,2010-08-27,18.20858192443848,18.277063960824165,17.888999571745625,18.170535542379163,60939400
6170,2010-08-30,17.9879207611084,18.12488486051929,17.95748510086229,18.064012088705717,45453100
6171,2010-08-31,17.858564376831055,18.05640123074332,17.74442812108354,17.957483529447803,66074600
6172,2010-09-01,18.185754776000977,18.223801159484587,17.911828071524642,18.010745765939763,65235900
6173,2010-09-02,18.216188430786133,18.223797706040884,18.04117800256859,18.17053277925763,48837100
6174,2010-09-03,18.482505798339844,18.604251290149907,18.41402377778159,18.44445942507373,64189100
6175,2010-09-07,18.23140525817871,18.49011480769992,18.200969608934304,18.337933658836217,51928700
6176,2010-09-08,18.20858192443848,18.41402803359554,18.06400857525524,18.3151088915624,65512400
6177,2010-09-09,18.26944923400879,18.42163036288196,18.25423068572528,18.40641326591909,46028900
6178,2010-09-10,18.147703170776367,18.284667198312285,18.102048978704595,18.24662082881864,58284300
6179,2010-09-13,19.1064567565918,19.24342083319149,18.33032795674098,18.414028548289927,114680400
6180,2010-09-14,19.045583724975582,19.289074768225657,18.93905530506286,19.05319300149229,87160400
6181,2010-09-15,19.11406898498535,19.19015886033912,18.961886331635128,19.09885042938606,56201900
6182,2010-09-16,19.273853302001957,19.30429040346828,19.06079794570033,19.068407221066902,44548300
6183,2010-09-17,19.19015312194824,19.42603630923757,19.083626167250426,19.327117178743105,70341600
6184,2010-09-20,19.349937438964844,19.41841944058395,19.10644652268372,19.235801253373108,49838700
6185,2010-09-21,19.136892318725582,19.34233843262624,19.08362883393381,19.34233843262624,52675700
6186,2010-09-22,18.725997924804688,18.99992457243466,18.535770400826813,18.939051822814577,94299400
6187,2010-09-23,18.589035034179688,18.71078054100954,18.53577155635674,18.64990778759461,46201800
6188,2010-09-24,18.8553524017334,18.87056950040776,18.70316980442333,18.74882400308803,51948800
6189,2010-09-27,18.817312240600582,19.01514910190506,18.71078525809867,18.908622119403145,43603300
6190,2010-09-28,18.779266357421875,18.9466661002439,18.528166017528232,18.870574780298902,56041200
6191,2010-09-29,18.64230155944824,18.76404708617976,18.56621024241075,18.741219255672167,44318900
6192,2010-09-30,18.634685516357425,18.89339502955476,18.5357678560505,18.72599535391204,61262700
6193,2010-10-01,18.550989151000977,18.885790029373148,18.490116395962485,18.84774510171945,62672300
6194,2010-10-04,18.193357467651367,18.254230207871256,18.09443980903928,18.23140238604357,98143400
6195,2010-10-05,18.528160095214844,18.604251390838137,18.193359265264817,18.30749548303938,78152900
6196,2010-10-06,18.589035034179688,18.67273561437056,18.36076112038302,18.505334453988816,50489700
6197,2010-10-07,18.665119171142575,18.83251881591987,18.474891708355507,18.73360117385155,50096100
6198,2010-10-08,18.695566177368164,18.75643894441773,18.54338498540487,18.733612563849924,41327800
6199,2010-10-11,18.71078109741211,18.82491733204405,18.642299066368757,18.82491733204405,27587800
6200,2010-10-12,18.893394470214844,18.969485757370897,18.58903077291122,18.756430443598067,50141500
6201,2010-10-13,19.281469345092773,19.43365200319818,18.9390590900163,19.037978253181237,75336500
6202,2010-10-14,19.19776153564453,19.28146211133299,19.0227525604058,19.243417186740512,51949100
6203,2010-10-15,19.433643341064453,19.44125116438945,19.19776018100884,19.29667930008268,68954800
6204,2010-10-18,19.646703720092773,19.7456228718644,19.36516772174232,19.471694699353712,48330500
6205,2010-10-19,19.098848342895508,19.30429446707755,18.984712091012547,19.22820314871518,66150900
6206,2010-10-20,19.25863647460937,19.32711850771577,19.09884603157512,19.220591545692937,56283600
6207,2010-10-21,19.342334747314453,19.43364459764666,19.06079737250092,19.327116197038947,50032400
6208,2010-10-22,19.31190490722656,19.433651903881525,19.228205751885582,19.418433347884484,25837900
6209,2010-10-25,19.167325973510746,19.289071474346024,19.15210742307612,19.20537089827645,50912400
6210,2010-10-26,19.707569122314453,19.76083259121822,19.06840459282787,19.11406023873454,69304200
6211,2010-10-27,19.821712493896484,19.867368156293644,19.4945222879774,19.62387709546028,64805500
6212,2010-10-28,19.996721267700195,20.07281112926595,19.722793121836016,19.943456332754653,80730300
6213,2010-10-29,20.29347419738769,20.696757108084,20.14890085939152,20.658710728968703,114193200
6214,2010-11-01,20.50653076171875,20.711975415632057,20.31630320901754,20.45326582785273,61912100
6215,2010-11-02,20.841333389282227,20.864161221564792,20.5597973810703,20.590233039459115,54402100
6216,2010-11-03,20.56739997863769,20.91741791869756,20.51413505394438,20.89459009382899,110255300
6217,2010-11-04,20.65109634399414,20.871760934306767,20.55217868540888,20.85654238642577,93599300
6218,2010-11-05,20.430442810058597,20.68915244038143,20.18695173477152,20.67393388534567,110953700
6219,2010-11-08,20.399999618530277,21.96747548822184,20.22499064175489,20.301081942928796,71670800
6220,2010-11-09,20.50653076171875,20.62827627934184,20.323911033963064,20.40000234530776,58538600
6221,2010-11-10,20.498920440673828,20.60544740033436,20.40000130557107,20.55218392050409,52277300
6222,2010-11-11,20.301084518432617,20.33152017197089,19.996720726444632,20.301084518432617,62073100
6223,2010-11-12,19.989112854003903,20.179340418770625,19.859758051909694,20.1412940350246,64962200
6224,2010-11-15,19.93584442138672,20.16411686193694,19.913016596803384,20.034762091939605,51794600
6225,2010-11-16,19.75975799560547,19.935843740529037,19.63726445319494,19.935843740529037,65339200
6226,2010-11-17,19.576021194458008,19.83632038384465,19.56070913384974,19.82866435354052,58299700
6227,2010-11-18,19.78273200988769,19.96647237855753,19.60664767244227,19.683205064209048,59514000
6228,2010-11-19,19.66789054870605,19.77507204404471,19.59898774163453,19.75210395494141,52423200
6229,2010-11-22,19.69851493835449,19.706170968728397,19.476495898465316,19.63726815560177,53350500
6230,2010-11-23,19.231508255004883,19.598988941729186,19.2085401644952,19.5760208512195,69742500
6231,2010-11-24,19.42290687561035,19.49180823463385,19.262133143919225,19.292757268141767,56825900
6232,2010-11-26,19.331031799316406,19.453525349344496,19.26978502430236,19.30040768169023,21356500
6233,2010-11-29,19.37696075439453,19.4611755925896,19.08603902463372,19.28509134930706,56603600
6234,2010-11-30,19.338682174682617,19.49945436450024,19.13962984902422,19.17790852462712,75282100
6235,2010-12-01,19.93584632873535,20.09661857643238,19.568364193556548,19.57602022348094,74123500
6236,2010-12-02,20.58659172058105,20.655494526016973,20.058338825890115,20.088961483729232,91759200
6237,2010-12-03,20.686124801635746,20.716747468590164,20.50238441919293,20.525351054349063,52622000
6238,2010-12-06,20.54830741882324,20.655488882332524,20.48706065964109,20.6172102054329,36264200
6239,2010-12-07,20.571287155151367,20.770338140081275,20.55597509162176,20.73205944149601,57860500
6240,2010-12-08,20.84689140319824,20.854547432908543,20.517689426847223,20.540657515978115,41666800
6241,2010-12-09,20.732046127319336,20.93109844465605,20.678455399620567,20.885163743805368,47148300
6242,2010-12-10,20.93110466003418,20.977039374524928,20.755020370954437,20.816267143688183,37625800
6243,2010-12-13,20.86220932006836,21.01532703678822,20.80096252542817,20.8775213837881,47943900
6244,2010-12-14,21.145471572875977,21.244997042642915,20.869860333154588,20.908139023009927,64070500
6245,2010-12-15,21.321556091308597,21.428737592143484,21.076568969264034,21.076568969264034,69634200
6246,2010-12-16,21.42873764038086,21.42873764038086,21.17609448767389,21.25265332854476,57680200
6247,2010-12-17,21.35983085632324,21.50529248089568,21.24499334649791,21.375142913696795,87456500
6248,2010-12-20,21.29093170166016,21.42873732112696,21.191406232177695,21.398114661377896,52811000
6249,2010-12-21,21.48998260498047,21.543573350989767,21.252651532551443,21.321554337488628,38153000
6250,2010-12-22,21.58185386657715,21.742626107348425,21.42108016556754,21.44404825435129,42252300
6251,2010-12-23,21.66606712341309,21.681379182497498,21.40576795993137,21.413423989473586,24902500
6252,2010-12-27,21.48998260498047,21.58950952777343,21.34452096564215,21.52826275230019,21652800
6253,2010-12-28,21.444053649902344,21.566547233759717,21.40577349229773,21.41342952381865,23042200
6254,2010-12-29,21.41341781616211,21.52825676594976,21.344515030384684,21.390451194394903,19502500
6255,2010-12-30,21.321556091308597,21.43639362223718,21.267965340891152,21.37514684172604,20786100
6256,2010-12-31,21.36749839782715,21.375154430639,21.15313385981218,21.28328349713574,24752000
6257,2011-01-03,21.421077728271484,21.57419538226474,21.37514301616877,21.474668469097672,53443800
6258,2011-01-04,21.505300521850582,21.566547314007163,21.321560145380847,21.39046296908684,54405600
6259,2011-01-05,21.4363956451416,21.44405167595778,21.260311317085197,21.35983679721838,58998700
6260,2011-01-06,22.064165115356445,22.08713319692237,21.329204028101483,21.467009597021256,88026300
6261,2011-01-07,21.89574241638184,22.00292390356038,21.62778723819723,21.926365072616456,73762000
6262,2011-01-10,21.60481834411621,21.742623942621947,21.467014205848667,21.63544245944557,57573600
6263,2011-01-11,21.520612716674805,21.62779423854519,21.47467652709717,21.589515540802545,50298900
6264,2011-01-12,21.85746383666992,21.888087955336715,21.489983174098494,21.52826332243199,52631100
6265,2011-01-13,21.58185386657715,21.73497007775384,21.44404825435129,21.689035360424665,67077600
6266,2011-01-14,21.66606712341309,21.72731389951241,21.36748927245867,21.49763885419953,62688400
6267,2011-01-18,21.94167137145996,22.002918128091,21.543566723239262,21.55887877745649,53322700
6268,2011-01-19,21.796215057373047,21.95698874512833,21.643098858819396,21.788559028409637,50005900
6269,2011-01-20,21.7043514251709,21.857467664605323,21.53592166348285,21.81918896980637,58613600
6270,2011-01-21,21.451704025268555,21.765593933669784,21.451704025268555,21.742625845162998,58080300
6271,2011-01-24,21.727313995361328,21.865119607252318,21.42873614308975,21.451704231817693,52047800
6272,2011-01-25,21.780914306640625,21.780914306640625,21.52827107758305,21.54358168219345,42436600
6273,2011-01-26,22.03355407714844,22.19432635211322,21.819189583623416,21.82684561484631,74628800
6274,2011-01-27,22.102453231811523,22.55414731713105,21.81152993455129,22.01058233261397,146938600
6275,2011-01-28,21.2449951171875,22.148386134187117,21.0153200783943,22.12541804621248,141249400
6276,2011-01-31,21.22968292236328,21.35983249957481,20.992351855767524,21.26030703946636,65029000
6277,2011-02-01,21.42873764038086,21.48232839091894,21.137815797357668,21.28327598875005,62810700
6278,2011-02-02,21.390459060668945,21.520608652750862,21.34452287976584,21.382803030518428,45824000
6279,2011-02-03,21.16843605041504,21.413423145152613,21.08422264924792,21.413423145152613,60340100
6280,2011-02-04,21.260303497314453,21.31389423307788,21.06125115002313,21.206712761551024,40412200
6281,2011-02-07,21.589513778686523,21.69669529180885,21.275623810052338,21.28327838078513,68980900
6282,2011-02-08,21.650753021240234,21.69668773082241,21.47466729073872,21.51294743225561,34904200
6283,2011-02-09,21.41341781616211,21.635438228164467,21.367483112389795,21.58184749705711,52905100
6284,2011-02-10,21.05360412597656,21.39046220085901,20.89283184992912,21.38280616958456,76672400
6285,2011-02-11,20.86220932006836,21.290936882549698,20.72440366706824,21.25265818348912,83939700
6286,2011-02-14,20.84689140319824,20.877515522039435,20.632528412263333,20.831579343777648,56766200
6287,2011-02-15,20.762184143066406,21.04712575353097,20.75448432853216,20.82379441029733,44116500
6288,2011-02-16,20.808387756347656,20.846892696934304,20.484941261264087,20.831490133151917,70817900
6289,2011-02-17,20.95471572875977,21.07793481732737,20.723683059044028,20.7698892992132,57207300
6290,2011-02-18,20.839195251464844,20.95471156336026,20.785287737171625,20.893102765758066,68667800
6291,2011-02-22,20.477245330810547,20.870001996686927,20.42333781235354,20.62356678724364,60889000
6292,2011-02-23,20.477245330810547,20.685175589604462,20.3540277260889,20.43103909625736,60234100
6293,2011-02-24,20.61585807800293,20.83918935529621,20.407927894100474,20.51574289218211,64494200
6294,2011-02-25,20.446430206298828,20.75447553648022,20.40792527446065,20.723670415914484,53006300
6295,2011-02-28,20.469545364379883,20.685176920956224,20.41563784245325,20.554258023904485,51379900
6296,2011-03-01,20.146093368530277,20.623562591336817,20.1383920861933,20.4849424470101,60055000
6297,2011-03-02,20.08448028564453,20.30781301907117,20.053676631750328,20.107584127717008,48658200
6298,2011-03-03,20.17689514160156,20.33091635611253,20.161492579489718,20.223101359067936,68271500
6299,2011-03-04,19.984376907348636,20.207708287379937,19.86885910612673,20.19230571803437,70437200
6300,2011-03-07,19.807247161865234,20.23080893859378,19.676328280893813,20.122992439113435,64980400
6301,2011-03-08,19.953563690185547,20.038276318419253,19.75333477636814,19.84574868615666,50549800
6302,2011-03-09,19.938159942626957,20.007470003633586,19.761034883996302,19.87655116271764,39789100
6303,2011-03-10,19.568511962890625,19.79954457581979,19.522305734078696,19.730235967036663,66549500
6304,2011-03-11,19.77644157409668,19.90736044233912,19.53000640302137,19.568511347675837,49905800
6305,2011-03-14,19.78413772583008,19.83804522191333,19.522300057252203,19.630115049418706,54473400
6306,2011-03-15,19.553102493286133,19.614711266239365,19.252759908747752,19.314368681700984,76067300
6307,2011-03-16,19.091045379638672,19.468399454707303,19.00633273072972,19.42219175410081,100725400
6308,2011-03-17,19.08334350585937,19.422191153273648,19.060239656270845,19.29897355987399,62497000
6309,2011-03-18,19.09873390197754,19.39137662398031,19.09873390197754,19.29896274627713,85486700
6310,2011-03-21,19.50690269470215,19.69943035709316,19.368282542761506,19.39138639104144,46878100
6311,2011-03-22,19.48379898071289,19.607016567982846,19.429891469890972,19.48379898071289,30895600
6312,2011-03-23,19.66862297058105,19.72253047082379,19.391382719196447,19.429887656835767,43969000
6313,2011-03-24,19.87655067443848,19.92275835988723,19.637816841763147,19.71482818197526,38696700
6314,2011-03-25,19.730228424072266,19.98436478868457,19.70712458406425,19.96896222867922,57029800
6315,2011-03-28,19.568511962890625,19.807245858766706,19.54540811404989,19.761039629954773,48973200
6316,2011-03-29,19.6301212310791,19.6532250804771,19.48379978929757,19.51460492182824,40763500
6317,2011-03-30,19.72252655029297,19.807237690034068,19.63781394168295,19.714825270522155,41999300
6318,2011-03-31,19.553102493286133,19.77643521328473,19.51459756101624,19.7148264403315,63233700
6319,2011-04-01,19.622411727905277,19.660918127437856,19.49149290723239,19.660918127437856,63114200
6320,2011-04-04,19.67632484436035,19.761037478684653,19.56850983257988,19.59931496101394,35433700
6321,2011-04-05,19.853450775146484,20.16149470552085,19.822645647674385,19.88425443374926,73651100
6322,2011-04-06,20.138383865356445,20.26160139470969,19.9150526442295,20.007465056810023,65581400
6323,2011-04-07,20.17689514160156,20.223101359067936,19.99976861505365,20.16919386054564,46134700
6324,2011-04-08,20.076778411865234,20.23850236385688,19.992065795637757,20.1537897476294,39887600
6325,2011-04-11,20.007469177246094,20.21539935167765,19.86884906095839,20.169193135871456,34286300
6326,2011-04-12,19.745635986328125,19.90735998164714,19.67632591245847,19.891957416594007,36920400
6327,2011-04-13,19.73792839050293,19.922756174283336,19.68402089892905,19.75333095062946,38144700
6328,2011-04-14,19.57621192932129,19.591614494179275,19.32207548464228,19.57621192932129,55239900
6329,2011-04-15,19.53770446777344,19.684024408456384,19.391383058221248,19.607013062962118,65080400
6330,2011-04-18,19.31437110900879,19.468393795182973,19.03713086144294,19.329773671400048,58045100
6331,2011-04-19,19.3682861328125,19.38368870118744,19.152656051042463,19.25276980774001,38892400
6332,2011-04-20,19.838048934936523,20.022875299902065,19.64552128782208,19.66862513426879,61608600
6333,2011-04-21,19.65321922302246,19.938159269659614,19.53000166736275,19.861149399024143,46892300
6334,2011-04-25,19.72252655029297,19.730227830063782,19.514596403087783,19.684020151438904,33525100
6335,2011-04-26,20.1691951751709,20.36172280751041,19.768737347376085,19.822644849412068,69200000
6336,2011-04-27,20.31551551818848,20.323216799898013,20.12298788205797,20.253906733381488,52689000
6337,2011-04-28,20.56965065002441,20.69286968078554,20.330916807467457,20.37712302595963,80200000
6338,2011-04-29,19.961265563964844,20.51574463253884,19.53000406618507,20.446434565358427,319317900
6339,2011-05-02,19.761032104492188,20.022869749495104,19.62241200197665,19.97666353827958,89825600
6340,2011-05-03,19.87655067443848,19.907355798070977,19.63011556085502,19.71482818197526,71892900
6341,2011-05-04,20.06907844543457,20.21539984608004,19.861149734786878,19.90735595172312,73292300
6342,2011-05-05,19.86115837097168,20.08448974066521,19.77644571236217,20.06138588771631,55600000
6343,2011-05-06,19.922760009765625,20.192297519525727,19.83034610008412,20.07678123407579,55993000
6344,2011-05-09,19.891956329345703,19.992070058980197,19.768738753394317,19.868852483028803,38696400
6345,2011-05-10,19.76873588562012,19.907356005673687,19.445289428451503,19.545403143562886,120798700
6346,2011-05-11,19.529998779296875,19.76103129477682,19.414481052687997,19.7533300150783,78600000
6347,2011-05-12,19.49919891357422,19.55310641711759,19.32977512117086,19.52230275889394,77400000
6348,2011-05-13,19.27586936950684,19.499200685750942,19.21426057859093,19.46839702472771,66812300
6349,2011-05-16,18.921615600585938,19.306670867895765,18.867708098181645,19.221958239049435,91350900
6350,2011-05-17,19.006885528564453,19.1464142859752,18.81309591627117,18.91386586412482,82882100
6351,2011-05-18,19.13866233825684,19.177419668940253,18.79759220995265,19.01463710587302,53931100
6352,2011-05-19,19.16191291809082,19.28593812958677,18.99137862190817,19.262684326492,37783600
6353,2011-05-20,18.98362922668457,19.278190249561803,18.94487189769946,19.16191530561181,45451500
6354,2011-05-23,18.73557472229004,18.797587322357938,18.62705304179547,18.766580283075484,52692500
6355,2011-05-24,18.720069885253903,18.828593036608343,18.634803490221664,18.758828681629385,47691800
6356,2011-05-25,18.75107955932617,18.844097726714693,18.72782427823049,18.735576038595717,34904200
6357,2011-05-26,19.123159408569336,19.402216929349425,18.851853649866182,18.875108936097007,78016600
6358,2011-05-27,19.19292259216309,19.30144429747948,19.107654693130293,19.13090997791124,50251000
6359,2011-05-31,19.38670921325684,19.4254665367637,19.14641055482061,19.34795041125285,60196300
6360,2011-06-01,18.93712043762207,19.45647663817465,18.890611346400195,19.37120873885341,74033500
6361,2011-06-02,18.774337768554688,19.107656150008992,18.743332198313396,18.98363091204889,51487800
6362,2011-06-03,18.53403663635254,18.712322707843825,18.47977578663756,18.642558335782493,60697700
6363,2011-06-06,18.611555099487305,18.797592955441047,18.42551724353356,18.518535432261707,54778700
6364,2011-06-07,18.65031623840332,18.73558416088927,18.526290975786164,18.67357152958069,41112600
6365,2011-06-08,18.557292938232425,18.619305552523617,18.49528032394123,18.526285891838157,42205000
6366,2011-06-09,18.572784423828125,18.63479848136009,18.46426278014021,18.6115432097856,42878700
6367,2011-06-10,18.379003524780277,18.619303674607504,18.363501481644,18.619303674607504,49327200
6368,2011-06-13,18.63480758666992,18.751081044362685,18.371253627367803,18.44101799768291,47572500
6369,2011-06-14,18.774337768554688,18.952625341807604,18.75108396049808,18.836350387534736,42894500
6370,2011-06-15,18.402257919311523,18.6115510157733,18.34799707470968,18.603799255330596,49410200
6371,2011-06-16,18.603797912597656,18.681314032932885,18.33249223067287,18.4100083510081,57184100
6372,2011-06-17,18.80534553527832,18.836351106703404,18.588300621312687,18.774338485355724,83320400
6373,2011-06-20,18.968128204345703,19.115408735200976,18.72782948026422,18.735581242782654,54338400
6374,2011-06-21,19.19292259216309,19.27043872960223,18.913865088781108,19.00688474940755,49708700
6375,2011-06-22,19.107650756835938,19.23167595978967,19.061141675352548,19.06889343534929,44287300
6376,2011-06-23,19.092153549194336,19.10765707431367,18.758836630113777,18.944874496053227,59470400
6377,2011-06-24,18.83634757995605,19.022386887664293,18.751081165628456,18.99913160457645,101387200
6378,2011-06-27,19.53398704528809,19.735526874290606,18.78208265221384,18.78208265221384,92044200
6379,2011-06-28,19.99909019470215,20.0921098721532,19.50298919095686,19.61151091590174,81032100
6380,2011-06-29,19.85955619812012,19.92931908455704,19.658014863699247,19.92931908455704,66051000
6381,2011-06-30,20.154115676879883,20.154115676879883,19.890561738210145,19.95257434269143,52535400
6382,2011-07-01,20.16962432861328,20.285897806782582,20.030095563411127,20.09985994601221,52906200
6383,2011-07-05,20.177370071411133,20.27038823479732,20.076598669496203,20.23163091313592,37805300
6384,2011-07-06,20.409921646118164,20.44092869336661,20.123112373059545,20.130864134871658,48744200
6385,2011-07-07,20.750986099243164,20.8362524988665,20.433171344336312,20.53394126334461,51946500
6386,2011-07-08,20.86726188659668,20.913770971489967,20.54944709591444,20.572702377609662,58320700
6387,2011-07-11,20.64246940612793,20.774246405171446,20.533947693444134,20.634719122505476,43999800
6388,2011-07-12,20.57270812988281,20.76649776270312,20.417675832227538,20.580458414117768,47319300
6389,2011-07-13,20.64246940612793,20.898271642095057,20.54945121768395,20.619215598265654,40861800
6390,2011-07-14,20.518444061279297,20.93703034256784,20.433177635403712,20.63471901396885,46382300
6391,2011-07-15,20.75874710083008,20.875020590988864,20.51844687887126,20.51844687887126,49132400
6392,2011-07-18,20.61146545410156,20.85176418469181,20.355663198054508,20.64247102651761,44501900
6393,2011-07-19,21.34785842895508,21.425373069393785,20.758737994939573,20.781991795672383,86730600
6394,2011-07-20,20.97578811645508,21.200584785994398,20.91377549701276,21.14632392879455,49795400
6395,2011-07-21,21.00678825378418,21.169570771825104,20.65796646012937,20.9602791741292,81737400
6396,2011-07-22,21.340112686157227,21.355614731517644,20.68122770717357,20.82075646489921,76380600
6397,2011-07-25,21.634672164916992,21.77420092211346,21.076558614628524,21.130819469427728,108482400
6398,2011-07-26,21.76644325256348,21.82070409263569,21.533896372683397,21.564901933368805,74636500
6399,2011-07-27,21.18507575988769,21.69668010705097,21.084305833899755,21.611412223024725,71488700
6400,2011-07-28,21.48739242553711,21.75869818787544,21.09206142530082,21.15407552274726,83761400
6401,2011-07-29,21.23933982849121,21.47963851810682,21.13081812579332,21.3323594868732,104394800
6402,2011-08-01,21.13857078552246,21.464137385949005,20.735488046232955,21.324608631695146,61838400
6403,2011-08-02,20.774246215820312,21.27810039953962,20.74324064612074,20.91377497571197,63883100
6404,2011-08-03,20.86726188659668,20.929274492620117,20.526191814219224,20.79749752000817,64581200
6405,2011-08-04,20.10760498046875,20.828502373806806,20.09985322071816,20.56494845627468,92949500
6406,2011-08-05,19.906068801879883,20.23163540297595,19.557246915527887,20.13086397869765,112071700
6407,2011-08-08,18.975875854492188,19.84405384794155,18.906111485442807,19.39446206878845,134257200
6408,2011-08-09,19.82854652404785,19.859553561456146,18.627051915918045,19.15415824538672,126268900
6409,2011-08-10,18.758838653564453,19.448729332318216,18.6813224981039,19.340207601772057,127819900
6410,2011-08-11,19.526235580444336,19.673514574744654,18.91385988936416,18.99137600549413,90690100
6411,2011-08-12,19.45647621154785,19.642514050853418,19.107654338789093,19.47973001740022,64787100
6412,2011-08-15,19.7742862701416,19.82854710870912,19.49522883922642,19.56499319695521,56529400
6413,2011-08-16,19.774293899536133,19.961505968115866,19.54027769793952,19.67288643249549,54251500
6414,2011-08-17,19.696292877197266,20.047316513704896,19.44667673027166,19.696292877197266,50923700
6415,2011-08-18,19.24385643005371,19.57147787893157,18.74462431284138,19.16585103978202,105714200
6416,2011-08-19,18.760225296020508,19.204855600181894,18.65101863596113,19.041044122263667,77397900
6417,2011-08-22,18.70562171936035,19.10344788868317,18.557413107756485,19.04884455937341,54721000
6418,2011-08-23,19.282855987548828,19.306258048073985,18.744621985930227,18.744621985930227,59670600
6419,2011-08-24,19.423269271850582,19.4466713370708,19.048845155302285,19.228256525169694,45329700
6420,2011-08-25,19.165855407714844,19.626085678593164,19.11125206842918,19.563681649719637,48192000
6421,2011-08-26,19.696292877197266,19.76649760449879,19.04885043817288,19.119055165474403,71957000
6422,2011-08-29,20.156518936157227,20.172120313992547,19.78989548400288,19.91470353102688,38863200
6423,2011-08-30,20.460737228393555,20.61674802242323,20.047311153524543,20.07071173114856,57341400
6424,2011-08-31,20.74935531616211,20.835159907898685,20.48413787734921,20.50753994118415,59300800
6425,2011-09-01,20.44512939453125,20.952163571083734,20.44512939453125,20.640142081565678,60510800
6426,2011-09-02,20.12531471252441,20.28132550383946,20.01610805130138,20.109714823656244,43894400
6427,2011-09-06,19.89909553527832,19.961499538036403,19.58707552148792,19.65728021056936,54929300
6428,2011-09-07,20.281322479248047,20.281322479248047,19.945900369423235,20.03950712781835,41961000
6429,2011-09-08,20.452926635742188,20.796149323707105,20.242314099967523,20.281316035673967,65811900
6430,2011-09-09,20.07851791381836,20.421740861903945,19.891305802452475,20.281331406422133,64529200
6431,2011-09-12,20.19552230834961,20.22672506620714,19.711891464192924,19.84450020942867,55046100
6432,2011-09-13,20.312524795532227,20.429532125163306,20.13311196974707,20.218918039130017,48792300
6433,2011-09-14,20.67134475708008,20.905359385613647,20.195513326189268,20.413928070561663,66739200
6434,2011-09-15,21.05357360839844,21.084776358550343,20.523138758448138,20.850760195898086,67808300
6435,2011-09-16,21.15498161315918,21.27198895363825,20.92876613211446,21.100376798961825,89681500
6436,2011-09-19,21.225187301635746,21.30319270032541,20.749357196504263,20.90536650605438,52324900
6437,2011-09-20,21.045774459838867,21.45140131450115,21.00677250712597,21.30319121609972,49211900
6438,2011-09-21,20.273521423339844,21.10817559521453,20.257920049252917,21.100374908171062,72750700
6439,2011-09-22,19.548070907592773,20.008300958034432,19.189248285392804,19.735282904544327,96278300
6440,2011-09-23,19.548070907592773,19.61827559242819,19.259452970228224,19.423262909625077,64768100
6441,2011-09-26,19.844491958618164,19.90689596055793,19.29065513955261,19.649479266577814,51057600
6442,2011-09-27,20.023908615112305,20.218921359128657,19.85229793599641,20.01610792681215,55620700
6443,2011-09-28,19.95369911193848,20.569939949061386,19.89909579479165,20.226717185501425,60736200
6444,2011-09-29,19.85229110717773,20.41392708113401,19.57147237628527,20.26571703007092,63407300
6445,2011-09-30,19.41546440124512,19.891295876755084,19.40766371451869,19.657281226277743,54060500
6446,2011-10-03,19.134653091430664,19.76649403522197,19.12685240226913,19.282861722011905,64592500
6447,2011-10-04,19.766490936279297,19.80549288814303,18.92403598069249,18.955237244617656,83485400
6448,2011-10-05,20.19552230834961,20.406136460399804,19.626085367914094,19.828898830499902,94061300
6449,2011-10-06,20.54654312133789,20.593345763976497,20.047310965648265,20.20332027038668,55111400
6450,2011-10-07,20.47633171081543,20.679145079633425,20.43732976935488,20.546536395707378,52741600
6451,2011-10-10,21.01457405090332,21.03797462835223,20.647949134025744,20.73375521888291,41815300
6452,2011-10-11,21.061368942260746,21.115972253317725,20.842954210204173,20.95216232014678,38826200
6453,2011-10-12,21.030176162719727,21.30319433517088,20.98337351504589,21.201788350572684,52489800
6454,2011-10-13,21.20178604125977,21.217387418061517,20.764957905615145,20.874164567569004,43823500
6455,2011-10-14,21.27198982238769,21.45140118430471,21.076977084348563,21.303191086802816,50947700
6456,2011-10-17,21.045774459838867,21.38899729746304,20.944368490087857,21.147181917419,39453300
6457,2011-10-18,21.30319595336914,21.373400674127332,20.905369698349183,21.014577868322743,52487900
6458,2011-10-19,21.162776947021484,21.42799433049919,21.06917168686981,21.349990442982392,42880000
6459,2011-10-20,21.09258079528809,21.32659551170737,20.593347118922043,21.26419148814028,76300200
6460,2011-10-21,21.186189651489254,21.209591722200503,20.905370754272408,21.17838896125217,76620600
6461,2011-10-24,21.209585189819336,21.373395170857325,21.09257784795948,21.108177735799472,56897800
6462,2011-10-25,20.913164138793945,21.24078557515389,20.84295943901474,21.12377823813155,53554600
6463,2011-10-26,20.741554260253903,21.10817766018929,20.35932948470533,21.08477708459859,63029900
6464,2011-10-27,21.256378173828125,21.3733854625404,20.788347531150634,21.16277145016127,74512400
6465,2011-10-28,21.045774459838867,21.209585934457117,20.89756584926656,21.170582493915088,57712100
6466,2011-10-31,20.77276039123535,21.06137995639384,20.76496118943028,20.874167868654315,46799000
6467,2011-11-01,20.273521423339844,20.530938144458474,20.17211546743265,20.429532188551285,61182600
6468,2011-11-02,20.28912734985352,20.43733746127653,20.04731194856384,20.35933206116814,53533100
6469,2011-11-03,20.69474601745605,20.741548643793173,20.26571723124168,20.46853059580742,65836100
6470,2011-11-04,20.47633171081543,20.59333902302578,20.28131902785528,20.57773765131008,36549200
6471,2011-11-07,20.905363082885746,20.92096445763486,20.38272893142215,20.44513294258964,42589700
6472,2011-11-08,21.186189651489254,21.217392412437587,20.81956613732356,21.06918227359208,47822500
6473,2011-11-09,20.437334060668945,20.8663614581345,20.32812592355685,20.741553433859828,62950900
6474,2011-11-10,20.499736785888672,20.671347436535843,20.37492876944911,20.647945375517583,32514400
6475,2011-11-11,20.991161346435547,21.12377000680816,20.72594402569032,20.73374471016264,37903000
6476,2011-11-14,20.874156951904297,21.061368941735847,20.788350898629098,20.967762202905757,34199200
6477,2011-11-15,21.015634536743164,21.172820137976608,20.7484199140661,20.87416779543966,43874200
6478,2011-11-16,20.489057540893555,20.83486484299798,20.465480758294195,20.803427134155548,53262800
6479,2011-11-17,20.07252311706543,20.465485575905088,19.993930325490936,20.44190728872289,70977500
6480,2011-11-18,19.88389587402344,20.04108142599721,19.76600745955937,20.025362570993327,47626200
6481,2011-11-21,19.648120880126957,19.844602088928223,19.569528096799917,19.83674266069225,61882500
6482,2011-11-22,19.48307991027832,19.61668571051401,19.373049399741788,19.56167120476217,49204500
6483,2011-11-23,19.231576919555664,19.48307408339946,19.231576919555664,19.34160739718495,49099700
6484,2011-11-25,19.097972869873047,19.38876571807745,19.097972869873047,19.16084679664256,26164600
6485,2011-11-28,19.54594993591309,19.62454121467795,19.404483235684243,19.600964430661517,46766700
6486,2011-11-29,19.522367477416992,19.679552999392964,19.45163414243103,19.50664862541295,40917100
6487,2011-11-30,20.10395622253418,20.111815650378407,19.758148892551027,19.938912734903127,81350900
6488,2011-12-01,19.86817169189453,20.143244064792544,19.80529779251327,20.088229590212944,48545400
6489,2011-12-02,19.82101821899414,20.135389263717883,19.773863161898475,20.11181098565393,52293800
6490,2011-12-05,20.19826316833496,20.276854430466067,20.04107764600828,20.261137077459185,56818400
6491,2011-12-06,20.16683006286621,20.331875048847397,20.12753442284014,20.284718481977013,46175300
6492,2011-12-07,20.11967086791992,20.24541868904805,19.91533028382865,20.174685352284445,62667000
6493,2011-12-08,19.96249389648437,20.21398964651364,19.938917106814703,20.02536783399169,60522200
6494,2011-12-09,20.19826316833496,20.33187041260297,20.04107764600828,20.05679649804739,53788500
6495,2011-12-12,20.048940658569336,20.096095724089984,19.876037752305287,19.970347883346587,38945900
6496,2011-12-13,20.24542236328125,20.51263690643192,20.15897015842881,20.23756293565534,54581100
6497,2011-12-14,20.111814498901367,20.324014541448545,20.09609564411287,20.213984056961586,47926400
6498,2011-12-15,20.08823776245117,20.33973346228896,20.07252040548577,20.213985612370067,46213900
6499,2011-12-16,20.434043884277344,20.567651154251227,20.14325106173447,20.17468877186128,101408100
6500,2011-12-19,20.06466484069824,20.52836068869049,20.009648834112514,20.449767892600928,52258300
6501,2011-12-20,20.45762634277344,20.51264084769263,20.284721899847025,20.32401904552704,60767600
6502,2011-12-21,20.24542236328125,20.583370256032545,19.99392667538239,20.441903556831303,64132500
6503,2011-12-22,20.284717559814453,20.32401469708662,20.02536244994819,20.292576987268887,35794100
6504,2011-12-23,20.45762634277344,20.46548577190944,20.22184796579183,20.363314692174228,23205800
6505,2011-12-27,20.465476989746094,20.54406824931532,20.379024805381327,20.402601583639218,21287200
6506,2011-12-28,20.292577743530277,20.55193286306215,20.24542267607881,20.520496651105365,29822500
6507,2011-12-29,20.449764251708984,20.473341037015192,20.32401639996708,20.394749753950983,22616900
6508,2011-12-30,20.40260505676269,20.528354391350497,20.36330942028881,20.43404276516776,27395700
6509,2012-01-03,21.039209365844727,21.188534013517412,20.74055707243386,20.866304933122837,64731500
6510,2012-01-04,21.534337997436523,21.58935249046749,21.04706548856295,21.078501699281,80516100
6511,2012-01-05,21.75439453125,21.793690164099875,21.447884397730515,21.51861623705383,56081400
6512,2012-01-06,22.09235191345215,22.155225852590828,21.636515479938485,21.636515479938485,99455500
6513,2012-01-09,21.801549911499023,22.084483269087634,21.78583105851469,22.04518613662681,59706800
6514,2012-01-10,21.880146026611328,22.12378228903284,21.809412676386927,21.95087937683573,60014400
6515,2012-01-11,21.78584098815918,21.99018167299375,21.510768430721303,21.55792351213451,65582400
6516,2012-01-12,22.005884170532227,22.02160301899312,21.730810318594195,21.90371465360022,49370800
6517,2012-01-13,22.202375411987305,22.202375411987305,21.84085072658439,21.95087971796222,60196100
6518,2012-01-17,22.21023750305176,22.51674772951964,22.13950414324644,22.32026650762325,72395300
6519,2012-01-18,22.186656951904297,22.320264229116194,21.98231632210771,22.24953087653151,64860600
6520,2012-01-19,22.10019874572754,22.3516943589254,22.029465417136628,22.131634947861222,74053500
6521,2012-01-20,23.349822998046875,23.37340127958774,22.59533597712877,22.65035046835832,165902900
6522,2012-01-23,23.365541458129883,23.53844585511365,23.06689072548077,23.224074769336777,76078100
6523,2012-01-24,23.059038162231445,23.239800541036526,22.93329029010331,23.161207746198222,51703300
6524,2012-01-25,23.23194122314453,23.302674588935183,22.84683817552482,22.84683817552482,59231700
6525,2012-01-26,23.18478012084961,23.341965670434472,23.10618734605718,23.27123232302453,49102800
6526,2012-01-27,22.97258186340332,23.20836020609868,22.925426794477296,23.14548628118644,44187700
6527,2012-01-30,23.27123641967773,23.2790958484438,22.658214467219796,22.76824347187913,51114800
6528,2012-01-31,23.208351135253903,23.341958360851912,22.972572884711063,23.31052066116672,50572400
6529,2012-02-01,23.491287231445312,23.6170350551086,23.389117686856004,23.412695965929984,67409900
6530,2012-02-02,23.5384521484375,23.711355092616778,23.34982884692741,23.49915500269255,52223300
6531,2012-02-03,23.766366958618164,23.89211481297334,23.648478532539272,23.687774174888013,41838500
6532,2012-02-06,23.73493003845215,23.750647395504465,23.554166191540567,23.60918218783786,28039700
6533,2012-02-07,23.852821350097656,23.962850357953805,23.617042977363727,23.69563576827504,39242400
6534,2012-02-08,24.09645271301269,24.104312140395923,23.75064540331323,23.78208311284613,49659100
6535,2012-02-09,24.182907104492188,24.206483889743797,23.954988186842453,24.112173750672103,50481600
6536,2012-02-10,23.970701217651367,24.206478007064536,23.86067224912952,24.08073018617321,44605300
6537,2012-02-13,24.03357315063477,24.18289923779389,23.915684765627937,24.072868779292996,33319800
6538,2012-02-14,23.93073463439941,24.09686462990295,23.614295469939613,23.994022467291376,59644000
6539,2012-02-15,23.77251625061035,24.04148993972237,23.75669542276341,23.99402443837939,43311300
6540,2012-02-16,24.753477096557617,24.959161414515624,23.970288117444465,23.978199284889143,94705100
6541,2012-02-17,24.72182846069336,24.777205115021207,24.484499511030968,24.682274138716515,70036500
6542,2012-02-21,24.87213897705078,25.00662579167765,24.64271967196348,24.666453171803774,50829900
6543,2012-02-22,24.73766326904297,25.06201370131556,24.666464246456165,24.88006131421658,49253200
6544,2012-02-23,24.816768646240234,24.99080982940214,24.524061442525845,24.6822817973284,35034700
6545,2012-02-24,24.903785705566406,24.91960804106204,24.71392220632167,24.903785705566406,35575400
6546,2012-02-27,24.80094718933105,24.9196117051946,24.60317249325808,24.713925840210567,34568400
6547,2012-02-28,25.212322235107425,25.259787745915048,24.82468245199076,24.84841596184526,45230600
6548,2012-02-29,25.10947036743164,25.31515619256433,25.006628209315743,25.22813486030411,59323600
6549,2012-03-01,25.54457664489746,25.62368530436271,25.196492809426715,25.25978064233949,77344100
6550,2012-03-02,25.37844657897949,25.66323956294597,25.31515723734122,25.56039890948665,47314200
6551,2012-03-05,25.156938552856445,25.354713231759096,25.014542051523424,25.323068558862165,45240000
6552,2012-03-06,24.96707534790039,25.299336872881437,24.91169867855373,24.951254520159253,51932900
6553,2012-03-07,25.188587188720703,25.251875035570706,24.943346970789616,25.054100325551797,34340400
6554,2012-03-08,25.32306861877441,25.48128896583129,25.236048785904085,25.34680363240432,36747400
6555,2012-03-09,25.307247161865234,25.44173400084893,25.25187049444272,25.39426699257161,34628400
6556,2012-03-12,25.3467960357666,25.47337167191595,25.172753404385794,25.29141787466323,34073600
6557,2012-03-13,25.845197677612305,25.861020016562914,25.433828936106803,25.505027952483253,48951700
6558,2012-03-14,25.92430305480957,26.01132438893019,25.702796399085702,25.734438051473504,41986900
6559,2012-03-15,25.98759078979492,26.05878979269033,25.7739967989107,25.940126799732656,49068300
6560,2012-03-16,25.789813995361328,26.06670032508744,25.71070533989773,26.035055655781296,65626400
6561,2012-03-19,25.47337532043457,25.79772562313612,25.43382099431031,25.742348963001827,44789200
6562,2012-03-20,25.307247161865234,25.43382434170373,25.1094724874128,25.39426699257161,41566800
6563,2012-03-21,25.243955612182617,25.433820599554483,25.172756619143367,25.28350993769296,37928600
6564,2012-03-22,25.315160751342773,25.386359761668015,25.149030733184645,25.16485156188935,31749500
6565,2012-03-23,25.32306861877441,25.40218030120391,25.093650775333103,25.394267624059903,35912200
6566,2012-03-26,25.781909942626957,25.797732280720236,25.43382755798205,25.46546921636619,36758300
6567,2012-03-27,25.726531982421875,25.868930000342104,25.63160097640915,25.82937566598699,36274900
6568,2012-03-28,25.465471267700195,25.86893337707309,25.3468082491455,25.726535340565327,41344800
6569,2012-03-29,25.41009330749512,25.465469983588772,25.164853095265528,25.362629309587707,37038500
6570,2012-03-30,25.520841598510746,25.63950760535102,25.34680194436076,25.63159794653589,31749400
6571,2012-04-02,25.54457664489746,25.67906196954877,25.275602977792925,25.4891999797114,35853600
6572,2012-04-03,25.26769256591797,25.465465729398197,25.04618438964663,25.441733734409087,42752100
6573,2012-04-04,24.690187454223636,25.06991594240702,24.5636117944628,25.04618244036403,49455900
6574,2012-04-05,24.93543243408203,25.022452268686465,24.56361506375924,24.64272523886416,50368600
6575,2012-04-09,24.603174209594727,24.84050325787808,24.50033051547766,24.698105225347557,31056400
6576,2012-04-10,24.10477828979492,24.67437035361305,23.970291442382432,24.571526671467616,54131300
6577,2012-04-11,24.009849548339844,24.15224757771728,23.9149170257878,24.073137393740787,43014000
6578,2012-04-12,24.508228302001957,24.55569529285988,24.065213616297918,24.112679098255374,38304000
6579,2012-04-13,24.373750686645508,24.65063553526759,24.3025516824598,24.437038522710463,39749200
6580,2012-04-16,24.587352752685547,24.67437411099841,24.342112526141797,24.516153733866176,38124800
6581,2012-04-17,24.87213897705078,25.00662579167765,24.68227550503064,24.73765216242392,34361500
6582,2012-04-18,24.63481903076172,24.76930590284911,24.555710348629106,24.74557390176988,40552900
6583,2012-04-19,24.53197860717773,25.06201496374448,24.4766019221322,24.626909636141075,54781200
6584,2012-04-20,25.647422790527344,26.019240208795544,25.35471706646651,25.433828760673872,106045000
6585,2012-04-23,25.41009330749512,25.71071170471962,25.338894292831487,25.560404015008626,61398200
6586,2012-04-24,25.251873016357425,25.726532584227908,25.18067400573179,25.48129087700577,40871100
6587,2012-04-25,25.47337532043457,25.56830630669312,25.21231284487233,25.251867170996587,62495500
6588,2012-04-26,25.402179718017575,25.49711071695142,25.251870542654466,25.41008937717788,40308100
6589,2012-04-27,25.29934501647949,25.489210099499477,25.22023481670476,25.410098390823183,41419100
6590,2012-04-30,25.33098602294922,25.4021850415212,25.25187583465798,25.29934134407219,35697200
6591,2012-05-01,25.32306861877441,25.584132644088577,25.27560462711883,25.35471329174621,43832300
6592,2012-05-02,25.156938552856445,25.25978223087041,25.03036287907084,25.19649439397761,37385300
6593,2012-05-03,25.12529563903809,25.236048977478024,25.00663113229514,25.220226640872013,31501300
6594,2012-05-04,24.508228302001957,24.974976483134952,24.460762820044494,24.88004551922004,57927200
6595,2012-05-07,24.24717903137207,24.413310571627555,24.183891184822667,24.286734878528748,48641400
6596,2012-05-08,24.128507614135746,24.35001576822392,23.86744513309293,24.112685279793546,46328300
6597,2012-05-09,24.334199905395508,24.389576581419384,23.812074804454287,23.883273819028204,50309300
6598,2012-05-10,24.31837654113769,24.539884744791625,24.088958677443618,24.413309059532576,43839200
6599,2012-05-11,24.650636672973636,24.951255039832464,24.27882080754413,24.27882080754413,43459300
6600,2012-05-14,24.27091217041016,24.55570823000025,24.239267493166253,24.3816655229613,40528900
6601,2012-05-15,24.0559139251709,24.525725024694797,24.0081369628403,24.398318779278373,61822800
6602,2012-05-16,23.80906105041504,24.143502775673934,23.68165482353565,24.13553969664372,60083700
6603,2012-05-17,23.665727615356445,24.05590935771129,23.657764536679576,23.88072618322604,48484000
6604,2012-05-18,23.307403564453125,23.737399280585315,23.227774278116847,23.721474638359908,56205300
6605,2012-05-21,23.68961524963379,23.7214675621876,23.140175008495408,23.17202732104922,38787900
6606,2012-05-22,23.69757843017578,23.79313233064641,23.490542954086926,23.6418384017676,39504900
6607,2012-05-23,23.17999267578125,23.41091588926878,22.80573556052607,23.371102013468104,65171000
6608,2012-05-24,23.148141860961918,23.331288131602943,22.901292473628267,23.219808057091377,52575000
6609,2012-05-25,23.14017677307129,23.379064579035912,23.10036289814484,23.2516583567089,29507200
6610,2012-05-29,23.53832244873047,23.66572867566471,23.2675838367947,23.39499006372894,37758800
6611,2012-05-30,23.36314392089844,23.474624011974917,23.18796070366364,23.37110700151852,41585500
6612,2012-05-31,23.243690490722656,23.42683670774693,23.044618119487147,23.33128130128115,39134000
6613,2012-06-01,22.654438018798828,23.060544347622407,22.64647494114322,22.90128735091557,56634300
6614,2012-06-04,22.734071731567383,22.91721952816842,22.550925453768507,22.7898132898038,47926300
6615,2012-06-05,22.702211380004883,22.89332065714749,22.60665598203281,22.702211380004883,45715400
6616,2012-06-06,23.371103286743164,23.387029445451905,22.94110611441967,22.99684615109818,46860500
6617,2012-06-07,23.27554702758789,23.649804149956022,23.22777007195865,23.60202567552475,37792800
6618,2012-06-08,23.6099853515625,23.63387458533485,23.13221130772815,23.2596175169104,42551100
6619,2012-06-11,23.01276969909668,23.737393131315702,22.949066590290677,23.673690022509703,46361900
6620,2012-06-12,23.323326110839844,23.33128767131751,22.964995137261766,23.17203064212887,35337900
6621,2012-06-13,23.1959171295166,23.44276801767521,23.13221401746322,23.26758332042691,32984600
6622,2012-06-14,23.36314392089844,23.45869785073475,22.996849806386347,23.355180840278354,39458900
6623,2012-06-15,23.904613494873047,23.95239044428613,23.48257947178556,23.562208733341933,62314400
6624,2012-06-18,23.76127815246582,23.912573578597662,23.65775966976448,23.880721270442898,58679900
6625,2012-06-19,24.446090698242188,24.772569304333995,23.9285012565242,24.03998283043978,75725800
6626,2012-06-20,24.62923812866211,24.724792032296584,24.398313410408623,24.62923812866211,36257100
6627,2012-06-21,24.000171661376957,24.79646138093215,23.936468544564622,24.65312898840388,48456600
6628,2012-06-22,24.446090698242188,24.46997841359408,23.912576619223557,24.127573651399786,45098100
6629,2012-06-25,23.78517341613769,24.143502860950857,23.58610099608526,24.127576702834176,42217200
6630,2012-06-26,23.904613494873047,24.10368588936306,23.84091038938832,23.888687338801404,38421300
6631,2012-06-27,24.024057388305664,24.28683289659876,23.912577329878864,24.039983544881466,33781700
6632,2012-06-28,23.81702041625977,23.92850046769846,23.42683871742256,23.87276044197911,45328400
6633,2012-06-29,24.358509063720703,24.43813836042732,24.000177987942184,24.247028959612944,55227200
6634,2012-07-02,24.33460998535156,24.382388455349563,24.055908318904155,24.382388455349563,30589100
6635,2012-07-03,24.493865966796875,24.493865966796875,24.024055025628268,24.071831971855083,20938100
6636,2012-07-05,24.446090698242188,24.5097938038503,24.19127675700789,24.358498358480343,28801900
6637,2012-07-06,24.039989471435547,24.446097451424414,23.84888010181765,24.374431247967426,38294800
6638,2012-07-09,23.888687133789062,24.071833370635677,23.713503974909933,23.98424255059702,30680800
6639,2012-07-10,23.68165779113769,24.063876519672544,23.49851150689836,23.952396436883767,37534100
6640,2012-07-11,23.33129119873047,23.681659146000253,23.179997225947726,23.65776990454925,39184900
6641,2012-07-12,22.797775268554688,23.23573554991128,22.726110587113112,23.21184631022929,63523600
6642,2012-07-13,23.402952194213867,23.47461838380992,22.86943807099992,22.90129038584348,39085000
6643,2012-07-16,23.44276428222656,23.51443046171734,23.12424877271297,23.474615073777045,27900600
6644,2012-07-17,23.61794853210449,23.77720705367518,23.251656058814465,23.60202237618706,33771300
6645,2012-07-18,24.247020721435547,24.247020721435547,23.458692622565472,23.57017420759871,41090400
6646,2012-07-19,24.42221069335937,24.52572770954145,24.191285899011227,24.29480443399571,46663200
6647,2012-07-20,23.984241485595703,24.72478947806618,23.92849994229849,24.6849756087985,64021700
6648,2012-07-23,23.31536102294922,23.554247305553243,23.100362457324437,23.546284226959514,55151900
6649,2012-07-24,23.211841583251957,23.379063189367614,23.01276918284876,23.28350776890125,47723300
6650,2012-07-25,22.957029342651367,23.35517414673398,22.917215469763864,23.28350796049496,45579500
6651,2012-07-26,23.219806671142575,23.490545280626844,23.164066637213818,23.27554670507133,45301400
6652,2012-07-27,23.69757843017578,23.769244614929686,23.23573052776276,23.4746167977412,44242600
6653,2012-07-30,23.602031707763672,23.745364130086514,23.458699285440822,23.68962408113928,28905000
6654,2012-07-31,23.46665573120117,23.65776506732677,23.355175664828405,23.47461881005665,37620900
6655,2012-08-01,23.418874740600582,23.60998404378828,23.259616228543308,23.56220709769179,31721800
6656,2012-08-02,23.243690490722656,23.514429037107085,23.068505832002344,23.259615126132235,39520500
6657,2012-08-03,23.68961524963379,23.840910696660675,23.474616696301137,23.5144320869934,35859400
6658,2012-08-06,23.848878860473636,23.97628510025401,23.73739726156416,23.888692740854182,27471800
6659,2012-08-07,24.09572029113769,24.16738646716263,23.785167874230776,23.94442486188488,28002900
6660,2012-08-08,24.15146827697754,24.2629483569774,23.97628507714888,24.055912837833247,26257600
6661,2012-08-09,24.28683090209961,24.40627402900532,24.127572387024152,24.19923856692793,24920800
6662,2012-08-10,24.223133087158203,24.38239163699598,24.087763775436724,24.286836203332896,27810300
6663,2012-08-13,24.199243545532227,24.25498358163572,24.016097278677293,24.1673927472454,23049100
6664,2012-08-14,24.15115165710449,24.35955873090168,24.05496471772969,24.28741776193866,34551400
6665,2012-08-15,24.20726203918457,24.271387173864824,24.06298010393805,24.13512107156131,24351000
6666,2012-08-16,24.672164916992188,24.80041516176096,24.25535085706193,24.33550764225829,35787200
6667,2012-08-17,24.76836204528809,24.78439371470808,24.519877284734807,24.78439371470808,32589900
6668,2012-08-20,24.640100479125977,24.728273091748253,24.51185024014636,24.704225598615785,23737700
6669,2012-08-21,24.688196182250977,24.81644643289668,24.53589996514895,24.656134384021342,28822700
6670,2012-08-22,24.479793548583984,24.6561372817307,24.42368271957644,24.51987118329704,33437400
6671,2012-08-23,24.255352020263672,24.36757060760208,24.111070105763677,24.35955477581168,28355600
6672,2012-08-24,24.495813369750977,24.551922646266657,24.19121949915309,24.247328775668773,22943300
6673,2012-08-27,24.60002899169922,24.81645036844556,24.51987219011799,24.79240439817587,34691100
6674,2012-08-28,24.551931381225582,24.688197470756474,24.463760284844657,24.608042206567205,23947900
6675,2012-08-29,24.56795883178711,24.648115611091796,24.39963097122433,24.56795883178711,23346800
6676,2012-08-30,24.30344581604004,24.535900354564458,24.223289025898392,24.47177522822386,23982100
6677,2012-08-31,24.704233169555664,24.81645178083785,24.35154413984377,24.527889419131675,36590100
6678,2012-09-04,24.35955238342285,24.575975233917628,24.167177025937526,24.40764736944176,48556700
6679,2012-09-05,24.35955238342285,24.47177248860353,24.215270483093,24.22328631409615,33650000
6680,2012-09-06,25.129056930541992,25.137072762051798,24.415663214804912,24.447726540844123,48371700
6681,2012-09-07,24.80843734741211,24.90462429119352,24.632092069039672,24.88057831968012,42649100
6682,2012-09-10,24.624067306518555,24.76834919873577,24.455739451507373,24.71223991373204,40524000
6683,2012-09-11,24.680191040039062,24.77637799929385,24.53590907229273,24.600034221417307,25191800
6684,2012-09-12,24.672164916992188,24.992790528914107,24.632085759962248,24.80041516176096,32775800
6685,2012-09-13,24.8004207611084,24.99279617169536,24.36757494063984,24.760341595029534,45047300
6686,2012-09-14,25.01683807373047,25.048901401378764,24.696212441565542,24.85652602207981,51422800
6687,2012-09-17,25.01683807373047,25.05691723329084,24.880573517816032,25.000807938769928,36488500
6688,2012-09-18,24.9927921295166,25.01683809641101,24.872557708453694,24.92866700302548,34542700
6689,2012-09-19,24.888591766357425,25.00081190205268,24.88057746203848,24.9206550990886,48871900
6690,2012-09-20,25.209217071533203,25.23326304039903,24.77637128558343,24.80843461588952,45543000
6691,2012-09-21,25.000810623168945,25.33746795530575,24.920653824305177,25.19318602312372,102348900
6692,2012-09-24,24.672164916992188,24.90461791231176,24.55994480617188,24.84850862133336,46825900
6693,2012-09-25,24.35955238342285,24.84850737257103,24.335506419276832,24.80842974641871,54266400
6694,2012-09-26,24.18320846557617,24.52788155122519,24.079005721220238,24.27138107693664,54672000
6695,2012-09-27,24.175195693969727,24.367571074030856,23.958772818077097,24.18321152591356,47129900
6696,2012-09-28,23.85457420349121,24.255356697107263,23.83854253681924,24.19123155928325,54229300
6697,2012-10-01,23.638147354125977,24.030913949008184,23.582038058980466,23.89464786271324,54042700
6698,2012-10-02,23.774415969848636,23.95877553890232,23.64616570191009,23.790447635556895,43338900
6699,2012-10-03,23.934728622436523,24.0389313876908,23.782430861959902,23.846555993392627,46655900
6700,2012-10-04,24.07099914550781,24.07099914550781,23.702278425298605,24.02290414143878,43634900
6701,2012-10-05,23.92671012878418,24.247335750288,23.838537509546796,24.23130408699692,41133900
6702,2012-10-08,23.870607376098636,23.982825992154268,23.686246255467825,23.75838723117901,29752000
6703,2012-10-09,23.469816207885746,23.838535255535664,23.38965942787298,23.79044179907337,45121100
6704,2012-10-10,23.22934913635254,23.49386547740925,23.20530316916969,23.365615222888643,47227100
6705,2012-10-11,23.20530128479004,23.44577011027308,23.141176162736997,23.42172261617937,41488500
6706,2012-10-12,23.405691146850582,23.501878060010245,23.085064026015942,23.221330093711643,46464700
6707,2012-10-15,23.65417861938477,23.82250650198376,23.445771577454867,23.54196003098544,42440200
6708,2012-10-16,23.638147354125977,23.83853856756773,23.501881267831035,23.606085554984386,47739400
6709,2012-10-17,23.71830940246582,23.75838704249197,23.317526886748404,23.485854809495017,44206100
6710,2012-10-18,23.64616584777832,23.83052541796928,23.45379044468378,23.766400283604437,59238500
6711,2012-10-19,22.95681953430176,23.30950853816424,22.844600931244344,23.28546103942459,90470800
6712,2012-10-22,22.44381332397461,23.109112014923607,22.30754725335309,23.028955232993862,83374000
6713,2012-10-23,22.4838924407959,22.604128386091777,22.251439439541883,22.25945527115251,64414800
6714,2012-10-24,22.36366844177246,22.60413891551624,22.339622464603067,22.57207557413803,53320400
6715,2012-10-25,22.347625732421875,22.60412775015499,22.33159559851516,22.596111918769875,54084300
6716,2012-10-26,22.61214256286621,22.716346844360302,22.31556443924296,22.331596102374903,57790000
6717,2012-10-31,22.876657485961918,23.14918807995832,22.844594163807425,22.884671787637185,69464100
6718,2012-11-01,23.66219711303711,23.694258915244895,23.10110105019496,23.11713271573074,72047900
6719,2012-11-02,23.64616584777832,23.862588749583605,23.509899746145045,23.71830681504675,57131600
6720,2012-11-05,23.750368118286133,23.838540749507303,23.509899251691383,23.74235381441491,38070800
6721,2012-11-06,23.934728622436523,24.207260813241536,23.73433739560129,23.902665292288297,43401500
6722,2012-11-07,23.30950927734375,23.910683005124827,23.28546177784152,23.670214125557937,57871800
6723,2012-11-08,23.09307861328125,23.54195594673079,23.08506278280572,23.341564771432605,49841800
6724,2012-11-09,23.109119415283203,23.39768331109329,23.09308774799065,23.149197054650628,43291200
6725,2012-11-12,22.62016487121582,23.253401986469168,22.61214903735469,23.19729267830525,61112300
6726,2012-11-13,21.89281845092773,22.06252948102464,21.61804689050073,21.8362481075621,131689200
6727,2012-11-14,21.690778732299805,22.054447395593183,21.65845194381768,22.014038909990525,76086100
6728,2012-11-15,21.54531478881836,21.795841274801912,21.52106969349361,21.723107530254048,50955600
6729,2012-11-16,21.43218040466309,21.57764793659491,21.28671287273126,21.55340283413067,64083300
6730,2012-11-19,21.601890563964844,21.658460925842867,21.391770975970218,21.658460925842867,57179300
6731,2012-11-20,21.585729598999023,21.65846337002937,21.38369168867626,21.626138105919733,47070400
6732,2012-11-21,21.779682159423828,21.957474923227437,21.55339919887023,21.585724455277,66360300
6733,2012-11-23,22.38579750061035,22.442367859826227,21.98172174458076,22.005965303429456,57845700
6734,2012-11-26,22.135272979736328,22.288822223306244,21.957480173421164,22.256496959170278,85198700
6735,2012-11-27,21.884737014770508,22.12718178678672,21.852411764500605,22.1110199323649,45018600
6736,2012-11-28,22.111026763916016,22.135270323752305,21.63421722906353,21.828173414887583,53018400
6737,2012-11-29,21.779682159423828,22.11102413008261,21.70694840572541,21.90898626790401,69551400
6738,2012-11-30,21.512989044189453,21.925144865294037,21.4079285082794,21.860492820667204,83690200
6739,2012-12-03,21.359437942504883,21.6746164390855,21.33519284991168,21.64229119038743,53173800
6740,2012-12-04,21.310955047607425,21.521073074392003,21.28670994847384,21.41601406099971,49777500
6741,2012-12-05,21.55340576171875,21.76352538733552,21.222063690168824,21.31904103034454,68283800
6742,2012-12-06,21.601890563964844,21.80392845148736,21.50491324115302,21.66654262631498,39182300
6743,2012-12-07,21.383684158325195,21.674619139992657,21.310951954334715,21.674619139992657,46162100
6744,2012-12-10,21.771602630615234,21.79584618998077,21.43217892665725,21.46450418628688,47031100
6745,2012-12-11,22.07869529724121,22.21608109251678,21.8604940562577,21.8604940562577,52282800
6746,2012-12-12,22.014049530029297,22.321148003055804,21.884745396573983,22.248414235308832,43966300
6747,2012-12-13,21.908981323242188,22.240323219120054,21.779677243944786,22.078692349285195,45080100
6748,2012-12-14,21.666542053222656,21.92515029578286,21.57764643323428,21.908988436692884,42077500
6749,2012-12-17,21.900901794433597,21.99787909279711,21.56147816730856,21.65037530866375,42046100
6750,2012-12-18,22.27265739440918,22.329227759095133,21.933233664866638,22.022130833045605,50486900
6751,2012-12-19,22.070613861083984,22.410037503954044,22.02212520965296,22.37771225014217,53519900
6752,2012-12-20,22.369630813598636,22.369630813598636,21.941310020227945,22.111022614365936,52607300
6753,2012-12-21,22.18375968933105,22.216084948368792,21.82009089123972,22.18375968933105,98776500
6754,2012-12-24,21.868581771850582,22.02213100680027,21.820093107655318,21.981724043542016,20842400
6755,2012-12-26,21.70695304870605,21.98172472335501,21.57764891256853,21.84433888603053,31631100
6756,2012-12-27,21.787765502929688,21.892826069821783,21.472586885106967,21.731195139877077,39394000
6757,2012-12-28,21.45642471313477,21.739278086030197,21.45642471313477,21.585728847928067,28239900
6758,2012-12-31,21.585729598999023,21.634219807303875,21.31095945907284,21.48875226524317,42749500
6759,2013-01-02,22.32115173339844,22.41004737661354,21.941319429146844,22.022134911419126,52899300
6760,2013-01-03,22.022130966186523,22.34539129593692,21.94939719931433,22.32922789409269,48294400
6761,2013-01-04,21.60997009277344,22.094861282384365,21.601888393113484,22.0382909261913,52521100
6762,2013-01-07,21.56956672668457,21.72311442150565,21.529158221657823,21.634218793300512,37110400
6763,2013-01-08,21.45642471313477,21.650382456751597,21.383690944635173,21.61805565233983,44703100
6764,2013-01-09,21.5776481628418,21.618055125945727,21.464505891582487,21.593810023227267,49047900
6765,2013-01-10,21.383684158325195,21.803923233750112,21.246299907455988,21.537233347697065,71431300
6766,2013-01-11,21.68270301818848,21.76351847026747,21.23822034389383,21.407931405975827,55512100
6767,2013-01-14,21.73119354248047,21.88474276049831,21.62613452473774,21.73927524252632,48324400
6768,2013-01-15,21.989803314208984,22.054456919091795,21.68270639814953,21.68270639814953,48244500
6769,2013-01-16,21.8524169921875,22.00596466519825,21.82817189261529,21.94131260776566,41077400
6770,2013-01-17,22.022130966186523,22.199923762192533,21.86858173152002,21.973642302080677,51685900
6771,2013-01-18,22.022130966186523,22.054457769874983,21.85241987110263,21.90090853520848,52167700
6772,2013-01-22,21.941312789916992,22.183759163371903,21.82009037390286,22.062535205931123,58650600
6773,2013-01-23,22.313064575195312,22.33730813495015,21.98172256618077,21.98172256618077,50387700
6774,2013-01-24,22.32923126220703,22.68481844928223,22.19992711080279,22.38580317719508,101739300
6775,2013-01-25,22.531265258789062,22.814118618651037,22.135271171553025,22.288820402579837,81847700
6776,2013-01-28,22.555513381958008,22.81412167426509,22.43429093761744,22.636328858660725,56056500
6777,2013-01-29,22.63632583618164,22.733303162134547,22.304983813226727,22.4827766050916,49242600
6778,2013-01-30,22.50701904296875,22.78179066968656,22.43428528640071,22.636323156550468,43580500
6779,2013-01-31,22.18375968933105,22.60399730538176,22.143351188750525,22.45853132757191,50530000
6780,2013-02-01,22.571672439575195,22.668649759804577,22.26457399551981,22.361552857175912,55565900
6781,2013-02-04,22.17567443847656,22.644402180171863,22.159511040832413,22.52317978069361,50540000
6782,2013-02-05,22.224170684814453,22.35347482730285,22.111029945493847,22.32114956239424,35410400
6783,2013-02-06,22.09486198425293,22.256492899733164,22.02212822642949,22.127187242492987,41889600
6784,2013-02-07,22.04637336730957,22.13526898370556,21.900905851391304,22.1029437254052,38028300
6785,2013-02-08,22.26457405090332,22.393878172481955,22.07061786853537,22.10294466964339,33318500
6786,2013-02-11,22.51510429382324,22.56359295870735,22.224169221664848,22.34539165458856,32247700
6787,2013-02-12,22.531265258789062,22.62824412612884,22.426206232145542,22.531265258789062,35990900
6788,2013-02-13,22.652488708496094,22.717140771430053,22.531264741746497,22.571673244471956,41715600
6789,2013-02-14,22.660573959350582,22.67673582154613,22.523188111412864,22.56359507904225,32663200
6790,2013-02-15,22.63632583618164,22.757548264336176,22.53126526806805,22.66057093838327,49650900
6791,2013-02-19,22.856334686279297,22.888929136828963,22.652624032910715,22.717811379821104,38781400
6792,2013-02-20,22.70966148376465,22.978559450444397,22.67706703728771,22.92151916910975,44110200
6793,2013-02-21,22.400014877319336,22.603725454473047,22.188155690576878,22.603725454473047,49078500
6794,2013-02-22,22.620027542114254,22.620027542114254,22.39187108708863,22.554840205562463,31425900
6795,2013-02-25,22.302248001098636,22.85633979662945,22.302248001098636,22.791152435144102,48011800
6796,2013-02-26,22.302248001098636,22.48966147109535,22.277802157720643,22.310395061368677,49923300
6797,2013-02-27,22.6607666015625,22.81558709200245,22.26964262441913,22.34297856440708,36394700
6798,2013-02-28,22.652618408203125,22.79114168026561,22.60372829870712,22.71780573892732,35840200
6799,2013-03-01,22.77485466003418,22.79929894696853,22.424472041543016,22.58743965313227,34849700
6800,2013-03-04,22.93781280517578,22.93781280517578,22.57113466478636,22.693360711582837,38157500
6801,2013-03-05,23.10077476501465,23.255595205347564,22.94595432468173,23.051884672241947,41432200
6802,2013-03-06,22.8889217376709,23.002999169339745,22.6363210443234,22.986701949333213,51448500
6803,2013-03-07,22.92966651916504,23.04374552136908,22.823737682320573,22.905222239840985,29196700
6804,2013-03-08,22.815584182739254,23.084482077011156,22.78298974503923,23.019294755799432,37667800
6805,2013-03-11,22.70966148376465,22.79114449157949,22.54669235975745,22.766700210910543,36627500
6806,2013-03-12,22.74225234985352,22.774846793426484,22.522244518301815,22.685213627789437,39255200
6807,2013-03-13,22.75040435791016,22.831888924821502,22.61188106041752,22.709662851548902,29093400
6808,2013-03-14,22.92966651916504,22.94596374150685,22.758550347141977,22.815589071149667,55914800
6809,2013-03-15,22.84818649291992,22.94596673133411,22.79929481952396,22.840037880687262,92710300
6810,2013-03-18,22.897077560424805,23.04374947830947,22.66077245845752,22.71781119225957,44809400
6811,2013-03-19,22.962263107299805,22.994856000837206,22.84003703670412,22.91337298989929,51901600
6812,2013-03-20,23.076339721679688,23.214863011070385,22.962262267189264,23.09263694494653,35447800
6813,2013-03-21,22.905221939086918,23.10893255311881,22.856330272703435,22.905221939086918,34233200
6814,2013-03-22,23.01929473876953,23.092630669352005,22.89706870586152,22.97040463644399,28720900
6815,2013-03-25,22.945968627929688,23.100789164769164,22.782999478184024,23.060046100238253,44154000
6816,2013-03-26,22.945968627929688,23.09264055186298,22.90522711758777,23.011155976990157,27824300
6817,2013-03-27,23.11708068847656,23.18226802145779,22.880775635051727,22.92966574624049,36047400
6818,2013-03-28,23.312641143798828,23.35338264139371,23.02744599806912,23.07633610602068,55453800
6819,2013-04-01,23.312641143798828,23.35338264139371,23.10893054744739,23.33708542068036,29201100
6820,2013-04-02,23.46746635437012,23.508209417050217,23.23931142011725,23.296350153680468,28456500
6821,2013-04-03,23.271896362304688,23.58968592584104,23.255600696991035,23.42671683919735,35062800
6822,2013-04-04,23.30449676513672,23.312645376973045,23.03559879129313,23.13337902495146,45263200
6823,2013-04-05,23.385986328125,23.45117368256078,22.90522900634021,22.994860647321207,50927300
6824,2013-04-08,23.29634475708008,23.410422197780463,23.19856298348792,23.410422197780463,34759500
6825,2013-04-09,24.127487182617188,24.29860336345252,23.36968340077213,23.410424904536143,77733800
6826,2013-04-10,24.67343139648437,24.706024288222984,24.05415091156356,24.094892414784,71116700
6827,2013-04-11,23.58153533935547,23.793394512557697,23.410417657304787,23.711909976066337,130923200
6828,2013-04-12,23.45931434631348,23.646727732532582,23.35338395988452,23.50820445702529,62886300
6829,2013-04-15,23.37782859802246,23.61413208288125,23.23115671919151,23.345234156420688,56332900
6830,2013-04-16,23.60598373413086,23.744507004096764,23.385977467634397,23.54894501488405,52797300
6831,2013-04-17,23.49191093444824,23.663028680166825,23.304497518718858,23.50820815864789,52840700
6832,2013-04-18,23.45931434631348,23.614133289265645,23.22300929519396,23.58968901100404,56906600
6833,2013-04-19,24.25786590576172,24.64084138926327,24.12749120694464,24.135639819894333,99790700
6834,2013-04-22,25.121591567993164,25.40678672380513,24.66528025120716,24.68972452895284,137904000
6835,2013-04-23,24.93417739868164,25.178629493553725,24.75491107853283,25.015661948368507,59126900
6836,2013-04-24,25.879392623901367,26.009767272550672,24.934175644099707,24.95047286372797,90946600
6837,2013-04-25,26.02606773376465,26.75942561230491,25.70013107154549,25.838652793073607,110700200
6838,2013-04-26,25.90384101867676,26.058659957912223,25.626794474313154,25.99347262713188,47799300
6839,2013-04-29,26.5720157623291,26.62905449153529,25.88754790347727,25.91199218502917,59116400
6840,2013-04-30,26.971281051635746,26.979431215980902,26.30311056067179,26.5312685366822,75165200
6841,2013-05-01,26.661645889282227,26.954989667859035,26.56386255750512,26.83276205732628,54330900
6842,2013-05-02,27.02017974853516,27.02832680662484,26.39275059078585,26.588314177093565,46059500
6843,2013-05-03,27.28907585144043,27.313520131006097,26.95499056107444,27.07721506728013,46784600
6844,2013-05-06,27.50093078613281,27.63130544478384,27.093509589301217,27.232031304202973,40978300
6845,2013-05-07,27.14240837097168,27.533532449510577,27.08536963712504,27.419454981817296,43078300
6846,2013-05-08,26.881654739379883,27.08536535905019,26.60460817229317,26.946840521318148,51595700
6847,2013-05-09,26.61275291442871,26.88979945741596,26.55571419455285,26.767571852895045,46417800
6848,2013-05-10,26.63719749450684,26.66164488071493,26.335706670542145,26.62090027316048,36394900
6849,2013-05-13,26.914241790771484,26.946836230739493,26.523117836286037,26.57200949623805,36027600
6850,2013-05-14,27.513246536254883,27.51324653625488,26.914240926111447,26.96347542166678,56870100
6851,2013-05-15,27.77582359313965,27.816853903548832,27.43119152294959,27.44760302107862,46303900
6852,2013-05-16,27.96455955505371,28.021998244301773,27.529662597666327,27.603512788152955,59382900
6853,2013-05-17,28.61280632019043,28.61280632019043,27.98097739448593,28.005596219761333,60666700
6854,2013-05-20,28.785106658935547,28.801515024769145,28.45688299915317,28.49791017408277,54020800
6855,2013-05-21,28.596385955810547,28.941021231343427,28.489715889965463,28.801525031907246,48702400
6856,2013-05-22,28.39945602416992,28.58818361070935,28.194316934865224,28.54715641888323,66047500
6857,2013-05-23,28.021991729736328,28.35021228768129,27.816852707205825,28.08763458925609,51102700
6858,2013-05-24,28.120473861694336,28.128678050068416,27.816868809055265,27.83327718580342,33174400
6859,2013-05-28,28.73589134216309,28.867180267631323,28.23535133563577,28.243555524026014,48212100
6860,2013-05-29,28.621004104614254,28.73588148371601,28.36663052933622,28.506126725512505,38412200
6861,2013-05-30,28.744091033935547,28.924614452029555,28.56357074601594,28.59639062461761,51131000
6862,2013-05-31,28.63740921020508,28.949218275222314,28.547147538162623,28.5717632195658,56165700
6863,2013-06-03,29.20359230041504,29.236415296304205,28.579971029386705,28.653818074877574,51252600
6864,2013-06-04,28.71127319335937,29.326690565810416,28.53074976245119,29.228221532492523,65529500
6865,2013-06-05,28.5389404296875,28.629202102379715,28.25174704400604,28.391240079858992,46025100
6866,2013-06-06,28.686641693115234,28.809726365283318,28.300982438656845,28.588175833484712,37618500
6867,2013-06-07,29.269243240356445,29.35950493887738,28.76870650067734,28.924611078920925,40757300
6868,2013-06-10,29.105131149291992,29.252831524503588,28.834346084679503,29.13795102031504,35994500
6869,2013-06-11,28.588180541992188,28.867169798706225,28.456891664136972,28.76049660726957,39435900
6870,2013-06-12,28.7194766998291,28.9410273242773,28.596391976188585,28.83435410580049,37372700
6871,2013-06-13,28.48971939086914,28.73588568640007,28.38304618174184,28.71126999589926,45654900
6872,2013-06-14,28.227134704589844,28.465093625112363,28.10405002176817,28.350216257238007,53192600
6873,2013-06-17,28.7194766998291,28.8507656109642,28.415871679736924,28.46510306505349,49670100
6874,2013-06-18,28.703067779541016,28.858972397374497,28.637424883149222,28.694863591307605,28616500
6875,2013-06-19,28.383041381835938,28.793319515062723,28.383041381835938,28.68664632397511,30816200
6876,2013-06-20,27.48043441772461,28.169701898977447,27.3819653988498,28.112260072880066,54493700
6877,2013-06-21,27.29991340637207,27.677368621290277,27.119389986117955,27.619929920332044,85338500
6878,2013-06-24,27.66916847229004,28.06303524927594,26.725527167099404,27.029132220784916,56109000
6879,2013-06-25,27.62812614440918,28.210723433626,27.455810091200355,27.96455719616003,44073400
6880,2013-06-26,28.18610382080078,28.29277700174638,27.808648725360595,27.99737627308069,48665900
6881,2013-06-27,28.407655715942383,28.53894458711853,28.30918984510367,28.32560134527239,28993100
6882,2013-06-28,28.34200668334961,28.54714569559706,28.177894847517063,28.210717840718157,65545500
6883,2013-07-01,28.194313049316406,28.711264359570265,28.16969736364792,28.514329483701385,31055400
6884,2013-07-02,27.84968376159668,28.259961971503277,27.595313274766166,28.235346280564663,37630000
6885,2013-07-03,27.90711784362793,28.202518606717597,27.570689892369995,27.61992439627621,15994400
6886,2013-07-05,28.071229934692383,28.095848751915007,27.55428172562484,27.9727640563234,26085900
6887,2013-07-08,28.169700622558597,28.38304389343872,27.882504025781696,28.186108994786736,32396900
6888,2013-07-09,28.18610382080078,28.39124286791046,28.013787772470277,28.37483449869432,25318500
6889,2013-07-10,28.47331047058105,28.563572184172678,28.16149813185761,28.177909637071952,29658800
6890,2013-07-11,29.2856502532959,29.35129625312896,28.637413220899,28.71946759051676,53638300
6891,2013-07-12,29.269243240356445,29.318477747778967,28.949226767545166,29.19539617448373,35501200
6892,2013-07-15,29.679521560668945,29.720551882147355,29.195396321033883,29.26103920108604,34142600
6893,2013-07-16,29.761585235595703,29.89287415305748,29.50721158856209,29.548238788361136,36378500
6894,2013-07-17,29.32668685913086,29.8600466364042,29.1215477609086,29.81901944279459,37285100
6895,2013-07-18,29.08051872253418,29.44976974169063,28.89999843663776,29.310276651217286,49547100
6896,2013-07-19,25.765464782714844,26.807569984063544,25.45365411032187,26.586022561041496,248428500
6897,2013-07-22,26.266002655029297,26.266002655029297,25.92957630242248,26.011632235659462,79040700
6898,2013-07-23,26.11010360717773,26.29062701136867,26.019841905082263,26.183953806149106,65810400
6899,2013-07-24,26.2249813079834,26.41370890087381,26.167542611459105,26.29062732125356,52803100
6900,2013-07-25,25.75726318359375,25.97060802122737,25.64238579605527,25.945992332518856,63213000
6901,2013-07-26,25.94599151611328,25.94599151611328,25.609561985174924,25.65059074020984,38633600
6902,2013-07-29,25.880346298217773,25.92957923769853,25.765467352646784,25.82290604288881,28870700
6903,2013-07-30,26.134721755981445,26.356270795388077,25.88855389595933,26.07728305816909,45799500
6904,2013-07-31,26.12651634216309,26.298832437829567,26.01984313191389,26.233187987325124,43898400
6905,2013-08-01,25.98701477050781,26.331648435173797,25.9295760872446,26.3070327509677,42557900
6906,2013-08-02,26.167543411254883,26.175749163164458,25.904965610497097,26.00343306832484,29199900
6907,2013-08-05,26.011638641357425,26.257804936603225,25.962404130238557,26.17574898315891,30984000
6908,2013-08-06,25.91316795349121,25.98701814587513,25.749056067063183,25.888550701000923,36331500
6909,2013-08-07,26.307035446166992,26.33985531841308,25.642383732946456,25.880345805229908,38078600
6910,2013-08-08,26.98810386657715,27.135804292914905,26.29883625372588,26.454743998290603,59034400
6911,2013-08-09,26.83219146728516,26.99630335228782,26.643463895092943,26.889630157510013,26800700
6912,2013-08-12,26.9716854095459,27.053742919795067,26.63525744295919,26.63525744295919,25493700
6913,2013-08-13,26.63288307189941,26.89731107612971,26.61635592760621,26.864256787543308,39464100
6914,2013-08-14,26.732044219970703,27.566647714297805,26.19492618665496,26.55851392392549,48519600
6915,2013-08-15,26.2692928314209,26.59156423361347,25.484270890149407,26.442823101489186,33338000
6916,2013-08-16,26.277563095092773,26.43456784797282,26.161876211978832,26.269301097255127,32866300
6917,2013-08-19,25.93876266479492,26.418038888405547,25.93049909140839,26.24450857563476,27902500
6918,2013-08-20,26.128820419311523,26.360194158327904,25.92223582312382,25.980079257877915,22979600
6919,2013-08-21,26.120561599731445,26.45109512244356,26.06271815445104,26.120561599731445,37409100
6920,2013-08-22,26.76510238647461,26.84773812434253,26.52546347500426,26.599834062969848,31169900
6921,2013-08-23,28.71525764465332,29.087110532368342,28.0955038825385,29.06231823836691,225493800
6922,2013-08-26,28.21944999694824,28.64914307489652,28.1202871461325,28.42603454113606,72786800
6923,2013-08-27,27.48401641845703,28.178140866752184,27.39312183366136,27.69886618819877,58522300
6924,2013-08-28,27.28569221496582,27.76496681036936,27.269165069989064,27.591436516459314,44257400
6925,2013-08-29,27.72364997863769,27.76496626415148,27.1038962392394,27.21132110335965,45284700
6926,2013-08-30,27.599702835083008,27.66580826556181,27.343536805429675,27.574910540451576,42790200
6927,2013-09-03,26.34366798400879,26.500672724214617,25.856129769049907,26.236244683519818,154507000
6928,2013-09-04,25.78175926208496,26.004869437011013,25.70738867840446,25.938762426641173,142320600
6929,2013-09-05,25.806547164916992,25.98007904386518,25.57517342780657,25.699123869275063,71644900
6930,2013-09-06,25.740442276000977,25.938763313894203,25.72391512881433,25.872656301263127,75434900
6931,2013-09-09,26.1618709564209,26.269295820117023,25.781756087626007,25.79828165609712,49628500
6932,2013-09-10,26.76510238647461,26.773367536376945,26.269300568191404,26.36019672761504,56881200
6933,2013-09-11,27.05432510375977,27.21132829107584,26.880791615195168,26.91384591322951,39087500
6934,2013-09-12,27.01300048828125,27.087371068517854,26.93036791123203,27.037792783180624,32860200
6935,2013-09-13,27.2939567565918,27.32701104962773,26.864260403817312,27.079110156319995,40899000
6936,2013-09-16,27.10390281677246,27.682340411031312,27.046059372569704,27.5831806712882,52839700
6937,2013-09-17,27.21131896972656,27.65754238364039,27.186529830808112,27.61622294913593,84716500
6938,2013-09-18,27.533599853515625,27.599708449673575,27.12869573485792,27.26090977494247,64099900
6939,2013-09-19,27.798019409179688,27.83107369712228,27.533591410099746,27.66580540963972,42026600
6940,2013-09-20,27.09564208984375,27.66581456040739,27.0130063426546,27.60797111349071,102904900
6941,2013-09-23,27.05432510375977,27.244382589110177,26.856002467785096,26.889056765819436,39826100
6942,2013-09-24,26.814680099487305,27.16174069356597,26.566779224826732,27.16174069356597,40685000
6943,2013-09-25,26.8642578125,27.10389668554871,26.773363243765168,26.847733819806816,28907500
6944,2013-09-26,27.07910919189453,27.269166641735907,26.930368030761148,26.971684319469137,28504000
6945,2013-09-27,27.49227905273437,27.888921108002712,27.161742430562004,27.17000757984328,55348000
6946,2013-09-30,27.50054168701172,27.525333983199168,27.021267041210237,27.269167937468307,39839500
6947,2013-10-01,27.748445510864254,27.773234654620108,27.517068610963022,27.558384901299743,36718700
6948,2013-10-02,28.029396057128903,28.120293782379747,27.508805152524364,27.566648586369315,46946800
6949,2013-10-03,27.97981834411621,28.095505214170576,27.61622743568159,27.996345490156948,38703800
6950,2013-10-04,27.99634552001953,28.087243247225143,27.781495773491574,27.83933920858046,33008100
6951,2013-10-07,27.51706886291504,27.85586749034767,27.434436281485,27.764969759436077,35069300
6952,2013-10-08,27.27743530273437,27.541866549976405,27.10390495642716,27.525339400009305,41017600
6953,2013-10-09,27.32700729370117,27.558381008690063,27.23610957646112,27.32700729370117,35878600
6954,2013-10-10,27.89718437194824,28.00460925186737,27.484015151584945,27.525334595406065,42875100
6955,2013-10-11,28.20293426513672,28.211196263265577,27.831081304713017,27.831081304713017,30033300
6956,2013-10-14,28.46735954284668,28.50867583389889,27.91371115560797,28.012874036810427,27757900
6957,2013-10-15,28.500411987304688,28.91358117547985,28.48388484150999,28.64914999499546,47097800
6958,2013-10-16,28.624357223510746,28.839206939373064,28.558251800943346,28.591302936111877,35111600
6959,2013-10-17,28.855731964111328,28.913578545245905,28.401246528908796,28.46735510607376,31359200
6960,2013-10-18,28.888792037963867,28.913584335480863,28.368201073573267,28.77310515698818,41811700
6961,2013-10-21,28.91358184814453,29.087112154679847,28.847473263427755,28.90531669893953,27433500
6962,2013-10-22,28.574790954589844,29.00448426245332,28.52520950265252,28.93837881210189,40438500
6963,2013-10-23,27.89718437194824,28.500414207641928,27.82281378619361,28.38472417806617,58600500
6964,2013-10-24,27.8641357421875,28.178142108367457,27.740183704010853,27.946768332817744,53209700
6965,2013-10-25,29.525066375732425,29.98781694748582,29.31021980984393,29.649018378664877,113494000
6966,2013-10-28,29.392866134643555,29.52508019528162,29.14496516497616,29.425920437861038,38383600
6967,2013-10-29,29.35153579711914,29.516804081950635,29.13668608116909,29.44243351138798,31702200
6968,2013-10-30,29.368053436279297,29.57463793740299,29.27715575142818,29.359788290985925,36997700
6969,2013-10-31,29.26065444946289,29.49202828630509,29.202810990252345,29.46723913299545,41682300
6970,2013-11-01,29.359806060791016,29.49202009544257,29.244119174499808,29.47549294708222,40264600
6971,2013-11-04,29.698610305786133,29.731664608721985,29.376338732741168,29.40939303567702,28060700
6972,2013-11-05,30.277027130126957,30.33487054428084,29.558113874050363,29.57464101412713,51681900
6973,2013-11-06,31.54960823059082,31.5826625313678,30.62410987445659,30.7728510757214,88948800
6974,2013-11-07,30.987693786621094,31.409125035137404,30.929850343731232,31.36780874053482,60437400
6975,2013-11-08,31.21905899047852,31.21905899047852,30.855471284634422,31.128161275959904,36737800
6976,2013-11-11,31.062070846557617,31.219074059636267,30.86374817804028,31.14470345297125,26872500
6977,2013-11-12,30.871999740600582,31.070319169588625,30.7397857371984,30.88852688505467,31651600
6978,2013-11-13,31.533082962036133,31.533082962036133,30.49189764327814,30.558003096545534,44957600
6979,2013-11-14,31.417390823364254,31.508288564674466,31.169489898483608,31.29343878480829,46183700
6980,2013-11-15,31.26865577697754,31.417396991554607,31.16949601800346,31.35955353613374,50601300
6981,2013-11-18,30.739795684814453,31.0538052265968,30.63237078721469,30.86374457998509,53277500
6982,2013-11-19,30.58991813659668,30.99789292851408,30.53163284732867,30.6815020457048,44275000
6983,2013-11-20,30.873008728027344,31.147766849282394,30.689834529765687,30.73978881937346,32229900
6984,2013-11-21,31.139427185058597,31.247663544467976,31.02285982116741,31.031187649513303,23064700
6985,2013-11-22,31.28098487854004,31.372571981467576,31.081161359550475,31.247679899995923,27982000
6986,2013-11-25,31.33926773071289,31.597376556217483,31.28098560497599,31.58072406655871,30646800
6987,2013-11-26,31.097806930541992,31.347591063427625,31.097806930541992,31.28098111435487,34465300
6988,2013-11-27,31.30597686767578,31.439193668877586,31.214392897462535,31.280999709993903,26002100
6989,2013-11-29,31.747243881225582,31.880460614361184,31.489135071215237,31.489135071215237,22090400
6990,2013-12-02,32.0136833190918,32.28844149287518,31.688967670012325,31.713944819591347,42950400
6991,2013-12-03,31.897111892700195,32.04698110880821,31.70561304459269,31.755567332537144,52109800
6992,2013-12-04,32.421653747558594,32.454958726463325,31.73891756069958,31.813852175166428,51983600
6993,2013-12-05,31.639013290405277,32.37170711908077,30.956276941913917,32.346726790919526,116305000
6994,2013-12-06,31.9387321472168,32.096925972822724,31.630669149505717,31.988686420494247,36457300
6995,2013-12-09,32.23014450073242,32.36336119730051,31.94705862350815,32.10525563427666,30286000
6996,2013-12-10,31.7305908203125,32.38834981786711,31.65565621076656,32.1468935008705,37828600
6997,2013-12-11,31.314292907714844,31.88878955094912,31.131118684014982,31.6889660124928,39853400
6998,2013-12-12,30.98957252502441,31.33926525178522,30.956267548341277,31.33926525178522,36012800
6999,2013-12-13,30.548288345336918,31.18107017334547,30.490006226459453,31.15608985372851,40066100
7000,2013-12-16,30.71480941772461,30.80639651012585,30.42339882929992,30.58159269499658,31734200
7001,2013-12-17,30.40674591064453,30.897983164262023,30.248552047191737,30.756438611794024,45687700
7002,2013-12-18,30.456710815429688,30.473360130483464,29.58247249662356,30.27353658845881,63192100
7003,2013-12-19,30.18195343017578,30.431734478508183,30.04041200070481,30.398429491760304,34160100
7004,2013-12-20,30.639881134033203,30.74812073612365,30.13199128130633,30.14031911477214,62649100
7005,2013-12-23,30.490005493164062,30.714809307486497,30.431723375688303,30.64820253443014,25128700
7006,2013-12-24,30.873008728027344,30.947940162439,30.50666033150403,30.57327028583097,14243000
7007,2013-12-26,31.17273330688477,31.21436610213452,30.947929552308786,30.972909864685903,17612800
7008,2013-12-27,31.047849655151367,31.322607728275926,30.94793474116345,31.289305933083504,14563000
7009,2013-12-30,31.047849655151367,31.12278425257386,30.723134125032846,30.989567543393523,16290500
7010,2013-12-31,31.147768020629883,31.289312590828864,30.989574137360485,31.139443364094674,17503500
7011,2014-01-02,30.93961334228516,31.139440015152577,30.889655880034,31.097807208541337,30632200
7012,2014-01-03,30.731454849243164,30.989563579827845,30.473346118658487,30.972911096293043,31134800
7013,2014-01-06,30.08202171325684,30.714800161486018,30.06536923091709,30.68149519680652,43603700
7014,2014-01-07,30.315155029296875,30.381764969456565,30.14863335503441,30.248548265273943,35802800
7015,2014-01-08,29.773956298828125,30.090347118923837,29.624090306294715,29.973782915766552,59971700
7016,2014-01-09,29.58247184753418,29.898862820958644,29.47423542136985,29.873885672788088,36516300
7017,2014-01-10,30.00710105895996,30.098688166271728,29.76564471716307,29.890536804613248,40548800
7018,2014-01-13,29.124534606933597,29.990444928600294,28.99964571078036,29.965467784597116,45901900
7019,2014-01-14,29.79061889648437,29.873881338535877,28.833124633922672,28.916383899836767,41623300
7020,2014-01-15,30.606569290161133,30.63154960881986,29.848898597680723,29.890531403399557,44812600
7021,2014-01-16,30.71480941772461,30.80639651012585,30.231899988886955,30.54828772028027,38018700
7022,2014-01-17,30.290180206298828,30.664853208008942,30.098681377899656,30.664853208008942,46267500
7023,2014-01-21,30.11533737182617,30.6565321806457,30.02375344098171,30.6565321806457,31567300
7024,2014-01-22,29.91551971435547,30.24023539291152,29.76565045100062,30.190277913080465,21904300
7025,2014-01-23,30.02375602722168,30.082038159205705,29.574148286655205,30.048733176318265,43954000
7026,2014-01-24,30.648197174072266,31.26432321566641,30.415065568806668,31.18106396987368,76395500
7027,2014-01-27,29.9987735748291,30.71481477544595,29.95714393724068,30.69816228518303,44420800
7028,2014-01-28,30.198591232299805,30.298502967799244,29.76563614361983,30.073699180822903,36205500
7029,2014-01-29,30.5233097076416,30.70648388722509,29.89053108674689,29.957137858144545,52745900
7030,2014-01-30,30.689838409423828,30.70649090011069,30.16529606927012,30.63155628008873,35036300
7031,2014-01-31,31.50579261779785,31.547422258060152,30.440058581620693,30.7647742222598,93162300
7032,2014-02-03,30.373435974121094,31.63067154926087,30.331806351186064,31.422520258449072,64063100
7033,2014-02-04,30.265195846557617,30.96458429762757,30.18193660224743,30.781413324917843,54697900
7034,2014-02-05,29.823925018310547,30.365119795942025,29.807272529260924,30.215250570632925,55814400
7035,2014-02-06,30.12366104125977,30.18194316016773,29.715683032766755,29.80727012708992,35351800
7036,2014-02-07,30.440046310424805,30.46502344928564,29.982110923731582,30.240219671128063,33260500
7037,2014-02-10,30.639881134033203,30.639881134033203,30.215253735275084,30.49833972649312,26767000
7038,2014-02-11,30.94793510437012,31.022869702672047,30.689829513881065,30.706481999741158,32141400
7039,2014-02-12,31.19772720336914,31.30596362496499,31.05618262538865,31.09781226262842,27051800
7040,2014-02-13,31.314292907714844,31.522444279687274,31.08116438746984,31.08116438746984,37635500
7041,2014-02-14,31.322622299194336,31.45583907034556,31.08116908507786,31.131123389173094,31407500
7042,2014-02-18,31.38971519470215,31.691701223077548,31.381328116115576,31.56587584455692,32834000
7043,2014-02-19,31.465227127075195,31.666552311339515,31.21357304671123,31.221963329364662,29750400
7044,2014-02-20,31.666553497314453,31.767214493238946,31.372957592553284,31.515560403450035,27526100
7045,2014-02-21,31.859479904174805,32.16985309209019,31.75881893511256,31.825925181169215,38021300
7046,2014-02-24,31.61620712280273,31.85947401973007,31.490381734703504,31.61620712280273,32085100
7047,2014-02-25,31.49039077758789,31.750431907639584,31.33100742695766,31.54910994888697,30736500
7048,2014-02-26,31.43166732788086,31.658156900614426,31.19678747470101,31.523941213063544,41041800
7049,2014-02-27,31.75881576538086,31.78398020514622,31.230340130628907,31.41488788878608,33903400
7050,2014-02-28,32.13630294799805,32.262128364736355,31.725265573428416,31.8594812712554,41215000
7051,2014-03-03,31.69170570373535,31.98530469503399,31.44844199088739,31.809144020273155,29717500
7052,2014-03-04,32.22016906738281,32.278888203307346,31.934960464340968,32.04401165960921,26802400
7053,2014-03-05,31.968530654907227,32.102746344879826,31.817537603693747,32.08596898363894,20520100
7054,2014-03-06,32.00205612182617,32.07755257841574,31.7839538250334,31.9936658488987,23582200
7055,2014-03-07,31.7923641204834,32.17823371942412,31.61620347752911,32.11112429354562,26591600
7056,2014-03-10,31.725250244140625,31.884630308313668,31.64136667351336,31.867856154150697,19006600
7057,2014-03-11,31.893030166625977,32.06918763783617,31.6413761791894,31.76720157293065,25216400
7058,2014-03-12,32.10274887084961,32.23696457138283,31.700101769249965,31.708488850553103,30494100
7059,2014-03-13,31.78396797180176,32.25372426632705,31.57425585459541,32.22855663629427,32169700
7060,2014-03-14,31.624589920043945,31.993682117748435,31.46520665289063,31.582648133933716,27195600
7061,2014-03-17,31.918190002441406,32.220176023797336,31.70009076476968,31.7923646268455,20479600
7062,2014-03-18,33.176475524902344,33.470074579077824,32.060808078908984,32.0943596051379,64063900
7063,2014-03-19,32.94160079956055,33.17647749689805,32.63961464586661,33.10937124049662,35597200
7064,2014-03-20,33.83076095581055,34.09919221517127,32.91641597862775,32.92480305550332,59269800
7065,2014-03-21,33.688175201416016,34.34247638751368,33.56234657334111,34.15793178628007,80721800
7066,2014-03-24,33.97338104248047,34.090819378535805,33.43651824911056,33.83916534413799,46098400
7067,2014-03-25,33.83915328979492,34.384406170053175,33.52038991979994,34.10758459085801,43193100
7068,2014-03-26,33.3777961730957,34.14953557133972,33.2184128452312,33.95660072177871,41977500
7069,2014-03-27,33.017093658447266,33.52879200629715,33.000316296227886,33.33585714070623,35369200
7070,2014-03-28,33.80561828613281,34.09082710978567,33.28553273710303,33.37780665063122,43472700
7071,2014-03-31,34.3844108581543,34.812222302567555,33.889489979348554,33.91465441726876,46886300
7072,2014-04-01,34.7451171875,34.88772315333506,34.45152137541952,34.51863081815469,32605000
7073,2014-04-02,34.68638610839844,34.946430309726175,34.535393114073074,34.76188260556112,28666700
7074,2014-04-03,34.40119171142578,34.63607157755421,34.14953768338886,34.63607157755421,30139600
7075,2014-04-04,33.44490432739258,34.719955023389566,33.25196946680781,34.60251669085576,51409600
7076,2014-04-07,33.386173248291016,33.78043310965029,33.33584438085173,33.52038889471813,37559600
7077,2014-04-08,33.402957916259766,33.49523179336916,32.88287257249808,33.3442387580909,35918600
7078,2014-04-09,33.94820785522461,34.015314087134435,33.45328699506853,33.4952287900064,27398700
7079,2014-04-10,33.017093658447266,34.13276104642168,32.79060406841758,33.92304881861137,45960800
7080,2014-04-11,32.891258239746094,33.37779204362726,32.71510077280457,32.71510077280457,34330200
7081,2014-04-14,32.8661003112793,33.05903517518457,32.63122364216934,32.80738114400181,32006600
7082,2014-04-15,33.344234466552734,33.52039191838714,32.75703976048433,33.00030664156254,33968700
7083,2014-04-16,33.88949203491211,33.90626619457371,33.47845472421159,33.604283321352646,30615800
7084,2014-04-17,33.56234359741211,33.72172693883534,33.14291914095882,33.56234359741211,36688400
7085,2014-04-21,33.50361633300781,33.67977699411268,33.37779094645163,33.66299963591441,22221200
7086,2014-04-22,33.54557418823242,33.671399623023994,33.41135847114835,33.520406541310024,27056700
7087,2014-04-23,33.293907165527344,33.54556436129953,33.10936260856969,33.54556436129953,24602800
7088,2014-04-24,33.43650436401367,33.52877821829728,32.96674801491226,33.3358434320467,42381600
7089,2014-04-25,33.47845458984375,34.124368532664064,33.34423891341058,33.79721802135534,56876800
7090,2014-04-28,34.28374099731445,34.63605906929578,33.629440120717824,33.67138191025161,50610200
7091,2014-04-29,33.98176574707031,34.552183225121325,33.88110478034203,34.4766867000865,29636200
7092,2014-04-30,33.88949203491211,33.97337563303671,33.69655399930805,33.88949203491211,35458700
7093,2014-05-01,33.553955078125,33.855941185820846,33.51201327426825,33.75528021657374,28787400
7094,2014-05-02,33.293907165527344,33.839160156428186,33.268742725931794,33.81399571683264,43416600
7095,2014-05-05,33.0758056640625,33.25196312928922,32.9667544332276,33.15130217772452,22460900
7096,2014-05-06,32.76543045043945,33.00869413461777,32.67315658404772,32.95836526200683,27112400
7097,2014-05-07,33.067405700683594,33.14290219223574,32.30405370830217,32.8996385638593,41744500
7098,2014-05-08,33.2519645690918,33.47006704020539,32.6899374319031,33.00031057930649,32120400
7099,2014-05-09,33.1680793762207,33.42812043317056,33.02547342890122,33.1680793762207,29647600
7100,2014-05-12,33.528778076171875,33.570719864317546,33.26034679209559,33.33584329073913,22782600
7101,2014-05-13,34.14545822143555,34.21304108397053,33.663941604722666,33.72307499817665,27004800
7102,2014-05-14,33.993408203125,34.170808409462005,33.832900492366896,34.044092134919154,18818700
7103,2014-05-15,33.45275115966797,34.12856691847206,33.37672204792893,33.866688150809054,37793200
7104,2014-05-16,33.64706039428711,33.655506643672084,33.17398986549503,33.5118946238928,29867100
7105,2014-05-19,33.5794677734375,33.63860116957587,33.33448471941944,33.46120098116076,24537400
7106,2014-05-20,33.52033233642578,33.73997019120597,33.33448268986149,33.52033233642578,21320900
7107,2014-05-21,34.086326599121094,34.086326599121094,33.57102174689352,33.62170567390007,22398700
7108,2014-05-22,33.87512969970703,34.086321289412254,33.6639381100018,34.03563737030087,20201800
7109,2014-05-23,33.89202880859375,34.1032204194543,33.79065773768859,34.1032204194543,18020000
7110,2014-05-27,33.951168060302734,34.01030146374524,33.63015907662307,34.01030146374524,26160600
7111,2014-05-28,33.79911804199219,33.95117632285836,33.63861351109104,33.90893862762433,25711500
7112,2014-05-29,34.077877044677734,34.08632329084959,33.71462723125367,33.917372587187515,19888200
7113,2014-05-30,34.58474349975586,34.61008868911641,34.00185570492468,34.17080966970337,34567600
7114,2014-06-02,34.45803451538086,34.711463881235204,34.36510966264411,34.59319705867179,18504300
7115,2014-06-03,34.035640716552734,34.365099113279484,34.00184928547095,34.29751625111593,18068900
7116,2014-06-04,34.06098175048828,34.10321942692547,33.67238997122109,33.968056928809574,23209000
7117,2014-06-05,34.81282043457031,34.846611861903696,34.128561754972594,34.28906620101436,31865200
7118,2014-06-06,35.040924072265625,35.192982343631485,34.8381818587974,35.040924072265625,24060500
7119,2014-06-09,34.86351776123047,35.04091797276784,34.65232611248727,34.964888850319134,15019200
7120,2014-06-10,34.728355407714844,34.77059309316786,34.51716375792094,34.66077253296695,15117700
7121,2014-06-11,34.51715850830078,34.69455869374044,34.44112939703688,34.576291903447334,18040000
7122,2014-06-12,34.28062438964844,34.534053682374186,34.03564134358462,34.474920288155786,29818900
7123,2014-06-13,34.82971954345703,35.116940258733486,34.51715686647413,34.71989900518211,26310000
7124,2014-06-16,35.05782699584961,35.1507518721663,34.669234988098005,34.669234988098005,24205300
7125,2014-06-17,35.20988082885742,35.404176808069,34.07789317679852,34.88042228921477,22518600
7126,2014-06-18,35.18452835083008,35.26055746978077,34.787487038251044,35.15073691517895,27097000
7127,2014-06-19,35.06626510620117,35.28590625787297,34.91421006142823,35.11695226947835,19828200
7128,2014-06-20,35.20988082885742,35.336597139118275,34.95645143086535,35.01558484964585,47764900
7129,2014-06-23,35.47174453735352,35.48019078391344,35.2183120251601,35.252103456456325,18743900
7130,2014-06-24,35.26900100708008,35.429505480295475,35.108496533864674,35.33658387318872,26509100
7131,2014-06-25,35.50553131103516,35.522427026000365,35.02401471337514,35.22676007042952,20049100
7132,2014-06-26,35.24365997314453,35.42950641478837,34.99867691083162,35.421060167566225,23604400
7133,2014-06-27,35.69139099121094,35.725182430645084,35.066262251795294,35.15074085038067,74640000
7134,2014-06-30,35.22675704956055,35.65758646537918,35.22675704956055,35.62379503834654,30793100
7135,2014-07-01,35.3703727722168,35.606909585672945,35.21831454304088,35.361926525053015,26917000
7136,2014-07-02,35.395721435546875,35.395721435546875,35.08315547680064,35.25210943942829,20208100
7137,2014-07-03,35.31124496459961,35.471752688877736,35.10850277528797,35.404169810754524,15969300
7138,2014-07-07,35.47174453735352,35.581561855273854,35.235207740808214,35.26899917210444,21952400
7139,2014-07-08,35.29433059692383,35.480180191038,35.15072189058273,35.370359683377146,31218200
7140,2014-07-09,35.201416015625,35.47174424120963,35.08314922960385,35.463294772191986,18445900
7141,2014-07-10,35.21831130981445,35.48019006324858,34.67766131016946,34.947986309991954,21854700
7142,2014-07-11,35.55622863769531,35.55622863769531,35.04092046254292,35.226770157851405,24083000
7143,2014-07-14,35.59846115112305,35.86033993621401,35.51398578691491,35.66604402051242,21881100
7144,2014-07-15,35.860347747802734,35.877243468830535,35.505544051277504,35.758976644165216,28748700
7145,2014-07-16,37.23731994628906,37.43161591239586,35.88569121061261,35.91103318194368,63318000
7146,2014-07-17,37.61744689941406,38.61427151288968,37.3809133377514,38.39463366599265,82180300
7147,2014-07-18,37.75261306762695,37.87932932943224,37.380916974208326,37.71882485733682,43407500
7148,2014-07-21,37.87934494018555,38.14967006908279,37.35559040576336,37.64281125803289,37604400
7149,2014-07-22,37.87087631225586,38.14120128142088,37.668130974118185,38.01448504226885,43095800
7150,2014-07-23,37.90467071533203,38.39463681615124,37.69347909722617,38.39463681615124,52362900
7151,2014-07-24,37.50763320922852,38.0144918110309,37.44005034363972,37.95535841490491,30725300
7152,2014-07-25,37.59211730957031,37.727279849647374,37.423163328841696,37.423163328841696,26737700
7153,2014-07-28,37.14438247680664,37.60055391853393,37.11059104481845,37.4738408823707,29684200
7154,2014-07-29,37.07678985595703,37.24574374890892,36.86559829539904,37.09368556750497,27763100
7155,2014-07-30,36.8149299621582,37.25420575818182,36.5699468748355,37.22886379139976,31921400
7156,2014-07-31,36.46012496948242,36.907850219601855,36.39254531971379,36.64597464577142,31537500
7157,2014-08-01,36.20670318603516,36.536161700796015,35.98706202784166,36.50237025760788,31170300
7158,2014-08-04,36.63751602172852,36.72199459099356,36.16444892395592,36.29961141225208,34277400
7159,2014-08-05,36.39255142211914,36.7135604517731,36.18135974456978,36.58684737876104,26266400
7160,2014-08-06,36.10532379150391,36.46857044354508,35.657595328354674,36.10532379150391,24634000
7161,2014-08-07,36.519264221191406,36.7051139272501,36.02930120866745,36.18980572229044,30314900
7162,2014-08-08,36.49391174316406,36.59528281613019,36.24892869617831,36.51925370577352,28942700
7163,2014-08-11,36.49391174316406,36.70510335831833,36.34185352245072,36.54459566838297,20351600
7164,2014-08-12,36.76425552368164,36.82338894831464,36.32497635317224,36.3587678022568,21431100
7165,2014-08-13,37.23731994628906,37.32179533241222,36.764249405422895,36.8994119567376,22889500
7166,2014-08-14,37.3978157043457,37.52452875383384,37.17817459585373,37.23731121931593,19313200
7167,2014-08-15,37.83708953857422,37.93001436237629,37.5076311432965,37.65968935996748,41611300
7168,2014-08-18,38.107418060302734,38.107418060302734,37.744168200544784,37.96380607683799,26891100
7169,2014-08-19,38.532447814941406,38.54094681752585,38.10742634727687,38.22643183939791,28139500
7170,2014-08-20,38.20942306518555,38.5919429592672,38.16692157532221,38.5409392258377,24770500
7171,2014-08-21,38.438941955566406,38.464442205566456,38.107425734940136,38.11592473738802,22285500
7172,2014-08-22,38.37942886352539,38.65144226571357,38.31142389165058,38.54943480790136,18294500
7173,2014-08-25,38.39643859863281,38.62595058487091,38.28593534954733,38.59195133119812,16910000
7174,2014-08-26,38.26042556762695,38.59194498836565,38.20092283015857,38.51544100552688,14873100
7175,2014-08-27,38.14141845703125,38.251924925871855,38.04791323283196,38.16692194532114,21287900
7176,2014-08-28,38.1499252319336,38.23492822258053,37.9204132659994,38.0394187499676,17657600
7177,2014-08-29,38.61745071411133,38.62594971667436,38.13292650160709,38.32843598712139,21607600
7178,2014-09-02,38.32843399047852,38.64294895142999,38.12442227037231,38.617448702412815,22976800
7179,2014-09-03,38.21793365478516,38.34544140569471,37.85241489434504,37.85241489434504,33684500
7180,2014-09-04,38.47293472290039,38.48143696657152,38.01391408699138,38.03091533167776,26475500
7181,2014-09-05,39.02546691894531,39.04246816497916,38.345433290871846,38.345433290871846,36939400
7182,2014-09-08,39.50149917602539,39.78201167933528,39.09347892588403,39.11897917818765,45736700
7183,2014-09-09,39.74800491333008,39.926516388258335,39.45899019517999,39.501494934664464,40302400
7184,2014-09-10,39.81600189208984,39.90100486864495,39.33997679247643,39.79900064824768,27302400
7185,2014-09-11,39.95201110839844,39.95201110839844,39.50148946759192,39.73100140988653,29216400
7186,2014-09-12,39.69700241088867,39.96901586804908,39.61199617886593,39.87551063415215,38244700
7187,2014-09-15,39.30598449707031,39.70550244870422,39.186975769133454,39.56099671447959,37667600
7188,2014-09-16,39.74800491333008,39.82450890468323,39.34848695195816,39.43348994561439,27910600
7189,2014-09-17,39.54398727416992,39.68849297845316,39.29747410993376,39.32297435359419,38311900
7190,2014-09-18,39.679988861083984,39.80749654825426,39.49297845127563,39.60348489731286,35556600
7191,2014-09-19,40.39403533935547,40.4365368319756,39.611994255989615,39.79050571324384,202522400
7192,2014-09-22,40.003021240234375,40.27503471697403,39.93501624972125,40.2070297264609,38686100
7193,2014-09-23,39.578006744384766,39.93502327945477,39.50150273791877,39.82451677174677,33430300
7194,2014-09-24,40.02002716064453,40.045527413736174,39.39099389557721,39.637507150985805,26582700
7195,2014-09-25,39.13596725463867,40.02851145407065,39.12746501162808,39.85000326271538,33077400
7196,2014-09-26,39.45048522949219,39.62899343478057,38.89795612627861,39.04246508483767,27078800
7197,2014-09-29,39.475982666015625,39.577990126912105,38.897953358224775,39.08496379387935,26091000
7198,2014-09-30,39.407997131347656,39.51000139151204,39.11048011210415,39.416496135254285,33033100
7199,2014-10-01,39.0169792175293,39.55250403074418,38.97447446880619,39.33149425360651,38088400
7200,2014-10-02,38.8979606628418,39.18697537101106,38.79595642544565,38.957466647533806,25119400
7201,2014-10-03,39.17847442626953,39.3569826435252,38.77045425426111,39.084969195519584,32453200
7202,2014-10-06,39.17847442626953,39.3569826435252,39.0339654580225,39.20397467369003,20604000
7203,2014-10-07,38.70245361328125,39.042472082765805,38.608948372040174,38.98296933700447,25723700
7204,2014-10-08,39.76499176025391,39.858496965007966,38.54093158453621,38.65993702962131,33031000
7205,2014-10-09,38.97446441650391,39.78200579410577,38.88096242433748,39.52699358082524,34422800
7206,2014-10-10,37.42738723754883,39.20397699921432,37.359385492841696,38.76195430932102,51978100
7207,2014-10-13,37.104373931884766,37.87791284221719,36.96836719740839,37.24887966860376,37100200
7208,2014-10-14,37.17237091064453,37.72490002259018,37.02786519245758,37.29137638271752,38115700
7209,2014-10-15,36.73885726928711,36.88336301404702,35.78680683232006,36.55184678297992,60218700
7210,2014-10-16,36.33083724975586,36.61985198357573,35.88881452493391,36.15232576514908,49040400
7211,2014-10-17,37.08736801147461,37.35087920232414,36.37333193478313,36.72184935062921,40683300
7212,2014-10-20,37.46990585327149,37.52090637002623,36.39035059897721,36.602861399208585,34527900
7213,2014-10-21,38.1499252319336,38.23492822258053,37.563393571438574,37.70790254672584,36433800
7214,2014-10-22,37.72489929199219,38.31142763984549,37.59739157857997,38.25192490496135,33570900
7215,2014-10-23,38.26892852783203,38.63444720349611,37.85240611510225,37.92891009937278,45451900
7216,2014-10-24,39.21249008178711,39.867023674111245,38.40494846826216,39.80752091505061,61076700
7217,2014-10-27,39.02546691894531,39.18697389228272,38.855457701262914,38.855457701262914,30371300
7218,2014-10-28,39.51850509643555,39.527004100655816,38.90647302754932,38.982977036160094,29049800
7219,2014-10-29,39.629005432128906,39.6970104314872,39.39099441968857,39.47599742622959,30276100
7220,2014-10-30,39.14446258544922,39.37397448538598,38.9064516859542,39.37397448538598,30073900
7221,2014-10-31,39.909515380859375,39.92651662822407,39.50999417442991,39.90101313584884,35849700
7222,2014-11-03,40.32602691650391,40.343028160632656,39.72249734188419,39.85850405225843,23130400
7223,2014-11-04,40.436553955078125,40.57256073464907,40.16454039593623,40.20704190655389,21530800
7224,2014-11-05,40.68303680419922,40.71703928430468,40.17300933058231,40.63203308404103,22449600
7225,2014-11-06,41.3970947265625,41.53310147678405,40.62355572667927,40.68305847723516,33037800
7226,2014-11-07,41.38010025024414,41.58410878763874,41.04858394498498,41.58410878763874,28000600
7227,2014-11-10,41.55859756469727,41.779610538320895,41.2695828441054,41.35458908113617,36370100
7228,2014-11-11,41.54159927368164,41.60960426814597,41.35459202421796,41.52459802506556,23445200
7229,2014-11-12,41.465091705322266,41.58409719272965,41.24408197765946,41.27808447196338,22722100
7230,2014-11-13,42.17063903808594,42.20464154058832,41.40559894506795,41.4906052013239,26210400
7231,2014-11-14,42.1451301574707,42.544648130811794,41.98361992496628,42.28113689698912,29081700
7232,2014-11-17,42.04310989379883,42.25562056237968,41.77109649742778,42.00060840861375,30318600
7233,2014-11-18,41.69240951538086,42.19709821313893,41.65819255818504,42.02601669026848,23995500
7234,2014-11-19,41.24759292602539,41.70095612275509,40.9995249167133,41.623969611696445,26177500
7235,2014-11-20,41.6581916809082,41.6581916809082,40.94820451803543,41.059407995025694,21510600
7236,2014-11-21,41.04230117797852,41.95758359053174,40.69158551768344,41.93192250369096,42884800
7237,2014-11-24,40.70869064331055,41.05940627471608,40.53760913121088,41.05085366750989,35434200
7238,2014-11-25,40.60604095458984,41.033743081305616,40.58893247794822,40.768566588022864,28008000
7239,2014-11-26,40.84556198120117,41.05086048242437,40.44352085048976,40.62315826272593,27163600
7240,2014-11-28,40.89687728881836,41.23048441542423,40.72579579070792,41.01663335856322,21534400
7241,2014-12-01,41.58974838256836,41.72661291447511,40.81133074551602,40.95675114616509,31191600
7242,2014-12-02,41.45289993286133,41.957588701900846,41.23049620589384,41.77795454591452,25773500
7243,2014-12-03,41.12783050537109,41.48709865942911,40.89687100785908,41.43577323894611,23534800
7244,2014-12-04,41.7779426574707,41.96613263196688,41.2304844732362,41.39301010195951,30320400
7245,2014-12-05,41.41866302490234,41.88913786845645,41.38444934245911,41.76082595419487,27313400
7246,2014-12-08,40.80278778076172,41.35879864539741,40.58893669518447,41.28181212406526,26663100
7247,2014-12-09,40.70869064331055,40.99097236463284,40.24677153957397,40.2980969721364,24330500
7248,2014-12-10,40.11846923828125,40.7685751720039,39.94738769895141,40.700144514137335,30431800
7249,2014-12-11,40.34941101074219,40.836994364060814,39.9302648168244,40.27242777207415,29060400
7250,2014-12-12,40.16122817993164,40.82844241734092,39.92171278300649,40.01580776789408,34248400
7251,2014-12-15,39.92170333862305,40.7771073434423,39.81905577171479,40.37506968009023,29247800
7252,2014-12-16,38.63004684448242,39.63942388654315,38.60438576712566,39.26304727851157,47801400
7253,2014-12-17,39.12619018554688,39.30582428734744,38.40765051523648,38.53595918947627,34970900
7254,2014-12-18,40.6488151550293,40.6488151550293,39.63943775970286,39.844736239730544,40105600
7255,2014-12-19,40.76856231689453,41.144938974254245,40.34941284085774,40.74290123617463,64551200
7256,2014-12-22,41.04230117797852,41.16205726738044,40.81134160708536,40.87121965178632,26566000
7257,2014-12-23,41.4443359375,41.74372611522282,41.17060684269394,41.37590203224438,23648100
7258,2014-12-24,41.17915725708008,41.60685935283389,41.12783509397876,41.60685935283389,11437800
7259,2014-12-26,40.95674896240234,41.41011208833797,40.90542354200848,41.41011208833797,13197800
7260,2014-12-29,40.58892440795898,40.87120605865116,40.426395543732085,40.80277542879848,14439500
7261,2014-12-30,40.22110366821289,40.73434485480266,40.06713065961439,40.58037184620415,16384700
7262,2014-12-31,39.7335205078125,40.58036872690148,39.7335205078125,39.973032608062695,21552500
7263,2015-01-02,39.99870300292969,40.56326970152298,39.81051627880419,39.91316387951886,27913900
7264,2015-01-05,39.6308708190918,39.97303047791457,39.56243692946277,39.665084500798855,39673900
7265,2015-01-06,39.04921722412109,39.990160880778056,38.95512220583355,39.673662125445695,36447900
7266,2015-01-07,39.54534530639648,39.74208792824616,38.912347873159945,39.33149420485003,29114100
7267,2015-01-08,40.70869064331055,40.8455552003686,39.964489818251685,39.99015090297869,29645200
7268,2015-01-09,40.36653518676758,40.90544090882414,40.11847037398133,40.72580675584163,23944200
7269,2015-01-12,39.86183166503906,40.66591364596167,39.65653649854109,40.56326279960484,23651900
7270,2015-01-13,39.65654373168945,40.98241973944024,39.39992309520679,40.17834087496565,35270600
7271,2015-01-14,39.31437683105469,39.55389222951512,39.0235392682234,39.31437683105469,29719600
7272,2015-01-15,38.903785705566406,39.67365085178215,38.84390766787277,39.53678629946695,32750800
7273,2015-01-16,39.553897857666016,39.588111551078846,38.63861221781566,38.75837156564057,35695300
7274,2015-01-20,39.68220138549805,39.904608310833325,38.980770183640296,39.60521487489863,36161900
7275,2015-01-21,39.2801628112793,39.46835279630728,38.90378610433168,39.2972712883826,39081100
7276,2015-01-22,40.315189361572266,40.32374196536547,39.41701586035754,39.67363639454645,35898000
7277,2015-01-23,40.35796737670898,40.537601462030445,40.032912891526486,40.51194038215818,26211600
7278,2015-01-26,40.212547302246094,40.31519814878141,39.55388898407092,40.20399469658874,42525500
7279,2015-01-27,36.49154281616211,36.95346186445597,36.0210711616886,36.73961081577637,169164000
7280,2015-01-28,35.234100341796875,36.60274911749204,35.20843925815721,36.5599795570565,84507100
7281,2015-01-29,35.9355354309082,36.02963043182811,34.891944339244965,35.01170042655807,63585300
7282,2015-01-30,34.5583381652832,35.567715592045936,34.515565335910026,35.54205124180027,78004900
7283,2015-02-02,35.31108474731445,35.38807125674468,34.41291097936716,34.720857017088086,50352500
7284,2015-02-03,35.584815979003906,35.86710095163727,35.114344287723256,35.610480325766765,52082400
7285,2015-02-04,35.79011154174805,36.10661017927648,35.37951792095516,35.87565065574772,41614800
7286,2015-02-05,36.3119010925293,36.47442668067478,35.80721259311112,36.115158560635074,36548200
7287,2015-02-06,36.27769088745117,36.60274538722918,36.05528723798704,36.50865040599544,34616600
7288,2015-02-09,36.23492431640625,36.55997884296224,36.10661237449756,36.13227672074424,31381100
7289,2015-02-10,36.44023132324219,36.585651788764245,36.08096299038056,36.55999069730535,29670700
7290,2015-02-11,36.25202178955078,36.482981257020015,36.10660141531879,36.482981257020015,38262500
7291,2015-02-12,36.85936737060547,36.85936737060547,36.363231364785925,36.49154330094149,33268800
7292,2015-02-13,37.52658081054688,37.52658081054688,36.9106920141552,37.107434585804704,40264900
7293,2015-02-17,37.54380416870117,37.90562905038026,37.2078196961469,37.87978535492591,33695700
7294,2015-02-18,37.50074005126953,37.647195378068496,37.38013171527667,37.58689121007206,27111700
7295,2015-02-19,37.47489547729492,37.50073918117072,37.08722348750506,37.19921834818449,27603400
7296,2015-02-20,37.7850227355957,37.80225296224427,37.29397277826551,37.483498698740334,29721100
7297,2015-02-23,38.03485870361328,38.069315872946206,37.60411286681735,37.64718679323095,32518800
7298,2015-02-24,37.9831657409668,38.16407819284639,37.83671045635256,38.03485642135942,25271700
7299,2015-02-25,37.89701461791992,37.98316245813225,37.733329120655256,37.86255416730321,29759800
7300,2015-02-26,37.95731735229492,38.10376933247752,37.810862085783,37.89701320912217,28957300
7301,2015-02-27,37.77641296386719,38.07793705647358,37.61273070993593,38.01763289521836,33807700
7302,2015-03-02,37.80227279663086,38.06933323398271,37.51797883725852,37.621356965061445,31924000
7303,2015-03-03,37.28537368774414,37.75919692925493,37.12169138652394,37.52659368878543,31748600
7304,2015-03-04,37.095829010009766,37.225050776578,36.940760261064206,37.05275180149075,25748700
7305,2015-03-05,37.13890075683594,37.25089557703214,36.88906742190958,37.10444030657104,23193500
7306,2015-03-06,36.49279022216797,37.13890901990797,36.31187774752001,37.04414440375994,36248800
7307,2015-03-09,36.9149284362793,37.15614841498032,36.34634388545632,36.34634388545632,32108000
7308,2015-03-10,36.20850372314453,36.79431848157429,36.20850372314453,36.484180869896086,39159700
7309,2015-03-11,36.16542053222656,36.50140176347352,36.04481222217176,36.44971436563859,32215300
7310,2015-03-12,35.338401794433594,35.881142667849765,35.20056320760279,35.60546549418815,59992500
7311,2015-03-13,35.648529052734375,35.72606344063829,34.985180019851974,35.06271440775589,58007700
7312,2015-03-16,35.80360794067383,35.87252559031408,35.56238795110519,35.72607353087161,35273500
7313,2015-03-17,35.92420959472656,36.03620445163459,35.45038975041944,35.63991571634399,31673400
7314,2015-03-18,36.613399505615234,36.89769336156794,35.60545573195799,35.69160359273322,44194800
7315,2015-03-19,36.43247985839844,36.6909266762071,36.37217571045407,36.40663287618686,33879100
7316,2015-03-20,36.94076156616211,37.02690941358449,36.60478036035322,36.66508451081484,71904500
7317,2015-03-23,36.92354202270508,37.15614522164154,36.85462109576212,36.940772254440816,26246100
7318,2015-03-24,36.958003997802734,37.19060391992213,36.82877889766457,36.85462260315988,25513300
7319,2015-03-25,35.71744918823242,36.98384318404819,35.7002189578974,36.97522642571548,43469900
7320,2015-03-26,35.502079010009766,35.84667707095047,35.25224558014429,35.51069576901515,37495600
7321,2015-03-27,35.295318603515625,35.6916040260209,35.17471028243404,35.4245403962472,34401400
7322,2015-03-30,35.28669738769531,35.78636412485827,35.2436234622264,35.4073056935402,35049700
7323,2015-03-31,35.02824783325195,35.34699880060895,34.9248697628742,35.131625903629704,34887200
7324,2015-04-01,35.079933166503906,35.114390327159875,34.72672180072966,34.97655182554868,36865300
7325,2015-04-02,34.709510803222656,35.09718283071784,34.5630554655774,35.02826189857162,37487500
7326,2015-04-06,35.79499053955078,35.99313329742374,34.61474746598968,34.752586049133086,39223700
7327,2015-04-07,35.77775192260742,36.105119713240015,35.58822596915089,35.846672841195456,28809400
7328,2015-04-08,35.682987213134766,35.915590383290024,35.35562270965428,35.717447672342274,24753400
7329,2015-04-09,35.73469543457031,35.85530381464078,35.53655262640714,35.53655262640714,25723900
7330,2015-04-10,35.94143295288086,36.13957563947259,35.67436935634599,35.86389857235976,28022000
7331,2015-04-13,35.97590255737305,36.23435277266887,35.657151454527465,35.66576821441386,30276700
7332,2015-04-14,35.881134033203125,36.20849854419041,35.6571443295483,36.010355828699055,24244400
7333,2015-04-15,36.40663909912109,36.57893810255421,35.906975604128206,35.97589323370337,27343600
7334,2015-04-16,36.32050323486328,36.4755720605292,36.0275958181978,36.139590700363456,22509700
7335,2015-04-17,35.85527801513672,35.95865936909399,35.45899268395571,35.898351936120825,42387600
7336,2015-04-20,36.96661758422852,37.190604033980016,35.90698293337058,35.95005687143847,46057700
7337,2015-04-21,36.7340087890625,37.17337143500284,36.63924416792516,37.044146354119135,26013800
7338,2015-04-22,37.03553771972656,37.15614605826172,36.65647918566665,36.7598572920781,25064300
7339,2015-04-23,37.33705520629883,37.56965838954192,36.87184883981264,36.949383234227,46309500
7340,2015-04-24,41.2396125793457,41.47221576553469,39.327102970120414,39.33571644235089,130933700
7341,2015-04-27,41.3774528503418,41.463604007861534,40.679646549250414,40.68826002183707,59248200
7342,2015-04-28,42.350955963134766,42.39402991540315,41.09317815343907,41.16209581980212,60730800
7343,2015-04-29,42.2647819519043,42.48015486654364,41.7823454400334,41.97187465654159,47804600
7344,2015-04-30,41.90296173095703,42.67830568593112,41.86850126932919,41.954652423398805,64725500
7345,2015-05-01,41.92020034790039,42.10972963843836,41.69621387517192,41.85128269718823,38937300
7346,2015-05-04,41.5583610534668,42.1010984583024,41.50667036838863,41.67035260830777,34039500
7347,2015-05-05,41.00700759887695,41.48944418093716,40.75717747915843,41.1965368429596,50369200
7348,2015-05-06,39.86983871459961,41.15346291883206,39.64585229672976,40.9811639047543,52433000
7349,2015-05-07,40.23168182373047,40.56766321772301,39.76647529989546,39.86123995693573,32971700
7350,2015-05-08,41.13623809814453,41.33438084017381,40.938095356115255,40.9639390614097,35364900
7351,2015-05-11,40.80886459350586,41.27407094222907,40.80886459350586,40.9639333764136,24609400
7352,2015-05-12,40.79163360595703,41.0759274647844,39.99044600459116,40.360887725064856,29928300
7353,2015-05-13,41.032859802246094,41.62728802560478,40.98116910556373,41.51529315929172,34184600
7354,2015-05-14,41.97188949584961,42.05803737763128,41.37745793803054,41.37745793803054,32980900
7355,2015-05-15,41.61005783081055,42.13556841206295,41.39468485726978,42.10110794757704,28642700
7356,2015-05-18,41.3602180480957,41.54113381572873,41.015623315090025,41.334374346861104,24136500
7357,2015-05-19,41.25617218017578,41.45560262050145,40.909334618407925,41.23882997131857,28574800
7358,2015-05-20,41.25617218017578,41.55965256595656,40.987372904421285,41.09142284987639,25047900
7359,2015-05-21,41.1174430847168,41.273519689294645,40.76193599822032,40.996050905087095,22410700
7360,2015-05-22,40.66654586791992,41.05673394767974,40.59717704006801,41.01338008411617,25720600
7361,2015-05-26,40.39773941040039,40.64919640494604,40.05090194842796,40.60584254912128,29581900
7362,2015-05-27,41.282188415527344,41.420922794074826,40.42376717422896,40.59718597433544,27335600
7363,2015-05-28,41.1434440612793,41.63768537175075,41.09141744155526,41.18679792387215,19283700
7364,2015-05-29,40.631874084472656,41.24750773843405,40.39775917922914,41.12611555964603,36519600
7365,2015-06-01,40.95267868041992,41.42090828438059,40.423753013837015,40.80527490196231,28837300
7366,2015-06-02,40.68389892578125,41.05674823602281,40.42377234618431,40.69257168612487,21498300
7367,2015-06-03,40.62320327758789,41.39491687983723,40.59719161165092,41.074090897399465,28002200
7368,2015-06-04,40.19832229614258,40.89199414136787,40.05958792709752,40.57117153314272,27745500
7369,2015-06-05,40.0075569152832,40.33705224605036,39.74743041528298,40.154964026819,25438100
7370,2015-06-08,39.65205764770508,40.25902180434971,39.60003101449946,40.14629908624848,22121600
7371,2015-06-09,39.58268356323242,39.83413730020337,39.41793424750323,39.67806074197984,24406100
7372,2015-06-10,40.41509246826172,40.605853454346594,39.61736741456066,39.70407845718472,28417400
7373,2015-06-11,40.26768493652344,40.68388801378477,39.998888976366686,40.45844592065122,27347800
7374,2015-06-12,39.86015319824219,40.29369846841602,39.79945712503289,40.07692583332911,23931000
7375,2015-06-15,39.43527221679688,39.58267930936104,39.03641141428499,39.40926056245099,33254500
7376,2015-06-16,39.7387580871582,40.09426504987104,39.27919788583113,39.32255174807657,27070300
7377,2015-06-17,39.86015319824219,39.94686092920179,39.331227439400045,39.65205001317607,28704100
7378,2015-06-18,40.51046752929688,40.57983304640691,40.03356512803205,40.0769222973744,32658300
7379,2015-06-19,39.97286224365234,40.605841085083135,39.87748508735156,40.571156678599,63837000
7380,2015-06-22,40.08562088012695,40.51049697158572,40.02492476815999,40.17233197414406,20318100
7381,2015-06-23,39.8081169128418,40.1289394087479,39.55665992332943,39.99887784387699,25896500
7382,2015-06-24,39.574012756347656,40.10293852887752,39.49597447338935,39.60002441477109,34890900
7383,2015-06-25,39.58268356323242,39.93819054414429,39.4526186621502,39.91217557931514,20616000
7384,2015-06-26,39.24452209472656,40.128954971125786,39.04509163843386,39.582690232984696,49835300
7385,2015-06-29,38.472801208496094,39.21849950278801,38.46413175963367,39.05375351290229,34081700
7386,2015-06-30,38.28205108642578,38.77629246088457,38.09995954766087,38.76761970263056,35945400
7387,2015-07-01,38.54218673706055,39.21851650287249,38.23870297232498,38.55085618968092,28343900
7388,2015-07-02,38.49881362915039,38.802293934614376,38.20400277197656,38.56817913853334,21752000
7389,2015-07-06,38.49014663696289,38.56818491400925,38.108628009007234,38.11729745859561,23034000
7390,2015-07-07,38.41211700439453,38.57686635283948,37.56236852292858,38.4468014259291,36435800
7391,2015-07-08,38.360084533691406,38.93236412181075,38.17799301789475,38.53349998464029,39785900
7392,2015-07-09,38.60286331176758,39.209827226683096,38.585521107605736,38.80229369809791,32424700
7393,2015-07-10,38.680908203125,39.14046511523572,38.64622378885949,39.02774242271671,25465800
7394,2015-07-13,39.48729705810547,39.556662569138815,38.97571359694612,39.0017252501227,28178300
7395,2015-07-14,39.55667495727539,39.85148591379085,39.28787896977107,39.409271132861846,22880300
7396,2015-07-15,39.67806625366211,39.790788963079166,39.39192806229672,39.60870072242044,26629600
7397,2015-07-16,40.45844268798828,40.484454344586254,39.8601514324206,39.89483253865531,26271700
7398,2015-07-17,40.42377853393555,40.56251295146954,40.1116252675617,40.36308243299501,29467100
7399,2015-07-20,40.68389892578125,40.86599050841914,40.26769573688835,40.44978731952624,30631900
7400,2015-07-21,40.99604034423828,41.03939751809879,40.30236856241381,40.562495067136986,42781900
7401,2015-07-22,39.48729705810547,40.692552168034965,39.19248619391724,39.40058603470462,59152400
7402,2015-07-23,39.98155212402344,40.085602080355486,39.10578867747063,39.25319581432213,33934000
7403,2015-07-24,39.83414840698242,40.16364382262472,39.712756229558615,39.8081367425884,32333200
7404,2015-07-27,39.322566986083984,39.89484678947753,39.23585922799273,39.83415069727587,39701400
7405,2015-07-28,39.31388092041016,39.574007392450746,38.836981837054495,39.52198408265516,34328900
7406,2015-07-29,40.13762283325195,40.56249535552671,39.2445173068457,39.36591276375505,40945900
7407,2015-07-30,40.649200439453125,41.10008786169381,39.82546386627664,40.11160198926952,39777900
7408,2015-07-31,40.49312210083008,41.07407107768674,40.31970336032347,41.00470556609651,31201500
7409,2015-08-03,40.58851623535156,40.75326227505735,40.2763630589082,40.735920064400666,24125900
7410,2015-08-04,41.221492767333984,41.36889659898495,40.47579423437642,40.53649031890194,33403900
7411,2015-08-05,41.25617218017578,41.97585565546511,41.22148776246137,41.60300643425551,26959700
7412,2015-08-06,40.42377853393555,41.42093443399763,40.17232467619166,41.36890778703885,27368000
7413,2015-08-07,40.52782440185547,40.5625055191172,40.11161791782644,40.22434064507133,19163000
7414,2015-08-10,41.03940582275391,41.178140207192826,40.614529909834864,40.70991041932824,23079900
7415,2015-08-11,40.241676330566406,40.70123330971278,39.79946156108251,40.59718335942626,29237400
7416,2015-08-12,40.52782440185547,40.66655879396888,39.63471865166716,40.05092182800737,30181400
7417,2015-08-13,40.519142150878906,40.83996473730247,40.31104226529693,40.80528362816417,22627200
7418,2015-08-14,40.753265380859375,40.83997313306231,40.33706221644558,40.34573166859039,21473400
7419,2015-08-17,41.03071975708008,41.14344244153396,40.38040192072608,40.588505083741886,21099700
7420,2015-08-18,41.25766754150391,41.39731679996157,40.76016685015467,40.8823595351175,23574100
7421,2015-08-19,40.68160629272461,41.09182736904655,40.411034448629245,40.82998214530895,31485500
7422,2015-08-20,39.852447509765625,40.55942379797838,39.852447509765625,40.210298965144666,36238200
7423,2015-08-21,37.59185791015625,39.69532604271584,37.59185791015625,39.53822026273215,70053100
7424,2015-08-24,36.378665924072266,37.260201222870414,34.66796171621591,35.30511165089198,88753700
7425,2015-08-25,35.32254409790039,37.7402228814263,35.25271785327215,37.15543973590989,70616600
7426,2015-08-26,37.27765655517578,37.39112261167044,35.8375242837467,36.666689835705526,63408000
7427,2015-08-27,38.316287994384766,38.359927746095984,37.46966282728868,37.73150466705562,50943200
7428,2015-08-28,38.34247970581055,38.53449865143913,37.87116229172241,37.87989224170574,28246700
7429,2015-08-31,37.984622955322266,38.34247427544812,37.61804168644949,38.01953609131013,34441700
7430,2015-09-01,36.50085067749024,37.172913612342654,36.36120145268325,36.80633231628672,49688900
7431,2015-09-02,37.84496688842773,37.86242345326088,36.553211056269134,36.972158623766575,37671500
7432,2015-09-03,37.967166900634766,38.3861145496535,37.77514797960536,37.88861400835,28285200
7433,2015-09-04,37.19038009643555,37.5656881124412,36.83252865437214,37.36494250635695,37138800
7434,2015-09-08,38.30755615234375,38.40356559906132,37.70531961770555,37.79259911681272,32469800
7435,2015-09-09,37.59185791015625,38.75269469231355,37.45220869789295,38.58685896371973,33469500
7436,2015-09-10,37.78388977050781,38.22029412453216,37.312572269081286,37.63551055879902,31366600
7437,2015-09-11,37.94972229003906,38.04573178080553,37.47840478782237,37.65296719562496,27132500
7438,2015-09-14,37.565677642822266,37.9147990358633,37.40857185062876,37.90607241607482,23656000
7439,2015-09-15,38.3861083984375,38.65668016839365,37.60058293096708,37.696589046597246,28882200
7440,2015-09-16,38.66542053222656,38.73524681878076,38.26392937304173,38.377395423942005,23372200
7441,2015-09-17,38.621768951416016,39.27637520482985,38.47339313213534,38.65668208401132,32768200
7442,2015-09-18,37.94972229003906,38.39485659641071,37.81880298131287,37.96717886376942,63143700
7443,2015-09-21,38.49959564208984,38.81380733417012,38.05446130180904,38.07191787686919,26177200
7444,2015-09-22,38.316287994384766,38.447207249518414,37.80133093339328,37.862427251688906,28085900
7445,2015-09-23,38.29010772705078,38.55194960953901,37.97589613626483,38.3424774353485,17145200
7446,2015-09-24,38.32502365112305,38.517042599335824,37.76642670668634,37.92353251349672,27905600
7447,2015-09-25,38.35120391845703,39.04072342583227,38.1940981236247,38.82252130295405,29384600
7448,2015-09-28,37.78388977050781,38.48213607104656,37.71406347570344,38.25520727193434,27613800
7449,2015-09-29,37.9148063659668,38.028272422154174,37.5744115269054,37.8537100271353,32763600
7450,2015-09-30,38.63051223754883,38.66542538520795,38.106828340666056,38.29884732329021,34958900
7451,2015-10-01,38.93598937988281,39.05818204237914,38.18537350511927,39.05818204237914,28657900
7452,2015-10-02,39.77387619018555,39.77387619018555,38.33374108280308,38.63922600259613,41839000
7453,2015-10-05,40.69906234741211,40.92599109834319,39.88735015490816,39.93098991514487,34369300
7454,2015-10-06,40.80379867553711,41.17910660885929,40.341211221233145,40.43722069201328,27017200
7455,2015-10-07,40.84743118286133,41.32747512202161,40.10554539774995,41.10927302881242,27711500
7456,2015-10-08,41.41476440429688,41.47586073354671,40.58559565512018,40.637965364263,33772700
7457,2015-10-09,41.11800384521485,41.493311719818784,40.952168119994624,41.41475883142494,28600600
7458,2015-10-12,41.022003173828125,41.08309950793974,40.58559888474485,41.00454660272474,19769100
7459,2015-10-13,40.92597961425781,41.13545506591432,40.63795461391689,40.63795461391689,19987800
7460,2015-10-14,40.74270248413086,41.10928046890695,40.61177987271065,40.71651929364695,24697800
7461,2015-10-15,41.030723571777344,41.048180140233214,40.611775917336416,41.030723571777344,27189400
7462,2015-10-16,41.46711730957031,41.49330382038276,40.93470708903797,41.03944314379033,26450300
7463,2015-10-19,41.56312561035156,41.79005760719105,41.039442021412704,41.38856330420559,29387600
7464,2015-10-20,41.69405746459961,41.72897059950963,41.03945116778582,41.40602909584164,30802200
7465,2015-10-21,41.196556091308594,41.88607550873753,41.11800320413948,41.82497585916179,25144300
7466,2015-10-22,41.92098617553711,42.72397163083493,41.10054748228699,41.48458197773389,56637100
7467,2015-10-23,46.1453857421875,47.19275663712742,45.60424538944366,45.6478851497536,135227100
7468,2015-10-26,47.349857330322266,47.41095365406592,45.82244257773122,45.84862576519281,64633300
7469,2015-10-27,46.86109161376953,47.45460171645711,46.76508546643816,47.12293685222033,50999900
7470,2015-10-28,47.11420440673828,47.11420440673828,46.136659777993714,46.73016984924943,47000800
7471,2015-10-29,46.57305908203125,46.98328011595281,46.45086643265036,46.73016486823525,30202100
7472,2015-10-30,45.94462585449219,47.12291899244129,45.92716928991155,46.53813573223709,46619800
7473,2015-11-02,46.46831893920898,46.573055011023214,45.92717535425279,46.12792087918827,30285000
7474,2015-11-03,47.26259231567383,47.47206453861644,46.17158144346992,46.1977646389625,36596900
7475,2015-11-04,47.48079299926758,47.899740761499245,47.18403791816588,47.28877402634858,37087800
7476,2015-11-05,47.463321685791016,47.74262010720466,47.13165356179989,47.55933114243317,31468500
7477,2015-11-06,47.93462753295898,47.98699722662364,47.096732411320055,47.21019841617717,32851200
7478,2015-11-09,47.27131271362305,47.8910060083618,46.74762889571716,47.61170752821192,32513100
7479,2015-11-10,46.703983306884766,47.245126996566725,46.49451112271784,47.192757285774825,55283700
7480,2015-11-11,46.82617950439453,47.30622353551081,46.66034375090866,46.86981926549595,36516300
7481,2015-11-12,46.53815078735352,47.11420428687138,46.42468474562263,46.67780001967602,35361100
7482,2015-11-13,46.11920928955078,46.51197384872056,45.84863740890032,46.319954879904046,36848200
7483,2015-11-16,46.93092346191406,47.035659572009855,46.1279377391772,46.328686666987096,32165200
7484,2015-11-17,46.54429626464844,47.036361427457614,46.438850856667166,46.72003190739884,31551300
7485,2015-11-18,47.31753921508789,47.43177005655211,46.55307849562612,46.57065272907771,29710000
7486,2015-11-19,47.3966178894043,48.02927683650099,47.2560273847097,47.44055514557426,28149200
7487,2015-11-20,47.61627960205078,47.712936179862815,46.80788522751608,47.66900228593223,37147600
7488,2015-11-23,47.61627960205078,47.85352665160542,47.22965664274391,47.66900228593223,28235900
7489,2015-11-24,47.66901397705078,47.83596415570905,47.08029227972263,47.37904417249782,24600000
7490,2015-11-25,47.17695236206055,47.65144664626471,47.17695236206055,47.528430354495306,21005100
7491,2015-11-27,47.38783645629883,47.51964153206966,47.264820173281954,47.27360561409359,9009100
7492,2015-11-30,47.75687789916992,48.29288020799887,47.44933723932141,47.923831416180654,56241400
7493,2015-12-01,48.52134323120117,48.53012867089918,47.712945349366805,47.80960194575436,39952800
7494,2015-12-02,48.5125617980957,49.171580489490765,48.38076007098213,48.60921840914443,47274900
7495,2015-12-03,47.62508392333984,49.004629424688765,47.38783679641494,48.75859685688916,38627800
7496,2015-12-04,49.12763977050781,49.408820771704406,47.53720700903676,47.55478124060429,43963700
7497,2015-12-07,49.03979110717773,49.180381662655215,48.582870963890095,49.02221686875014,30709800
7498,2015-12-08,49.02219009399414,49.29458226098956,48.319237700542615,48.74100913661353,32878000
7499,2015-12-09,48.310455322265625,49.09249017327402,47.89746926982404,48.65314445006105,36373200
7500,2015-12-10,48.56529235839844,48.90798159706322,48.33683063132662,48.67073442753923,31775800
7501,2015-12-11,47.5020637512207,48.41590036479361,47.45812649461662,48.07321121571101,39549500
7502,2015-12-14,48.45105743408203,48.51256558192095,47.16816841923791,47.7393193371052,46768900
7503,2015-12-15,48.50376892089844,49.11885360895633,48.40711232466824,48.90796618518664,39843000
7504,2015-12-16,49.32096862792969,49.42641069887659,48.11715852284254,48.80254036385486,37503300
7505,2015-12-17,48.94312286376953,49.90089684328323,48.793743548535495,49.52305918656134,41280900
7506,2015-12-18,47.56357192993164,49.20672409971772,47.47570076858833,49.00462545654121,84684200
7507,2015-12-21,48.178653717041016,48.6355703204275,47.65143683691975,48.22258761906565,37246300
7508,2015-12-22,48.63557052612305,48.74980135342372,47.88868413271977,48.31924441904268,28322200
7509,2015-12-23,49.0485725402832,49.10129525125544,48.71466874134492,48.94313047028168,27279800
7510,2015-12-24,48.9167594909668,49.17158085801554,48.705875385227614,49.08371303928128,9558500
7511,2015-12-28,49.16277694702149,49.16277694702149,48.310445347352335,48.63556017685804,22458300
7512,2015-12-29,49.69001007080078,49.953616884450426,49.25945305729295,49.46155172615576,27731400
7513,2015-12-30,49.479122161865234,49.89210490916373,49.4615479287122,49.61971267514728,21704500
7514,2015-12-31,48.749813079833984,49.37368335633868,48.697090373334255,49.24188161800339,27334100
7515,2016-01-04,48.15229034423828,48.15229034423828,46.91333554527538,47.730518854372384,53778000
7516,2016-01-05,48.37196731567383,48.67072256537842,47.923836117088,48.26652527223165,34079700
7517,2016-01-06,47.4932861328125,47.80083024168627,47.13302266671792,47.73053329613472,39518900
7518,2016-01-07,45.84134292602539,47.00121901702266,45.7534750995896,46.307051791574686,56564900
7519,2016-01-08,45.98193359375,46.81668794230449,45.82376883567931,46.01707871069933,48754000
7520,2016-01-11,45.95557403564453,46.43885378759476,45.21747289290396,46.14009848334399,36943800
7521,2016-01-12,46.37734603881836,46.658527109724346,45.74469030525129,46.359771802893896,36095500
7522,2016-01-13,45.37562942504883,47.510850080619065,45.07687417503655,47.273602968673245,66883600
7523,2016-01-14,46.66730499267578,46.93969720596188,45.31411931035616,45.69195691453556,52381900
7524,2016-01-15,44.80447769165039,45.66559489468233,44.23332691881017,45.08565868235707,71820700
7525,2016-01-19,44.42664337158203,45.41077691137427,43.98729762232488,45.23503794128301,43564500
7526,2016-01-20,44.62874984741211,45.14717805660968,43.14375880902885,43.91700840198887,63273000
7527,2016-01-21,44.35634231567383,45.32290488527187,44.19817759250218,44.81326225462062,40191200
7528,2016-01-22,45.94678497314453,45.98193344192029,45.04173033785236,45.17353541979022,37555800
7529,2016-01-25,45.5074462890625,46.263121726256806,45.38442998104352,45.63924803967869,34707700
7530,2016-01-26,45.84134292602539,46.07859007973328,45.29655502784952,45.507442504015216,28900800
7531,2016-01-27,45.00657653808594,45.86769374530538,44.83083758005421,45.70074022680142,36775200
7532,2016-01-28,45.74469757080078,45.876499333254,45.03295598655755,45.56895853558653,62513800
7533,2016-01-29,48.407108306884766,48.407108306884766,47.44933456764537,48.09077887345647,83611700
7534,2016-02-01,48.07320785522461,48.40711154081059,47.888683457377816,48.2225871429638,44208500
7535,2016-02-02,46.570648193359375,47.67779797744138,46.26310751776492,47.59871561058252,56313800
7536,2016-02-03,45.83255386352539,46.91334413263148,45.04173008030511,46.790327844562206,57559800
7537,2016-02-04,45.69195175170898,46.40369297607881,45.13837524386578,45.77981954891639,46987100
7538,2016-02-05,44.07516860961914,45.69196121754855,43.5479550132705,45.63923851713677,62009000
7539,2016-02-08,43.41614532470703,43.55673582559,42.34414066051068,43.53916159398689,59290500
7540,2016-02-09,43.30191421508789,44.14546056686978,42.76591188645773,43.07345590960946,46740500
7541,2016-02-10,43.67975234985352,44.27726282007963,43.51280217656226,43.837917083262894,38237000
7542,2016-02-11,43.66217803955078,44.03123020082232,42.6253218343744,42.77470112763301,48878600
7543,2016-02-12,44.37392044067383,44.53208517772664,43.71490182026778,44.15424756720515,34243300
7544,2016-02-16,45.21466064453125,45.21466064453125,44.36506125729591,45.046511820810046,37291200
7545,2016-02-17,46.3917121887207,46.70146430652742,45.533264228875325,45.56866504965463,40789000
7546,2016-02-18,46.18817138671875,46.86077360641915,46.108521212701824,46.31207428319631,27176000
7547,2016-02-19,45.86071395874024,46.26781327480584,45.60406306886961,45.99346535033073,33559100
7548,2016-02-22,46.59526824951172,46.90501701144815,46.267815700026574,46.267815700026574,25008300
7549,2016-02-23,45.29432678222656,46.347476183304366,45.11732600342121,46.32092724808673,28895300
7550,2016-02-24,45.45361709594727,45.57751660091464,44.42701685706408,44.86066512444988,33014500
7551,2016-02-25,46.10852813720703,46.10852813720703,44.789879184460496,45.781078873076645,26939500
7552,2016-02-26,45.40052032470703,46.62182183489928,45.22351956763431,46.551020181666736,35975900
7553,2016-02-29,45.028839111328125,45.7102900940408,44.8341378659788,45.44478716819721,31654000
7554,2016-03-01,46.533321380615234,46.54216989892959,45.064217515801154,45.10847023539851,33024500
7555,2016-03-02,46.86077499389648,46.86962351304536,46.16162382082587,46.382873935645016,29289900
7556,2016-03-03,46.32977294921875,46.87847566773434,45.82532295471904,46.87847566773434,24427800
7557,2016-03-04,46.046573638916016,46.41827559398091,45.76337375696605,46.37402624542789,33034200
7558,2016-03-07,45.16157150268555,45.8430222485653,44.76332400434787,45.630624032919705,38407800
7559,2016-03-08,45.71026611328125,46.13506584535643,44.78101311235813,44.958013844724825,33835100
7560,2016-03-09,46.763431549072266,46.77228006957327,45.89613137157129,45.92268030908368,28251600
7561,2016-03-10,46.06427001953125,46.85191983322794,45.27662020583456,46.84307131469579,38387800
7562,2016-03-11,46.96697998046875,46.96697998046875,46.35633080252364,46.90503021064863,32275700
7563,2016-03-14,47.05546951293945,47.42717143540088,46.57757186407276,46.64837014034581,24083600
7564,2016-03-15,47.42717742919922,47.42717742919922,46.67492834668558,46.68377686633476,21104800
7565,2016-03-16,48.09976959228516,48.32101968861768,47.25902192702844,47.30327127109324,31691700
7566,2016-03-17,48.37412643432617,48.67502673463518,47.79002624855091,47.97587554038646,28223900
7567,2016-03-18,47.33867645263672,48.648476738326,47.30327562372404,48.60422401418072,67625500
7568,2016-03-21,47.66613006591797,47.72807983421085,46.843079286016334,47.126279191357845,23925700
7569,2016-03-22,47.85197067260742,48.01127101240669,47.31211989617752,47.44487130467976,23124100
7570,2016-03-23,47.76346969604492,48.002420194296285,47.559920021832674,47.8873692041734,20129000
7571,2016-03-24,47.97587966918945,48.082082167385785,47.55107980443181,47.6484304064405,19950000
7572,2016-03-28,47.38291549682617,48.04666570255905,47.19706624946292,47.97586406013031,17025100
7573,2016-03-29,48.41836929321289,48.55112069873452,47.30327031566351,47.489119582586994,23924300
7574,2016-03-30,48.719268798828125,49.241419142581954,48.58652077137043,48.61306970166029,23008300
7575,2016-03-31,48.87857818603516,49.19717891255938,48.55112893977817,48.630779121409226,26360500
7576,2016-04-01,49.179473876953125,49.214874704576566,48.294473442419495,48.71927324587459,24399200
7577,2016-04-04,49.05556488037109,49.259114535873735,48.675014496950645,49.05556488037109,18928800
7578,2016-04-05,48.285621643066406,48.9405200295636,48.1971195800205,48.84316944821735,19272300
7579,2016-04-06,48.78121566772461,48.85201731232033,47.9758655284936,48.10861692410645,21188700
7580,2016-04-07,48.197113037109375,48.595363826730896,47.993563383749056,48.55996300631831,19225100
7581,2016-04-08,48.16172409057617,48.92282503704983,48.07322539373412,48.3829742086902,22167200
7582,2016-04-11,48.06436538696289,48.807765741192014,48.05551349378898,48.22366570401257,21414200
7583,2016-04-12,48.365272521972656,48.48032014160887,47.57761934133687,48.117470117814015,24944300
7584,2016-04-13,48.98476791381836,49.06441808018264,48.57766856396025,48.78121823888931,20818000
7585,2016-04-14,48.99361801147461,49.18831916122806,48.73696710971021,48.8697185074527,20877100
7586,2016-04-15,49.250267028808594,49.48921413398915,48.77236606643117,48.94051490459738,28793800
7587,2016-04-18,49.96712493896485,50.08217594353525,48.86087436888853,49.10867679227162,23786000
7588,2016-04-19,49.90517044067383,50.24147152734152,49.27682098674859,50.11757201541355,29596800
7589,2016-04-20,49.197174072265625,50.002524329074085,49.108675379608805,49.81667504888953,36195700
7590,2016-04-21,49.36531829833984,49.76356912987709,49.04671763311004,49.3830187104091,38909100
7591,2016-04-22,45.8253059387207,46.40055737723456,44.931457287253394,45.940356901625,126834100
7592,2016-04-25,46.117374420166016,46.135074834452304,45.692574605321575,45.8253226484555,33226900
7593,2016-04-26,45.52440643310547,46.32975643337049,45.214657731468016,46.25010628494834,33532600
7594,2016-04-27,45.0819091796875,45.5775105093265,44.73675964026357,45.55981010012427,43369300
7595,2016-04-28,44.16152572631836,44.931475206026754,43.8606254251896,44.79872378234889,43134800
7596,2016-04-29,44.13496780395508,44.47126889210312,43.67476720333369,43.67476720333369,48411700
7597,2016-05-02,44.78986740112305,44.913766907603375,44.0553155041206,44.25001665773732,33114500
7598,2016-05-03,44.055320739746094,44.61287196117647,43.89602039076599,44.550922200574064,26460200
7599,2016-05-04,44.13496780395508,44.30312003603336,43.7721177848509,44.10841887299894,24257600
7600,2016-05-05,44.19692611694336,44.51552685413387,44.01107681225195,44.13497634871289,25390700
7601,2016-05-06,44.59517288208008,44.59517288208008,43.94912294788309,44.1792215832922,24787300
7602,2016-05-09,44.311973571777344,44.77217422450708,44.25002380852612,44.68367552729359,17951600
7603,2016-05-10,45.15272903442383,45.22352732379014,44.41817694819418,44.54207986260136,22891000
7604,2016-05-11,45.17926788330078,45.825317743560895,45.13501854032568,45.250069532867705,24039100
7605,2016-05-12,45.58635711669922,45.85185986760524,45.06420688312922,45.31200922557432,24102800
7606,2016-05-13,45.2058219909668,45.93152204789856,45.1704211647729,45.52441929868601,22592300
7607,2016-05-16,45.86957931518555,45.98462695392283,44.91377711761691,44.95802646913195,20032000
7608,2016-05-17,45.01403427124024,46.10128785636406,44.88035772528677,46.09237744648272,27803500
7609,2016-05-18,45.281394958496094,45.57548608446201,44.82688585524565,44.98730043290789,24907500
7610,2016-05-19,44.84470748901367,45.11206396982644,44.399112221118365,44.97838742923111,23842400
7611,2016-05-20,45.11205673217773,45.646773007637016,44.91599715750206,44.9872906211237,23905800
7612,2016-05-23,44.58625793457031,45.16553309742908,44.54169909118622,45.09423622831706,26118700
7613,2016-05-24,45.97651290893555,46.08345480512745,44.915997555946994,45.18335399623755,34757900
7614,2016-05-25,46.448848724365234,46.77859166288772,46.1547576220005,46.2706099413086,24040200
7615,2016-05-26,46.24387741088867,46.32408469692048,45.77154750404704,46.27952584904107,24335200
7616,2016-05-27,46.62708282470703,46.62708282470703,46.13692877024352,46.27060529439447,17721400
7617,2016-05-31,47.23310470581055,47.23310470581055,46.413210935188886,46.57362212540493,37653100
7618,2016-06-01,47.099422454833984,47.18854355575157,46.73403444012787,46.73403444012787,25324800
7619,2016-06-02,46.76967239379883,47.00138380460782,46.19931107430227,46.91226272367297,22840800
7620,2016-06-03,46.154762268066406,46.716209901721946,45.985433877287626,46.680564861220105,23368300
7621,2016-06-06,46.457763671875,46.65382327838241,46.24387644704078,46.33299754056425,18243300
7622,2016-06-07,46.431034088134766,46.992485180762905,46.431034088134766,46.55580364175869,20866800
7623,2016-06-08,46.37755584716797,46.734030018242215,46.22605168975431,46.35973162867094,21149400
7624,2016-06-09,46.00325393676758,46.34190728807461,45.88740161627527,46.34190728807461,20305700
7625,2016-06-10,45.87849044799805,46.38646880438672,45.48636781839237,45.49527822831926,25833200
7626,2016-06-13,44.68428421020508,45.20117625202344,43.721800386973605,44.1852197832041,83217800
7627,2016-06-14,44.40801239013672,44.64863076922568,44.17630101821401,44.47039543651105,42577100
7628,2016-06-15,44.28325653076172,44.66646873339136,44.28325653076172,44.363463815024254,33757600
7629,2016-06-16,44.90708923339844,44.97838610598277,44.122840633080834,44.13175444196487,31188600
7630,2016-06-17,44.675384521484375,44.94274101432827,44.39911421909308,44.92491679485571,45710500
7631,2016-06-20,44.62190246582031,45.29920906464972,44.58625403438265,45.1298807151316,35607900
7632,2016-06-21,45.62004470825195,45.83393194395112,44.70211949587558,44.73776793509582,34097800
7633,2016-06-22,45.44179534912109,45.86065248258448,45.40614692085405,45.52200261291132,28816800
7634,2016-06-23,46.261695861816406,46.3953757884089,45.58439261948144,45.70024492959839,29028800
7635,2016-06-24,44.40801239013672,45.39723072533871,44.13174218503536,44.390188176941045,133503000
7636,2016-06-27,43.16035842895508,43.80201671016536,42.81279465984023,43.757454463152975,50216300
7637,2016-06-28,44.06045913696289,44.0871971649443,43.37424201222351,43.59703964754323,38140700
7638,2016-06-29,45.04076385498047,45.20117839974467,44.38128145988078,44.47931294830576,31304000
7639,2016-06-30,45.60221481323242,45.71807052646828,45.00511882890505,45.20118182059313,28527800
7640,2016-07-01,45.59330749511719,46.092375417054186,45.51310021122771,45.56657286702806,21400400
7641,2016-07-05,45.60221481323242,45.70024630907646,45.21900603798494,45.299213316437175,24806400
7642,2016-07-06,45.78937149047852,45.93196184274146,44.90709134861132,45.254655119775855,28167500
7643,2016-07-07,45.78937149047852,45.99434490938011,45.51310119563437,45.82501652882763,19585200
7644,2016-07-08,46.60926818847656,46.66274084890093,45.94087523147272,46.10128981312344,28391000
7645,2016-07-11,46.867706298828125,47.08159350447504,46.76076439581557,46.78749902166326,22269200
7646,2016-07-12,47.42024230957031,47.58957066826077,47.04594395806415,47.17962048376419,27317600
7647,2016-07-13,47.687599182128906,47.99951787742965,47.39350810329182,47.73216142404455,25356800
7648,2016-07-14,47.892578125,48.11537574608842,47.74998778348829,47.981695813586605,24545500
7649,2016-07-15,47.85691833496094,48.12427473690843,47.42023360540386,48.07971590318737,32024400
7650,2016-07-18,48.0886344909668,48.4272878041769,47.72324655290016,47.85692647642621,31433900
7651,2016-07-19,47.31329727172852,48.03516270127981,47.17070694733065,47.86583435381757,53336500
7652,2016-07-20,49.826454162597656,50.65526149050874,49.48780086526522,50.04034135028696,89893300
7653,2016-07-21,49.72842025756836,50.11163237547215,49.69277182808397,49.88883479062675,32776700
7654,2016-07-22,50.41464614868164,50.46811880237123,49.710604840067504,49.977964708893495,32157200
7655,2016-07-25,50.55723190307617,50.56614571102629,50.13837131958321,50.32552389069768,25610600
7656,2016-07-26,50.58396530151367,51.05629852239294,50.36116770286433,50.370081510598375,28079000
7657,2016-07-27,50.07598876953125,50.619615472858,50.00469530331652,50.45029051592904,32327500
7658,2016-07-28,50.09379959106445,50.2363898849874,49.65711830325954,49.90665046771949,37550400
7659,2016-07-29,50.51268005371094,50.5839735290715,49.95122906189972,50.13837825929609,30558700
7660,2016-08-01,50.42355728149414,50.57505802614167,50.03143130782427,50.44137809882298,26003400
7661,2016-08-02,50.42355728149414,50.70873795346036,50.18293545209357,50.66417571127295,35122000
7662,2016-08-03,50.771114349365234,50.89588045202242,50.343343397560034,50.5126683369346,22075600
7663,2016-08-04,51.14541244506836,51.26126813974977,50.50375432021297,50.61961001489437,26587700
7664,2016-08-05,51.65339279174805,51.87619038322345,51.19888720097167,51.37712595407628,29335200
7665,2016-08-08,51.742523193359375,51.76925782127578,51.492987534192,51.742523193359375,19473500
7666,2016-08-09,51.867286682128906,52.13464314654579,51.7068721235544,51.84054865595189,16920700
7667,2016-08-10,51.70685958862305,51.97421598822659,51.52862085568032,51.83162568179663,15756900
7668,2016-08-11,51.95639801025391,52.09007792590913,51.71577620184739,51.71577620184739,18162300
7669,2016-08-12,51.63557052612305,51.85836812601081,51.35038987023645,51.71577779806751,21655200
7670,2016-08-15,51.79599380493164,52.13464716576586,51.65340345294179,51.69796230050946,19283900
7671,2016-08-16,51.50902557373047,51.67043992860943,51.35658058346162,51.661473984809625,20523500
7672,2016-08-17,51.61663818359375,51.724246614826136,51.32071072169176,51.598702874919965,18856400
7673,2016-08-18,51.65250778198242,51.74218432952134,51.35658372713025,51.49109341722287,14214300
7674,2016-08-19,51.67044448852539,51.76908698307999,51.29381324111032,51.50006417481056,17271000
7675,2016-08-22,51.71526718139648,51.787008402124,51.34760197719215,51.652495323664745,15221900
7676,2016-08-23,51.912559509277344,52.17261634022888,51.87668889380606,51.92152887355025,18732400
7677,2016-08-24,51.96637344360352,52.04708063045061,51.760122504063325,51.8318603252548,18151500
7678,2016-08-25,52.16364288330078,52.27125472127162,51.81391296192033,51.90358949356269,18552600
7679,2016-08-26,52.03810501098633,52.63892586771191,51.73321161073983,52.26229123408493,20971200
7680,2016-08-29,52.100887298583984,52.54925983444378,52.100887298583984,52.17262854631082,16417200
7681,2016-08-30,51.912559509277344,52.18158228369161,51.66147204259872,51.99326668368264,16930200
7682,2016-08-31,51.52696990966797,51.83186336443332,51.38349083806138,51.69735365900828,20860300
7683,2016-09-01,51.64353942871094,51.84979034721408,51.12342573967752,51.12342573967752,26075400
7684,2016-09-02,51.71526718139648,52.18157485369632,51.49108099783751,51.71526718139648,18900500
7685,2016-09-06,51.6614875793457,51.83186792285945,51.302788158377474,51.813932609729925,16278400
7686,2016-09-07,51.7063102722168,51.86772462624285,51.48212404949286,51.53592997443831,17493400
7687,2016-09-08,51.50006103515625,51.82288975372284,51.275874805130606,51.679410703338846,20146100
7688,2016-09-09,50.406028747558594,51.58076576867498,50.406028747558594,50.926142418541644,35113900
7689,2016-09-12,51.15930938720703,51.30278847231006,49.86799762127976,50.21772767741769,29303000
7690,2016-09-13,50.692996978759766,50.800608848586194,50.26255976188681,50.66609572170862,30130200
7691,2016-09-14,50.45087432861328,50.78267245563006,50.24462338038739,50.56745214137082,24062500
7692,2016-09-15,51.28484725952149,51.42832632811941,50.199786589449005,50.35223502404039,26847000
7693,2016-09-16,51.33864212036133,51.67940611758968,50.89026970009616,51.67940611758968,44607000
7694,2016-09-19,51.05168914794922,51.787019717019554,50.97994791154703,51.35658256103768,20937100
7695,2016-09-20,50.9440803527832,51.42832001182132,50.89027442586323,51.42832001182132,17384000
7696,2016-09-21,51.795989990234375,51.87669717752708,51.18620653390264,51.57180373895585,33707300
7697,2016-09-22,51.84978866577149,52.01120301776731,51.679408370136,51.93946178540906,19822200
7698,2016-09-23,51.50006103515625,51.93049818630824,51.4552244733132,51.89462756850965,19955300
7699,2016-09-26,51.0247802734375,51.23999710887757,50.962008411366654,51.18619461042251,21688700
7700,2016-09-27,51.96637344360352,52.06501594095115,50.82750688289932,51.05169313294005,28065100
7701,2016-09-28,52.03810501098633,52.06500968390916,51.71527630239471,51.90359532961335,20536400
7702,2016-09-29,51.47315979003906,52.163650368309895,51.30277606587501,51.84082507050461,25463500
7703,2016-09-30,51.65250778198242,51.804956202393335,51.41935560000224,51.625606528126,29910800
7704,2016-10-03,51.49108505249024,51.607662834947504,51.168259796224646,51.48211910959812,19189500
7705,2016-10-04,51.32968521118164,51.65251053710962,51.08756365112764,51.35658646647297,20085900
7706,2016-10-05,51.68837356567383,51.97533164933312,51.34760955852461,51.37451423067467,16726400
7707,2016-10-06,51.778053283691406,51.88566171646761,51.36554801989687,51.778053283691406,16212600
7708,2016-10-07,51.83185577392578,51.99327013344625,51.4910917459592,51.87669233583471,20089000
7709,2016-10-10,52.04707717895508,52.360936539874274,51.89462876021542,51.930499378837744,18196500
7710,2016-10-11,51.28484725952149,52.02914727968066,51.01582443350173,51.912569467441465,26497400
7711,2016-10-12,51.21310043334961,51.35657947672667,50.57641239216451,51.21310043334961,22177500
7712,2016-10-13,51.04272079467773,51.38348483272136,50.50467519423876,50.84543923228238,25313700
7713,2016-10-14,51.49108505249024,51.77804653718734,51.22206229519726,51.22206229519726,27402500
7714,2016-10-17,51.311744689941406,51.52696155203784,50.9978819199028,51.43728842963272,23830000
7715,2016-10-18,51.7063102722168,51.96636711157104,51.48212404949286,51.589732478573474,19149500
7716,2016-10-19,51.58973693847656,51.86772911017821,51.47316255556573,51.5359344296902,22878400
7717,2016-10-20,51.33864212036133,51.58076363780173,50.80956252761603,51.56282833049391,49455600
7718,2016-10-21,53.49980163574219,54.20823094148917,53.34735664177177,54.05578252670838,80032200
7719,2016-10-24,54.70143508911133,54.70143508911133,53.74191838662287,53.750884329841696,54067000
7720,2016-10-25,54.69247055053711,55.03323113456551,54.52208683771275,54.56692339657857,35137200
7721,2016-10-26,54.36964416503906,54.88078848362413,54.22616511808204,54.53105852046701,29911600
7722,2016-10-27,53.89437103271485,54.54899786753328,53.885405088220736,54.35171288055728,28479900
7723,2016-10-28,53.68812561035156,54.271011265786605,53.42807214361079,53.81366937101489,33574700
7724,2016-10-31,53.73295593261719,54.1813284090408,53.73295593261719,53.94817622645715,26434700
7725,2016-11-01,53.625335693359375,53.82262063422343,53.13212676200901,53.77778408061154,24533000
7726,2016-11-02,53.29356002807617,53.74193256513163,53.17698221061468,53.64329005964967,22147000
7727,2016-11-03,53.09626007080078,53.48186061778887,53.00658695695658,53.38321814007424,21600400
7728,2016-11-04,52.64788055419922,53.15902475990527,52.47750029256705,52.5940780614783,28697000
7729,2016-11-07,54.18133163452149,54.27100818763108,53.607415377863006,53.607415377863006,31664800
7730,2016-11-08,54.226173400878906,54.504162172613846,53.93921526313331,54.29791122490988,22935400
7731,2016-11-09,53.957130432128906,54.333765009207085,53.087290343257216,53.80468546529925,49632500
7732,2016-11-10,52.6389274597168,54.24410168664388,51.679410669500136,54.23513232179491,57822400
7733,2016-11-11,52.92588806152344,53.01556118938869,52.020173734355865,52.21745872063208,38767800
7734,2016-11-14,52.11880874633789,52.97968638600209,51.365542949638,52.925880464519935,41328400
7735,2016-11-15,53.14801406860352,53.70775443374335,52.65147308475133,52.66050304375826,35904100
7736,2016-11-16,53.8521842956543,53.86121080764222,53.09382986366127,53.21119173909989,27332500
7737,2016-11-17,54.7459831237793,55.02585334345868,54.14110665908223,54.538338810051016,32132700
7738,2016-11-18,54.48414993286133,55.19736500190805,54.43901047971448,54.87235542897944,27686300
7739,2016-11-21,54.94458770751953,55.04389658235898,54.54735220816174,54.61957809674313,19652600
7740,2016-11-22,55.1793098449707,55.30570169435747,54.89944316244847,55.05291799558394,23206700
7741,2016-11-23,54.52930068969727,55.16126001268196,54.39387886681768,55.08000760773821,21848900
7742,2016-11-25,54.64665985107422,54.64665985107422,54.28554074806793,54.43901559196364,8409600
7743,2016-11-28,54.71889114379883,55.08904024120184,54.35776856119679,54.47513391713048,20732600
7744,2016-11-29,55.1522331237793,55.44112979630183,54.63763571060354,54.75500106004082,22366700
7745,2016-11-30,54.40290451049805,55.23348501928792,54.36679500970541,54.944588349427086,34655400
7746,2016-12-01,53.44594192504883,54.30360552218512,53.21121120048333,54.2674925731873,34542100
7747,2016-12-02,53.49107360839844,53.6896913550747,53.08481160106967,53.337598763363054,25515700
7748,2016-12-05,54.366798400878906,54.70083455050628,53.77094855163431,53.89734042209223,23552700
7749,2016-12-06,54.12302780151367,54.58345570783207,53.98760600581567,54.5563727262602,19907000
7750,2016-12-07,55.40501022338867,55.41404018052978,53.987610017157614,54.17719779008594,30809000
7751,2016-12-08,55.08000183105469,55.59460263767477,54.92652699554598,55.3418154910727,21220800
7752,2016-12-09,55.94670486450195,55.96476133837024,55.18835018163532,55.2334896443459,27349400
7753,2016-12-12,56.12725067138672,56.24461600438582,55.72099215024743,55.81127105629626,20198100
7754,2016-12-13,56.85853958129883,57.25577171077308,56.19046720700483,56.42519450080312,35718900
7755,2016-12-14,56.587684631347656,57.28284326022096,56.45226282216883,56.876581276604135,30352700
7756,2016-12-15,56.49740219116211,57.011999523617646,56.24461505941732,56.60573756538447,27669900
7757,2016-12-16,56.2446174621582,56.83144069844374,56.082112671922815,56.83144069844374,42453100
7758,2016-12-19,57.43632888793945,57.57175072256252,56.35296454271583,56.47935986219351,34338200
7759,2016-12-20,57.36410140991211,57.5988286662536,56.90366996766378,57.4995197887522,26028400
7760,2016-12-21,57.36410140991211,57.50854974702688,56.98492237253584,57.2647925324107,17096300
7761,2016-12-22,57.37312698364258,57.86966791908888,57.246735121229335,57.6349406665957,22176600
7762,2016-12-23,57.093257904052734,57.36409808997811,56.69602241703703,57.28284568980852,12403800
7763,2016-12-27,57.12936019897461,57.842575238976266,57.0661642783587,57.0661642783587,11763200
7764,2016-12-28,56.867557525634766,57.237706585595504,56.7231091959896,57.237706585595504,14653300
7765,2016-12-29,56.78630828857422,57.05714849125765,56.63282999257092,56.750195343171086,10250600
7766,2016-12-30,56.10017776489258,56.86756237982096,56.0008688840496,56.840475948005526,25579900
7767,2017-01-03,56.49740219116211,56.73212940929714,56.09114023292893,56.68698995703111,20694100
7768,2017-01-04,56.2446174621582,56.65087943774668,56.082112671922815,56.4071222523936,21340000
7769,2017-01-05,56.2446174621582,56.56962704262899,56.00086027680512,56.14530859657884,24876000
7770,2017-01-06,56.73214340209961,57.01201358544921,56.00990165594615,56.2446289319759,19922900
7771,2017-01-09,56.551570892333984,56.94880635690038,56.461291983434144,56.65990627179772,20382700
7772,2017-01-10,56.53351593017578,56.93977791890404,56.22656281023884,56.6328247989671,18593000
7773,2017-01-11,57.048118591308594,57.08423153674867,56.3619898475473,56.52449465810761,21517300
7774,2017-01-12,56.52449798583984,57.23771320262989,55.928648126679605,56.93076003615824,20968200
7775,2017-01-13,56.605751037597656,56.75922590061319,56.28976790869231,56.53352514164663,19422300
7776,2017-01-17,56.4522705078125,56.60574880870498,56.000869007653634,56.58769233542821,20664000
7777,2017-01-18,56.42518615722656,56.605747441713696,56.08212006109301,56.57866101049259,19670100
7778,2017-01-19,56.2446174621582,56.85852368217644,56.15433855376948,56.19045149469281,18451700
7779,2017-01-20,56.64186477661133,56.71408722965072,56.30782516905315,56.57866539481142,30213500
7780,2017-01-23,56.840476989746094,56.98492533436867,56.488384364973584,56.60574972120448,23097600
7781,2017-01-24,57.34602737426758,57.54464506844096,56.82240016014463,57.05713078851662,24672900
7782,2017-01-25,57.4904899597168,57.86966553131125,57.28284570233129,57.73424716027886,23672700
7783,2017-01-26,58.02314376831055,58.26690442705253,57.37312797270531,57.88772883327614,43554600
7784,2017-01-27,59.38636779785156,59.50373657148325,58.5828738471925,59.034275252634174,44818000
7785,2017-01-30,58.79955291748047,59.39540616318124,58.50163318246989,59.305127246879856,31651400
7786,2017-01-31,58.36620330810547,58.817604715147525,58.01411076163977,58.55579107252247,25270500
7787,2017-02-01,57.40021896362305,58.33913495221115,57.3009100781485,58.10440423310398,39671500
7788,2017-02-02,57.030052185058594,57.24672637603857,56.65087665574292,57.1022780633584,45827000
7789,2017-02-03,57.4904899597168,57.50854643130508,56.93977962999359,57.32798515934208,30301800
7790,2017-02-06,57.45438003540039,57.46340999362891,57.00297855373456,57.32798817156116,19796400
7791,2017-02-07,57.2647819519043,57.58076155473599,57.08422070289217,57.54465206006907,20277200
7792,2017-02-08,57.18354415893555,57.60786268583932,57.07520875944191,57.391188442931785,18096400
7793,2017-02-09,57.83355712890625,58.1766266720997,57.16548484728559,57.34604613342526,22644400
7794,2017-02-10,57.779388427734375,58.05023206612532,57.76133195558032,58.00508916378021,18170700
7795,2017-02-13,58.42939758300781,58.555789422390696,57.89674035603254,57.99604921381032,22920100
7796,2017-02-14,58.64739990234375,58.78364273207521,58.14784516986114,58.5020792990022,23108400
7797,2017-02-15,58.6110725402832,58.647404426320726,58.275014721233866,58.58382535815474,17005200
7798,2017-02-16,58.60197448730469,59.25593442781574,58.52931766137901,58.801796350193854,20546300
7799,2017-02-17,58.69280624389648,58.75638529606029,58.40215815834812,58.55656343794635,21248800
7800,2017-02-21,58.57473373413086,58.99253997980399,58.53840185238565,58.6837293793665,20655900
7801,2017-02-22,58.4566535949707,58.48390077074757,58.17509020581363,58.42940641919383,19292700
7802,2017-02-23,58.69280624389648,58.79271717295345,58.30224722929116,58.51114685943065,20273100
7803,2017-02-24,58.69280624389648,58.85629622511725,58.25683065077546,58.61105778848762,21796800
7804,2017-02-27,58.33857345581055,58.6201368124656,58.17508349042458,58.6201368124656,15871500
7805,2017-02-28,58.11150741577149,58.31132581186448,57.911685554879966,58.20233710926696,23239800
7806,2017-03-01,58.98345947265625,59.02886912553459,58.14784009044343,58.24775102821238,26937500
7807,2017-03-02,58.13876724243164,58.8108897565042,58.02069035463005,58.75639539659507,24539600
7808,2017-03-03,58.356746673583984,58.38399385123292,57.78453168936471,58.120596382762656,18135900
7809,2017-03-06,58.37491226196289,58.63831320927917,57.9571094781354,58.10243354134456,18750300
7810,2017-03-07,58.49299240112305,58.83813488450782,58.30225521849479,58.30225521849479,18521000
7811,2017-03-08,59.02888107299805,59.11062955208109,58.356758479821664,58.36584318407511,21510900
7812,2017-03-09,58.792728424072266,59.21961246766626,58.56565934723367,59.21053469390349,19846800
7813,2017-03-10,58.97438049316406,59.27411333555724,58.81089048182217,59.13787050450596,19538200
7814,2017-03-13,58.77456283569336,59.21053854057027,58.64740469877066,59.04704851744127,20100000
7815,2017-03-14,58.5020637512207,58.62922184394975,58.26591003775404,58.61105244236198,14280200
7816,2017-03-15,58.81087493896485,58.96528020620339,58.35673690854813,58.62922249863672,24833800
7817,2017-03-16,58.71097946166992,58.81997511229565,58.40216884596103,58.81089040901061,20674300
7818,2017-03-17,58.91987991333008,59.255937674239526,58.747305216907925,58.95621179308198,49219700
7819,2017-03-20,58.97438049316406,59.20144956838345,58.78364330153156,58.956218016169736,14598100
7820,2017-03-21,58.32041549682617,59.49209265704333,58.247751735821005,59.210529245145366,26640500
7821,2017-03-22,59.065216064453125,59.16512702769468,58.23868810352674,58.23868810352674,20680000
7822,2017-03-23,58.91987991333008,59.255937674239526,58.829046749151566,58.98345897049653,19269200
7823,2017-03-24,59.01979064941406,59.44667464345189,58.81996877625732,59.3649331114864,22617100
7824,2017-03-27,59.12876892089844,59.23776454054262,58.4475618897139,58.70187807262072,18614700
7825,2017-03-28,59.30135345458984,59.4648434464643,58.72005724561341,59.00162064788709,20080400
7826,2017-03-29,59.46483612060547,59.492083294294886,58.99252867800035,59.14694087823465,13618400
7827,2017-03-30,59.68283081054688,59.9280692755588,59.36493551293676,59.41942986978485,15122800
7828,2017-03-31,59.819068908691406,60.11880170688321,59.44667235404149,59.62833174518677,21040300
7829,2017-04-03,59.53750991821289,59.89173709515072,59.21052991956292,59.77365674977296,20400900
7830,2017-04-04,59.70100402832031,59.77366086555828,59.29227553706552,59.3921864840657,12997400
7831,2017-04-05,59.54658126831055,60.26412024741813,59.43759256691501,60.21871059836898,21448600
7832,2017-04-06,59.70100402832031,60.000729939722646,59.47393495415594,59.58292367481199,18103500
7833,2017-04-07,59.655574798583984,59.90989099901403,59.43759047387204,59.809980073188406,14108500
7834,2017-04-10,59.51933670043945,59.78273762301296,59.36493141363345,59.59200045761779,17952700
7835,2017-04-11,59.47392654418945,59.59199995140329,58.90170812326746,59.582915249433846,18791500
7836,2017-04-12,59.24686050415039,59.50117673540306,59.137864863786,59.41942827273037,17108500
7837,2017-04-13,58.99252700805664,59.81906154442001,58.99252700805664,59.30134447018677,17896500
7838,2017-04-17,59.47392654418945,59.48300431656166,59.04703563638963,59.07428281270072,16689300
7839,2017-04-18,59.39217376708984,59.68282184260312,59.18327414416294,59.33767941843008,15155600
7840,2017-04-19,59.07429504394531,59.71917042535164,58.93805220458371,59.62834417564346,26992800
7841,2017-04-20,59.49208450317383,59.7191535279951,59.16510455306345,59.45575262765082,22299500
7842,2017-04-21,60.30953598022461,60.58201465948894,59.44666950522868,59.64649136111398,32522600
7843,2017-04-24,61.33587646484375,61.4539567784252,60.94531751215808,61.29046682312432,29770000
7844,2017-04-25,61.69011688232422,61.799112519285686,61.39946878002436,61.67195440762933,30242700
7845,2017-04-26,61.60837173461914,62.04434039767344,61.417634578333264,61.83544076775903,26190800
7846,2017-04-27,62.007999420166016,62.10791033445182,61.38129369280481,61.89901073519673,34971000
7847,2017-04-28,62.18059158325195,62.79821971381107,61.4812219159531,62.58932005574428,39548800
7848,2017-05-01,63.04345703125,63.17061515025354,62.21692232812924,62.38041232821919,31954400
7849,2017-05-02,62.94352340698242,63.31591292711971,62.78911123561304,63.31591292711971,23906100
7850,2017-05-03,62.74372863769531,63.0162073706772,62.40766391112624,63.0162073706772,28928000
7851,2017-05-04,62.49848937988281,62.743727859081325,62.34408407348267,62.69831127268215,21749400
7852,2017-05-05,62.67105484008789,62.69830201606543,62.207832059678296,62.58022861029705,19128800
7853,2017-05-08,62.6165657043457,62.71647664431776,62.14425818273276,62.64381288259304,18566100
7854,2017-05-09,62.70737457275391,62.92535886795214,62.380394665158654,62.54388461895629,22858400
7855,2017-05-10,62.95260620117188,63.17967519705501,62.59837912196184,62.66195816362528,17977800
7856,2017-05-11,62.18059158325195,62.425830052666925,61.87178098277134,62.089765343675175,28789400
7857,2017-05-12,62.10792541503906,62.31683199461525,61.799114826515066,62.31683199461525,18714100
7858,2017-05-15,62.1533432006836,62.19875978439139,61.37222508217417,61.88994226029342,31530300
7859,2017-05-16,63.40481185913086,63.43221521393518,62.2629589468369,62.32690243115268,34956000
7860,2017-05-17,61.64177703857422,63.12161362496333,61.59610014446679,62.92978321448013,30548800
7861,2017-05-18,61.85189437866211,62.235555325879496,61.33120967334771,61.56871705609469,25201300
7862,2017-05-19,61.8336181640625,62.208142277244725,61.59611081831478,61.660054299556464,26961100
7863,2017-05-22,62.52786636352539,62.57354327042789,61.66006088691799,62.016318458941456,16237600
7864,2017-05-23,62.737979888916016,62.80192338668244,62.46393234459216,62.77452002611376,15425800
7865,2017-05-24,62.82018280029297,62.920666423787885,62.5278687053944,62.91153661751945,14593900
7866,2017-05-25,63.59664535522461,63.83414575443801,62.94807370632506,63.002880418556245,21854100
7867,2017-05-26,63.90724182128906,64.14474924855574,63.5053072473484,63.761088229422825,19827900
7868,2017-05-30,64.31829833984375,64.31829833984375,63.73366319924722,63.7519367498408,17072800
7869,2017-05-31,63.79762268066406,64.61975843053226,63.77021931722167,64.42792791711624,30436400
7870,2017-06-01,64.03511047363281,64.50098841723025,63.44134556031328,64.16299744335491,21603600
7871,2017-06-02,65.55149841308594,65.64284525843881,64.16300127417907,64.34570193420238,34770300
7872,2017-06-05,66.0265121459961,66.58373701302222,65.5971742678627,65.74333480906479,33316800
7873,2017-06-06,66.24573516845703,66.33708897644647,66.01736458711756,66.04477491110462,31511100
7874,2017-06-07,66.12699127197266,66.47411207970866,65.72505678036,66.35536187505843,22301800
7875,2017-06-08,65.72504425048828,66.24572884748744,65.31398003102656,66.23659904301329,24588300
7876,2017-06-09,64.23609161376953,65.8438228275632,62.65576376094825,65.80728268982715,49187400
7877,2017-06-12,63.74281311035156,63.88897366795014,62.23556546438143,63.258668459614505,47761700
7878,2017-06-13,64.53753662109375,64.69282696528161,63.90723149909614,63.9620382160288,25258600
7879,2017-06-14,64.19042205810547,64.94861432208158,63.42309998563768,64.7750573595869,25510700
7880,2017-06-15,63.85240936279297,64.13558662431944,62.847580302209565,63.27691109670196,26068700
7881,2017-06-16,63.94376373291016,63.97116708799065,63.23124862354848,63.69712656786848,48345100
7882,2017-06-19,64.7385025024414,64.80244599394588,64.26348773470717,64.40051149345042,23798300
7883,2017-06-20,63.86154556274414,64.73848766060976,63.82500543750187,64.69281076172786,21512200
7884,2017-06-21,64.19042205810547,64.51014655761983,63.88897808353281,64.13561532987761,19891100
7885,2017-06-22,64.18126678466797,64.48271063963794,63.67884874419018,64.4370407073415,22965700
7886,2017-06-23,65.04906463623047,65.08560475943086,63.87067179795234,64.02596209456709,27617300
7887,2017-06-26,64.42790222167969,65.5058115595391,64.3456921641399,65.22263429114675,19607000
7888,2017-06-27,63.222110748291016,64.1081897168288,63.19470739368751,64.04424623298159,25215100
7889,2017-06-28,63.761043548583984,63.797576693960416,62.838424818258126,63.22208556853904,25806200
7890,2017-06-29,62.56441116333008,63.477893614998045,62.19901678879928,63.37740998776913,28918700
7891,2017-06-30,62.9663314819336,63.3773957048181,62.79276762504987,62.829307751199934,24161100
7892,2017-07-03,62.272098541259766,63.57837875704102,62.135074776381245,63.33174155571424,16165500
7893,2017-07-05,63.103363037109375,63.43221724391953,62.317767650764814,62.35430778144565,21176300
7894,2017-07-06,62.637474060058594,62.82930448538795,62.22640985854084,62.36342661283603,21117600
7895,2017-07-07,63.45048904418945,63.79760986023635,62.756240442777774,62.756240442777774,16878300
7896,2017-07-10,63.92550277709961,64.1721399638416,63.21298063572967,63.45048801618632,15014500
7897,2017-07-11,63.93461608886719,64.56492102583199,63.71538231617699,63.94375286211311,17460000
7898,2017-07-12,64.9942626953125,65.11301287742239,64.44617474580446,64.57406170171245,17750900
7899,2017-07-13,65.56062316894531,65.80726729864831,65.14042213723626,65.31398600855934,20269800
7900,2017-07-14,66.48324584960938,66.93085026001286,65.73419058412466,65.98996453292665,25868100
7901,2017-07-17,67.0039291381836,67.09527597953766,66.42843776526746,66.50151802607762,21803900
7902,2017-07-18,66.95825958251953,67.04046964941,66.37363143135185,66.76642215447383,26435300
7903,2017-07-19,67.46981811523438,67.63424524426955,67.09528694436375,67.14096385716401,22416200
7904,2017-07-20,67.79867553710938,67.8717558132727,66.9399997154871,67.76213539902771,42361000
7905,2017-07-21,67.40586853027344,67.86260973974596,66.8395069215731,67.09528088378688,46717100
7906,2017-07-24,67.23230743408203,67.36933119648086,66.80296956424746,67.16836394087166,21394800
7907,2017-07-25,67.77125549316406,67.88086891110765,67.14095046272035,67.41499794621336,22018700
7908,2017-07-26,67.64335632324219,67.944800137524,67.42411558827173,67.90826001502893,16252200
7909,2017-07-27,66.83038330078125,67.9813662372725,66.063054373802,67.37847140901304,36844200
7910,2017-07-28,66.72074127197266,66.96737840149801,66.26400016822365,66.38275034624458,18306700
7911,2017-07-31,66.4101791381836,67.08616124859898,66.14527532952647,66.95827424810284,23600100
7912,2017-08-01,66.30054473876953,67.06786649925054,66.21832771053707,66.77555245202207,22132300
7913,2017-08-02,66.00823974609375,66.28228028272082,65.25918446173829,66.2731504766889,26499200
7914,2017-08-03,65.9077377319336,66.17264838859853,65.63369030246899,65.94427785381657,18214400
7915,2017-08-04,66.39189910888672,66.72075332051632,65.98996463482443,66.13612515968977,22579000
7916,2017-08-07,66.13611602783203,66.5928571509948,66.00822907089177,66.50151032022553,18705700
7917,2017-08-08,66.49238586425781,66.80296654027255,65.54236331576689,65.85294399178164,22044600
7918,2017-08-09,66.2000732421875,66.23661337594022,65.81641229176073,65.99910599120646,22213400
7919,2017-08-10,65.2317886352539,65.94430386978046,65.17697494614683,65.67939310860446,24734500
7920,2017-08-11,66.22747039794922,66.41016408028563,65.11302081547228,65.41447166371287,21443700
7921,2017-08-14,67.22318267822266,67.34193987921827,66.6385543588143,66.7390380045863,20096600
7922,2017-08-15,67.24152374267578,67.58130843322839,67.07622062068207,67.58130843322839,19181400
7923,2017-08-16,67.63643646240234,68.04969090052158,67.19562565615176,67.3517433766457,18150400
7924,2017-08-17,66.48848724365234,67.83846176507465,66.48848724365234,67.57213964123056,22977500
7925,2017-08-18,66.57112121582031,66.8925419846532,66.05684798568768,66.36908330214041,18761500
7926,2017-08-21,66.25889587402344,66.56195279016566,65.84563453207086,66.55276733640271,17734800
7927,2017-08-22,67.18643951416016,67.25990213474921,66.44257180168331,66.44257180168331,14343700
7928,2017-08-23,66.7823486328125,67.17723903174569,66.60786005924156,67.00275045817475,13766500
7929,2017-08-24,66.75482940673828,66.9109471448901,66.18545017727472,66.80074267925012,17098300
7930,2017-08-25,66.87418365478516,67.36090757475286,66.56194831233337,66.91091846091734,12794300
7931,2017-08-28,66.88336181640625,67.12212752056378,66.62622520796147,67.09457817058001,14569700
7932,2017-08-29,67.08540344238281,67.18642240221934,66.16705435764902,66.35072137201678,11478400
7933,2017-08-30,67.96702575683594,68.15069279291363,66.88337342850159,67.04867656355083,16897800
7934,2017-08-31,68.66497802734375,68.83946664644296,67.77418504052815,67.9854014680645,27652800
7935,2017-09-01,67.90274047851562,68.63741561721042,67.62723292247495,68.609866262896,21736200
7936,2017-09-05,67.59968566894531,67.8568223258019,67.021128191018,67.3517274595133,21556000
7937,2017-09-06,67.40684509277344,67.99458812847749,67.36092482173889,67.7190805151695,16535800
7938,2017-09-07,68.27008056640625,68.50885333560593,67.5905040763982,67.66397369868254,17471200
7939,2017-09-08,67.93948364257812,68.36192347573612,67.81090829588311,68.26090449319301,14703800
7940,2017-09-11,68.65581512451172,68.82111832570726,68.24255361829732,68.24255361829732,17910400
7941,2017-09-12,68.58232879638672,69.09660218326013,68.29764274386028,68.6557984249256,14394900
7942,2017-09-13,69.06905364990234,69.0874245604814,68.46294672333391,68.81191695339153,13380800
7943,2017-09-14,68.66497802734375,69.32619068240443,68.43539068913931,68.87620146132961,15733900
7944,2017-09-15,69.16088104248047,69.23435066537415,68.02212991342392,68.72007731801614,38578400
7945,2017-09-18,69.02313995361328,69.76700067906302,68.91293551017836,69.08742412733795,23307000
7946,2017-09-19,69.28025817871094,69.52820935227504,68.88536778640692,69.06903480338421,16093300
7947,2017-09-20,68.82109069824219,69.38128426594072,68.24252622309055,69.19761022365118,21587900
7948,2017-09-21,68.15069580078125,69.09659439058092,68.05886227868928,68.97721151250622,19186100
7949,2017-09-22,68.3343734741211,68.42620700108156,67.82009311153426,67.94866145056872,14111400
7950,2017-09-25,67.27827453613281,68.18743841992598,66.96603211752289,68.04049916259204,24149200
7951,2017-09-26,67.27827453613281,67.78336246870705,67.03031629099412,67.65479412176455,18019600
7952,2017-09-27,67.82008361816406,68.1139550671712,67.19560591321788,67.54458307584687,19565100
7953,2017-09-28,67.83846282958984,67.93029635493777,67.3241824760335,67.53540589013771,10883800
7954,2017-09-29,68.4078369140625,68.45375718131918,67.84764328448657,67.9027490064844,17079100
7955,2017-10-02,68.51805114746094,68.88539231868498,68.23336506782609,68.60988468865443,15304800
7956,2017-10-03,68.19660949707031,68.76598148307377,68.13232533715225,68.57312900331956,12190400
7957,2017-10-04,68.59150695800781,68.61905631416813,67.6915216202283,68.04049180900678,13317700
7958,2017-10-05,69.7669906616211,69.9047444445231,68.8394559969592,69.07822875355946,21195300
7959,2017-10-06,69.79454040527344,69.82208976071745,69.37210060675217,69.49148348249237,13959800
7960,2017-10-09,70.06086730957031,70.29964008382703,69.66597683948955,69.76699582065781,11386500
7961,2017-10-10,70.06086730957031,70.37310270121843,69.92311351648186,70.0976021214905,13944500
7962,2017-10-11,70.18022918701172,70.21696398793638,69.74860403420553,70.12513048884816,15388900
7963,2017-10-12,70.8230972290039,70.97921492116127,70.13433528618737,70.24453271291078,16876500
7964,2017-10-13,71.1628646850586,71.51184180211554,70.97919768083175,71.25469818717202,15335700
7965,2017-10-16,71.30980682373047,71.45673903186,71.03429929962245,71.09858345438799,12380100
7966,2017-10-17,71.25470733642578,71.28226369640049,70.94247198785905,71.14450992231893,16824000
7967,2017-10-18,71.27310943603516,71.49351136715664,71.05270750491368,71.32820816720276,13300700
7968,2017-10-19,71.54859161376953,71.56695551546576,71.03431128244345,71.23634923334492,15092800
7969,2017-10-20,72.37510681152344,72.52204606408199,71.83328408222448,71.92511761184898,22866400
7970,2017-10-23,72.39347839355469,72.86183150092344,72.32919422157569,72.54041064102844,20627200
7971,2017-10-24,72.42102813720703,72.73326354378008,72.05368700689515,72.45776295088315,17517200
7972,2017-10-25,72.20980072021484,72.64142599899806,71.64042865581904,72.16388746049361,20410800
7973,2017-10-26,72.32918548583984,72.93529231894506,72.32000003196674,72.73325437242718,32120700
7974,2017-10-27,76.96685028076172,79.16170448136683,76.78318322885417,77.4811306377109,71066700
7975,2017-10-30,77.0403060913086,77.44438194079588,76.32399490827032,76.86581751876678,31756700
7976,2017-10-31,76.3882827758789,77.47193505595448,76.32399861546968,77.47193505595448,27086600
7977,2017-11-01,76.3882827758789,76.92092696581138,76.11277522758334,76.84745735207282,22307400
7978,2017-11-02,77.18726348876953,77.56378306827536,76.33319833714742,76.54441475806672,23992900
7979,2017-11-03,77.26991271972656,77.63725385612575,76.59033617158019,77.21481400152398,17633500
7980,2017-11-06,77.57295989990234,77.78417629734172,77.21480426385425,77.32500168636226,19860900
7981,2017-11-07,77.38929748535156,77.9678620662867,77.07706206604337,77.84847216535744,17939700
7982,2017-11-08,77.6556167602539,77.70153702913113,76.98522567592215,77.26991172490281,18034200
7983,2017-11-09,77.22399139404297,77.38929455283923,76.13116046142535,77.24236230415883,21178400
7984,2017-11-10,77.0219497680664,77.23316616002134,76.4342068417899,76.94848015066975,19397800
7985,2017-11-13,77.07705688476562,77.08624233955416,76.64543159354291,76.82910565706807,14196900
7986,2017-11-14,77.18726348876953,77.23317675110232,76.20462999229672,76.6821685579637,18801300
7987,2017-11-15,76.58734893798828,77.24265076286602,76.3196892560009,77.03959810469371,19383100
7988,2017-11-16,76.7903823852539,76.99343501124768,76.55041750147612,76.69808765752119,20962800
7989,2017-11-17,76.05203247070312,76.71656590761893,75.90435524399395,76.71656590761893,22079000
7990,2017-11-20,76.17201232910156,76.22738776640334,75.91358423284325,76.0520298677352,16315000
7991,2017-11-21,77.27031707763672,77.38106792113471,76.36581195313511,76.36581195313511,21237500
7992,2017-11-22,76.70732116699219,77.43646150515296,76.64271415179498,77.37185448995575,20553100
7993,2017-11-24,76.84577178955078,77.00267354501841,76.40274719816554,76.61503142857946,7425600
7994,2017-11-27,77.40876770019531,77.51029400775145,76.88268003451167,76.89190457764515,18265200
7995,2017-11-28,78.34095001220703,78.50708332236556,77.54720275718687,77.59335363731144,21926000
7996,2017-11-29,76.91962432861328,78.37790549760336,76.7719541189747,78.18408438653084,27381100
7997,2017-11-30,77.68565368652344,78.00868874465434,76.91959409035863,77.07650286856747,33054600
7998,2017-12-01,77.76872253417969,78.27634703349652,76.80884191960085,77.15956468503626,29532100
7999,2017-12-04,74.83369445800781,77.92561301481219,74.4829647015853,77.91638143131816,39094900
8000,2017-12-05,75.30441284179688,76.31044437060966,74.74141289902994,75.07367250529184,26152300
8001,2017-12-06,76.4027328491211,76.73499946984845,75.15673654221138,75.26749442966572,26162100
8002,2017-12-07,76.13506317138672,76.42118591574567,75.68281418025997,76.1812140454676,23184500
8003,2017-12-08,77.67642974853516,78.06407182131326,76.91037014640015,77.18725432339758,24489100
8004,2017-12-11,78.66400146484375,78.79321549462927,77.63951377037543,77.79641551488119,22857900
8005,2017-12-12,78.9870376586914,79.4208306398203,78.52555696244988,78.73783413940448,23924100
8006,2017-12-13,78.77474212646484,79.37466835374468,78.60860881801251,79.13469645450563,22062700
8007,2017-12-14,78.16560363769531,79.25469837719002,78.0179264329193,78.84859310569267,19306000
8008,2017-12-15,80.15922546386719,80.38073430912618,78.34098971500313,78.69171968177238,53936700
8009,2017-12-18,79.72539520263672,80.75911440197089,79.58695663982782,80.40839164012841,22283800
8010,2017-12-19,79.21776580810547,79.6977025599713,78.70090271959359,79.6977025599713,23524800
8011,2017-12-20,78.9316635131836,79.65157939023769,78.18406695973347,79.55927760794336,23674900
8012,2017-12-21,78.91320037841797,79.46697581485145,78.82090564595184,79.42083196943675,17990700
8013,2017-12-22,78.92240905761719,79.03315988777739,78.3778583233357,78.82088276888055,14145800
8014,2017-12-26,78.82087707519531,78.94085947974673,78.47937894305547,78.73780691694111,9891200
8015,2017-12-27,79.10701751708984,79.35622102822518,78.65476842122473,79.05164208867593,14678000
8016,2017-12-28,79.11624145507812,79.31006247742864,78.9593397286471,79.28237476589796,10594300
8017,2017-12-29,78.95014190673828,79.42085432896397,78.9132225950305,79.03320507685173,18717400
8018,2018-01-02,79.32852935791016,79.66079602459004,78.9131995453786,79.4946626912501,22483800
8019,2018-01-03,79.69770050048828,79.84537767671425,79.34697776940463,79.43004089980523,26061400
8020,2018-01-04,80.39915466308594,80.90678616479197,79.90075474549333,79.91921087208469,21912000
8021,2018-01-05,81.39596557617188,81.59901820448952,80.69451296242993,80.90679717611741,23407100
8022,2018-01-08,81.4790267944336,81.75591801589472,80.85141279520647,81.40518819649246,22113000
8023,2018-01-09,81.42365264892578,81.89436491616722,81.09138599459493,81.8205263170634,19484300
8024,2018-01-10,81.0544662475586,81.39596448530118,80.67605575210426,81.09138554690668,18652200
8025,2018-01-11,81.29443359375,81.3405774341089,80.51914243437955,81.3405774341089,17808900
8026,2018-01-12,82.69734954833984,82.86348290112365,81.63594240786763,81.83899506589644,24271500
8027,2018-01-16,81.54364776611328,83.79567609737316,81.2298442336,83.15883040397713,36599700
8028,2018-01-17,83.1957015991211,83.32491557209775,81.91278640911464,82.21736522040253,25621200
8029,2018-01-18,83.1588134765625,83.68490114699902,82.75271528430507,82.881929305701,24159700
8030,2018-01-19,83.06651306152344,83.62951999116017,82.75270961438719,83.19572707406607,36875000
8031,2018-01-22,84.552490234375,84.56172181957656,82.82654996677101,83.06652189055745,23601600
8032,2018-01-23,84.82014465332031,85.18933058066813,84.48787802287086,84.82014465332031,23412800
8033,2018-01-24,84.74632263183594,86.232291174809,84.5248138487651,85.42008760912448,33277500
8034,2018-01-25,85.2170181274414,86.05690924493165,84.84783220081054,85.34623214551682,26383200
8035,2018-01-26,86.813720703125,86.813720703125,85.44774218869482,85.94614203854405,29172200
8036,2018-01-29,86.68455505371094,88.09668522834635,86.49996554339931,87.8105693748718,31569900
8037,2018-01-30,85.5954360961914,86.44456591432663,85.00474137848475,86.11229925541208,38635100
8038,2018-01-31,87.69053649902344,88.05049076640181,86.30609484244994,86.52760353584407,48756300
8039,2018-02-01,86.99835205078125,88.66891009496645,86.3707379556869,87.48752051399764,47227900
8040,2018-02-02,84.70938110351562,86.73066846344267,84.4509530841275,86.42608956560578,47867800
8041,2018-02-05,81.2205810546875,86.05689550037707,81.2205810546875,83.58335934113711,51031500
8042,2018-02-06,84.2940444946289,84.43249007705744,78.68243894771999,80.19609468789959,67998600
8043,2018-02-07,82.70655059814453,84.70014305383842,82.3281331403306,83.51875388874058,41107600
8044,2018-02-08,78.46092987060547,82.95574619524817,78.23018958152493,82.79884448866575,55628700
8045,2018-02-09,81.38673400878906,82.07895503731416,77.3718534516708,79.6515691656086,63499100
8046,2018-02-12,82.2635498046875,82.86347614312584,81.15599890421433,81.90359540995188,35720300
8047,2018-02-13,82.90962219238281,83.06652393649232,81.03601172358822,82.07895554469059,26407700
8048,2018-02-14,84.20782470703125,84.37473842306427,81.98231792620902,82.07504619629103,34960900
8049,2018-02-15,85.92333221435547,85.97896776319378,84.03164573200189,84.57874749481522,27823900
8050,2018-02-16,85.31134033203125,86.70228609831437,85.12588372641325,85.72862123202978,30596900
8051,2018-02-20,85.97896575927734,86.29424329496455,84.39328898191938,84.82911963689817,30911700
8052,2018-02-21,84.8384017944336,86.57244975678518,84.8384017944336,86.22007943850997,26922500
8053,2018-02-22,85.06096649169922,85.98826359601432,84.71786401620507,85.35770128209144,24392800
8054,2018-02-23,87.22154998779297,87.23082493833363,85.64514798217061,86.79499423420944,26329200
8055,2018-02-26,88.48268127441406,88.51049905347593,87.39774544271198,87.5368414127362,30199800
8056,2018-02-27,87.35137176513672,88.87213823032556,87.35137176513672,88.77940994824613,25869100
8057,2018-02-28,86.95263671875,88.75159516558875,86.82281570451573,87.94484422737747,31167300
8058,2018-03-01,86.09952545166016,87.69447743133188,85.16295349620833,87.15664347079799,37135600
8059,2018-03-02,86.28500366210938,86.37773196326745,84.25422061558268,84.9218757034663,32830400
8060,2018-03-05,86.83208465576172,87.41627917945085,85.55241742899373,85.62659580720603,23901600
8061,2018-03-06,86.53536224365234,87.62029811704699,86.18299190413614,87.4812021416775,22175800
8062,2018-03-07,87.0361099243164,87.11029539327596,85.71007473420627,86.38700475770965,26716100
8063,2018-03-08,87.56465911865234,88.18594643289798,86.95263968094297,87.41628819749313,25887800
8064,2018-03-09,89.52122497558594,89.52122497558594,88.09318719731658,88.36210409141073,36937300
8065,2018-03-12,89.73453521728516,90.1425481959328,89.05761231149094,89.4841681188429,26073700
8066,2018-03-13,87.54608917236328,90.17033358636117,87.13807634027746,89.9477843482747,35387800
8067,2018-03-14,87.02682495117188,88.47341313045045,86.70227240523963,88.20449614247377,32132000
8068,2018-03-15,87.33281707763672,87.70373723029293,86.08096775279628,86.73007271390955,27611000
8069,2018-03-16,87.72227478027344,88.44556514337503,87.09171268108251,87.7964602212872,49081300
8070,2018-03-19,86.13660430908203,87.07317611370523,85.41331389401772,86.92480522101842,33344100
8071,2018-03-20,86.35916137695312,86.95263085190011,86.23861532178752,86.28498299862039,23075200
8072,2018-03-21,85.75642395019531,87.21227986005486,85.50604981506302,86.17370474246356,24457100
8073,2018-03-22,83.26200866699219,85.07951016041781,83.14146258913932,84.63440443307977,38604700
8074,2018-03-23,80.84174346923828,83.8832761483749,80.74901519481853,82.99307197946031,44068900
8075,2018-03-26,86.96189880371094,87.1659052458149,83.82763794921577,84.02236944175675,56396800
8076,2018-03-27,82.96525573730469,88.22302752336056,82.07505155194448,88.03757097109492,56569000
8077,2018-03-28,82.89107513427734,84.59730522870628,82.40888382535805,83.28981311221065,52501100
8078,2018-03-29,84.6343765258789,85.580223231572,81.97303921559718,83.62362640134856,45867500
8079,2018-04-02,82.08430480957031,84.27272569521483,81.14774019028542,83.89253770836049,48515400
8080,2018-04-03,83.18782043457031,83.5031051215195,81.50014002715612,83.06727436072475,37213800
8081,2018-04-04,85.6173095703125,86.0160474508871,81.35174598782241,81.46301706863498,35560000
8082,2018-04-05,85.6636962890625,86.30353349772999,84.75494916994111,85.71933892115194,29771900
8083,2018-04-06,83.66999816894531,85.73786618953994,82.97452552911318,84.83838711006955,38026000
8084,2018-04-09,84.17073059082031,86.39624440951826,84.03164172535632,84.42110469808229,31533900
8085,2018-04-10,86.12734985351562,86.49827009877914,84.97750346044243,85.67297626729331,26812000
8086,2018-04-11,85.1814956665039,86.507530545549,84.82912538367964,85.3205916194946,24872100
8087,2018-04-12,86.77644348144531,87.31427736824644,85.71005065753654,85.71005065753654,26758900
8088,2018-04-13,86.31280517578125,87.33283044568616,85.71933567057422,87.2122843843741,23346100
8089,2018-04-16,87.32356262207031,87.77794327620079,86.62808982563831,87.2308343308224,20288100
8090,2018-04-17,89.0854263305664,89.52125707122664,87.981940589296,88.09321878096935,26771000
8091,2018-04-18,89.42855072021484,89.68819282309806,88.57543185753426,89.22454418945898,21043300
8092,2018-04-19,89.12251281738281,90.01271706425881,88.40849018491964,89.42852251700988,23552500
8093,2018-04-20,88.09320831298828,89.12250847083297,87.21227905974405,88.93705191479653,31154400
8094,2018-04-23,88.41776275634766,89.28942415314572,87.75010782047802,88.77940800082466,22331800
8095,2018-04-24,86.34989166259766,89.45633492696753,85.6915116989329,89.24305352267785,34524800
8096,2018-04-25,85.59879302978516,86.51682225250191,83.71638104890029,86.51682225250191,33729300
8097,2018-04-26,87.40699005126953,88.23228355894638,86.33132246952164,86.74861023473589,42529000
8098,2018-04-27,88.85359954833984,90.78237903430274,87.08246593145121,90.50418710037384,48272800
8099,2018-04-30,86.72078704833984,89.39140615768173,86.37769178616821,89.32649566959148,41523600
8100,2018-05-01,88.09320831298828,88.36212527154099,86.04388294751499,86.43334596001996,31408900
8101,2018-05-02,86.71154022216797,88.25084948824724,86.41480547962772,88.0839357533987,27471000
8102,2018-05-03,87.23081970214844,88.02829560763037,85.72859616688189,86.20151957006628,31142500
8103,2018-05-04,88.2415771484375,88.43630865012378,86.16442698102252,86.53534715911191,22531300
8104,2018-05-07,89.2245101928711,89.67888369978998,88.18593510234251,88.25084560333093,24242000
8105,2018-05-08,88.84429931640625,89.16885883854061,88.14882675419734,88.88139203535626,23484600
8106,2018-05-09,89.89216613769531,89.91998391348001,88.13957551611873,89.02977971479936,27327400
8107,2018-05-10,90.7916259765625,90.82871161991184,89.994150225013,90.3743382044005,22388100
8108,2018-05-11,90.59691619873048,90.75456206921756,89.98490384320259,90.68965156068106,16778300
8109,2018-05-14,90.90291595458984,91.51493531778014,90.23526104009646,90.80091272739146,19454100
8110,2018-05-15,90.2445297241211,90.73599592574448,89.33577569255655,90.1703442777253,24594000
8111,2018-05-16,90.47736358642578,90.71019261927538,89.98376717364518,90.67293912137406,17384700
8112,2018-05-17,89.57398986816406,90.84058043279074,89.24803062845392,90.11415495418572,17246700
8113,2018-05-18,89.74162292480469,90.27247283510113,89.41566370012761,89.41566370012761,17865800
8114,2018-05-21,90.8964385986328,91.27828156257527,90.15139007481228,90.33765042942314,19422500
8115,2018-05-22,90.80333709716795,91.42731729808312,90.52393937164034,90.97097431140868,15441200
8116,2018-05-23,91.88365936279295,91.94885121233676,89.7043757680551,90.06758851628163,21251200
8117,2018-05-24,91.55768585205078,92.14441955745473,90.16071166642716,91.94884402411276,26649300
8118,2018-05-25,91.60425567626952,92.18167423834214,91.13859760841756,91.54837898184832,18363900
8119,2018-05-29,91.27831268310548,92.08855331782186,90.55188710492682,91.11998351179052,28671000
8120,2018-05-30,92.15372467041016,92.43312234079546,91.18516218526436,91.55768293860756,22158500
8121,2018-05-31,92.05128479003906,93.12229978285404,91.83708605470308,92.4703813204684,34140900
8122,2018-06-01,93.86735534667967,93.93254719278087,92.35862062999426,92.46106597463589,28655600
8123,2018-06-04,94.68690490722656,94.86385723756574,93.92322599972076,94.3050690061626,27281600
8124,2018-06-05,95.17121124267578,95.30159495113804,94.55653909817156,94.99425887888592,23514400
8125,2018-06-06,95.45059967041016,95.55304502547908,94.90112649811228,95.44129162386136,21122900
8126,2018-06-07,93.95117950439452,95.63686672634589,93.4855213855289,95.59961322419116,28232200
8127,2018-06-08,94.64965057373048,94.94767143486744,93.63451945795624,94.14673903830348,22165100
8128,2018-06-11,94.1095199584961,94.61242453448844,93.75561519824537,94.07226645187076,23490900
8129,2018-06-12,94.35164642333984,94.4820301290936,93.83011160032486,94.15607086470922,18325200
8130,2018-06-13,93.92324829101562,95.00357861945628,93.65316570890546,94.73349603734611,29492900
8131,2018-06-14,94.4541015625,95.02220509872129,94.06295040472202,94.6683074472145,25691800
8132,2018-06-15,93.25267791748048,94.55652186992111,93.19680122557148,94.53789867441076,65738600
8133,2018-06-18,93.93253326416016,94.16536226647952,92.5914359370798,93.14091607734971,23586000
8134,2018-06-19,93.93253326416016,94.06291693702885,92.66594292311257,92.80564174557963,28653100
8135,2018-06-20,94.87319946289062,95.47854940819522,94.17471219795772,94.40754128626868,26180800
8136,2018-06-21,94.19330596923828,95.4226428872154,93.95116180354316,95.06874534148996,23198200
8137,2018-06-22,93.5134735107422,93.84874084328868,92.78704082498282,93.5134735107422,38923100
8138,2018-06-25,91.63218688964844,93.2340516552099,90.6170557913436,93.13160631982788,35433300
8139,2018-06-26,92.27481842041016,93.20613469730884,91.96748234374256,92.0326741989103,26897200
8140,2018-06-27,90.84058380126952,93.15024401861363,90.7102001005507,92.74046971865964,31298400
8141,2018-06-28,91.85570526123048,92.3027401198608,90.5798067395022,90.69156012512626,26650700
8142,2018-06-29,91.83708190917967,93.04779569081953,91.57631453599646,92.13510277930024,28053200
8143,2018-07-02,93.14093780517578,93.18749935327511,91.26899020033626,91.36212040191388,19564500
8144,2018-07-03,92.24685668945312,93.71833063392693,92.1444113565282,93.57863891209976,14670300
8145,2018-07-05,92.90809631347656,93.0571031949815,92.22823243273476,92.66595213748084,18977400
8146,2018-07-06,94.2119369506836,94.46338916294756,92.82427089200073,93.02916156404127,19234600
8147,2018-07-09,94.85454559326172,95.22707346309272,94.29575734120428,94.66828521103528,18212000
8148,2018-07-10,95.10599517822266,95.46920786010496,94.863851021842,94.99423469711373,19293100
8149,2018-07-11,94.9756317138672,95.31089901778444,94.1560688887526,94.20263754213552,19644600
8150,2018-07-12,97.03382873535156,97.23871941844068,95.67410805393436,95.71135444597046,24335900
8151,2018-07-13,98.18863677978516,98.34695877936292,96.94066976426411,97.2014441878573,24635200
8152,2018-07-16,97.70438385009766,98.55187787906364,97.3411640029653,98.16072678877164,21786900
8153,2018-07-17,98.67294311523438,99.18516983918433,97.15490035074926,97.42498288652484,25901700
8154,2018-07-18,97.89995574951172,98.76608004883498,97.52742787032504,98.66363470442418,29493900
8155,2018-07-19,97.2293930053711,98.0768868808978,96.7544198500801,97.72298935452297,40171600
8156,2018-07-20,98.97095489501952,100.76839518094044,98.79400967469496,100.65664180081494,56004000
8157,2018-07-23,100.55419158935548,100.71251360710764,98.84056642162612,98.99889554475564,29707000
8158,2018-07-24,100.26551055908205,101.34583371076698,99.8929826392193,101.11300464902516,26316600
8159,2018-07-25,103.21775817871094,103.51577902660352,100.20960425013293,100.54487859218426,30702100
8160,2018-07-26,102.09090423583984,103.3761182835909,101.97914371219102,103.13397403504182,31372100
8161,2018-07-27,100.2841339111328,102.61242453211436,98.84990603596268,102.61242453211436,37005300
8162,2018-07-30,98.13278198242188,100.14442110395711,97.5646785816016,99.82777703419008,34668300
8163,2018-07-31,98.79401397705078,99.39005571493584,98.14208844129163,99.17584988473747,27655200
8164,2018-08-01,98.98028564453124,99.1386076949125,98.1793531356418,98.7474565920722,23628700
8165,2018-08-02,100.18167877197266,100.66596004747672,97.63918253578564,98.16072441561128,26104300
8166,2018-08-03,100.61940002441406,100.62871517563532,99.48319315829066,100.3958861327536,18659600
8167,2018-08-06,100.70320892333984,100.9732914492449,100.17235902218248,100.69390087806516,20265900
8168,2018-08-07,101.40171813964844,101.60660886645654,100.74048440655476,101.103697202122,16080200
8169,2018-08-08,101.96981048583984,102.2119546914715,101.28995362726864,101.82080358609802,15487500
8170,2018-08-09,102.13744354248048,102.59379358560211,102.07225169423144,102.17469704224828,13677200
8171,2018-08-10,101.5134506225586,102.15606097820206,100.93603210695304,101.90460166278606,18183700
8172,2018-08-13,100.77771759033205,102.05362324656669,100.67527224758584,101.73697206752075,18472500
8173,2018-08-14,102.03499603271484,102.21194837651828,100.61939859842248,101.10367987438666,16788300
8174,2018-08-15,100.65137481689452,101.89478685796904,99.86605481612388,101.42733668430571,29982800
8175,2018-08-16,100.63265991210938,101.77323933083412,100.31479725848324,101.24969748593332,21384300
8176,2018-08-17,100.57656860351562,100.87573639224772,99.74450796820688,100.3708894113768,18061500
8177,2018-08-20,99.91278839111328,100.87573446984617,99.54817787844205,100.51112395717492,17914200
8178,2018-08-21,99.08071899414062,100.36152760831132,98.95917741220248,99.95952026678457,22881900
8179,2018-08-22,100.09040832519533,100.35217922739471,98.89373726787105,98.9591799934209,18000600
8180,2018-08-23,100.55784606933594,101.13748666220036,99.91276989166944,100.17454076176266,18167700
8181,2018-08-24,101.34318542480467,101.4927657512107,100.55786552982454,100.66070512479484,17234000
8182,2018-08-27,102.4650421142578,102.50243897147662,101.4460045027498,102.15652339174356,19662300
8183,2018-08-28,103.08208465576172,103.30645867744664,102.64268047761767,102.78291691594131,19151500
8184,2018-08-29,104.7275161743164,104.73686717338126,103.0914408413647,103.25972316092006,20818000
8185,2018-08-30,104.66205596923828,105.27909341547895,104.18526208738454,104.4002851009136,22798700
8186,2018-08-31,105.017333984375,105.43803619246874,104.26006002399548,104.4189984679776,23222700
8187,2018-09-04,104.43770599365234,104.67143105597796,103.04470661935406,103.6336912086344,22634600
8188,2018-09-05,101.42730712890624,104.16656463367664,101.06269667031236,103.78325931198218,32872400
8189,2018-09-06,101.66104125976562,101.89476629944036,100.51111805889028,101.20294217916532,23477600
8190,2018-09-07,101.1655502319336,101.64235133319724,100.24935202622028,101.1842522303406,22498600
8191,2018-09-10,102.25938415527344,102.50246021120331,101.30578906312182,101.75453717729106,20727900
8192,2018-09-11,103.99827575683594,104.32548933581042,101.80126214632608,101.81061314364564,24301800
8193,2018-09-12,104.43770599365234,104.56859145793686,103.3158285475785,104.17593506508332,18891100
8194,2018-09-13,105.55957794189452,106.32619576928528,104.82100597739144,104.82100597739144,26055600
8195,2018-09-14,105.98963928222656,106.32620392814825,105.12018180238265,105.98028828297248,19122300
8196,2018-09-17,104.83970642089844,106.2981484304441,104.57793550972076,106.2888045641323,20736500
8197,2018-09-18,105.8400421142578,106.298141177562,104.447042927553,104.8864471267868,22170900
8198,2018-09-19,104.42832946777344,105.9428700692128,103.81129916307518,105.69045020200014,21728400
8199,2018-09-20,106.17660522460938,106.39163538834184,104.64336961457848,104.97058322658718,23714500
8200,2018-09-21,106.82170104980467,107.7846471344068,106.12052588535973,106.57862499563475,71229700
8201,2018-09-24,107.20500183105467,107.42003201065656,104.91449924523086,105.67176610786966,27334500
8202,2018-09-25,106.9993133544922,107.60699984468816,106.34488613903298,107.3265340949435,22668000
8203,2018-09-26,106.5599136352539,107.56960029489622,106.33553248180316,107.01801267461988,19352000
8204,2018-09-27,106.96194458007812,107.42939472060942,106.76560924425866,107.30785311912852,19091300
8205,2018-09-28,106.92454528808594,107.11152248696897,106.2794618263105,106.75626295600205,21647800
8206,2018-10-01,108.08380126953124,108.14924399130588,107.2610917482613,107.2797866118876,18883100
8207,2018-10-02,107.6537628173828,108.29883912527016,106.98998451058704,107.79399927830536,20787200
8208,2018-10-03,107.67243194580078,108.61668294873004,107.44805794159218,107.90615694722835,16648000
8209,2018-10-04,105.44740295410156,107.2891576385007,104.36291521056222,107.14892117059846,34821700
8210,2018-10-05,104.83036041259766,105.80265750949106,103.43736106452891,105.29781052844702,29068900
8211,2018-10-08,103.6336669921875,104.7368493138888,102.22196594845556,104.39094086741916,29640600
8212,2018-10-09,104.95187377929688,105.71849147778772,103.58692066406786,103.90478323364468,26198600
8213,2018-10-10,99.24900817871094,104.2413717990106,98.90309253859334,103.99829575101654,61376300
8214,2018-10-11,99.0152816772461,101.83867708785864,97.41659608958696,98.49173272519168,63904300
8215,2018-10-12,102.43701171875,103.99829329654509,100.1465091469056,101.9134699040935,47742100
8216,2018-10-15,100.59524536132812,102.35286204486836,99.98755889377902,101.81996929421916,32068100
8217,2018-10-16,103.77392578125,104.15723830018494,101.8573774520207,102.408972298072,31610200
8218,2018-10-17,103.50277709960938,104.53116566268754,102.41829681956794,104.40963123169352,26548200
8219,2018-10-18,101.43667602539062,103.33452237108165,100.8102945765343,102.93251498263064,32506200
8220,2018-10-19,101.58623504638672,103.64301214516568,101.16552577659958,101.83865490208238,32785500
8221,2018-10-22,102.49310302734376,103.343865605402,101.19359236219374,102.20328625723356,26545600
8222,2018-10-23,101.06270599365234,101.87607170163189,98.26735650897932,100.75418722861988,43770400
8223,2018-10-24,95.65901184082033,101.42734578981695,94.97653138760468,101.35255917618689,63897800
8224,2018-10-25,101.24968719482422,102.156534331791,99.23965048356392,99.61361196307872,61646800
8225,2018-10-26,99.99691009521484,101.67038206747036,97.94013280532933,98.80959015107724,55523100
8226,2018-10-29,97.08937072753906,101.62363463510458,95.01389143337089,101.0720470181666,55162000
8227,2018-10-30,96.9771957397461,97.58487513133063,93.5928546275057,96.91175301452674,65350900
8228,2018-10-31,99.85668182373048,101.10010072368644,98.52912533475232,98.57587319491266,51062400
8229,2018-11-01,99.02464294433594,100.33350485538467,98.66003237998486,100.081084900343,33384200
8230,2018-11-02,99.24900817871094,100.3334886964832,98.14582566270398,99.54817595596424,37680200
8231,2018-11-05,100.51111602783205,100.72613906566336,99.00592623212472,99.4453304390696,27922100
8232,2018-11-06,100.70744323730467,101.75452681892408,99.36118476639754,100.3895734837974,24340200
8233,2018-11-07,104.67142486572266,104.9331957788106,102.2780826515216,102.3154795152088,37901700
8234,2018-11-08,104.47509765625,104.90515089358392,103.68978490965478,104.52184551947602,25644100
8235,2018-11-09,102.43701171875,104.19462147704128,101.67974486073297,103.6336827995204,32039200
8236,2018-11-12,99.91278839111328,102.80162662731192,99.19291123234618,102.29677965606191,33621800
8237,2018-11-13,99.97824096679688,101.66105723730116,99.69776802201784,100.54853072385048,35374600
8238,2018-11-14,98.56041717529295,101.64952700639314,98.0909477267404,101.4992933443594,39495100
8239,2018-11-15,100.72936248779295,101.21761471982065,97.56514302839844,98.57919158042672,38505200
8240,2018-11-16,101.6777114868164,102.23168209273705,100.27869429568618,100.54159608585438,33502100
8241,2018-11-19,98.23179626464844,101.93121088419116,97.2271318671545,101.6589177270246,44773900
8242,2018-11-20,95.4994888305664,96.6825540259116,93.28359212466616,95.58399706914496,64052500
8243,2018-11-21,96.81399536132812,98.053394484354,95.99711589887684,97.27407343939268,28130600
8244,2018-11-23,96.77644348144533,97.4712563431075,95.77177902721112,95.93139693967446,13823100
8245,2018-11-26,99.96884155273438,100.11906807532434,98.19424732570069,98.39142366608928,32336200
8246,2018-11-27,100.5979461669922,100.7763469088353,98.92663552300203,99.7810664771996,29124500
8247,2018-11-28,104.33489990234376,104.53207622448627,101.27395688436408,101.30212390702218,46788500
8248,2018-11-29,103.46167755126952,104.3348909968164,102.37250501121746,103.59312842147789,28123200
8249,2018-11-30,104.11895751953124,104.19407436771336,102.68238182484856,103.94055679598294,33665600
8250,2018-12-03,105.24567413330078,106.49446478261012,103.96872362233894,106.10011210289235,34732800
8251,2018-12-04,101.89366912841795,105.7621008428897,101.60260029646932,105.10484633089696,45197000
8252,2018-12-06,102.5227508544922,102.56969350598231,98.5885941846952,99.35852387178662,49107400
8253,2018-12-07,98.41957092285156,102.76685526154708,97.93132586808224,101.76219096886648,45044900
8254,2018-12-10,101.02045440673828,101.38664724646851,97.54638259953128,98.40082061967377,40801500
8255,2018-12-11,101.95938873291016,104.17528547989971,100.87961454848823,103.0955112954778,42381900
8256,2018-12-12,102.41946411132812,104.47573557527828,102.38190569307086,104.11894134713806,36183000
8257,2018-12-13,102.7668685913086,104.1001673884378,101.99693891353289,102.88893524348528,31333400
8258,2018-12-14,99.55571746826172,102.58849409116596,99.0580808622288,101.6401635387324,47043100
8259,2018-12-17,96.60746002197266,99.33977671085108,95.4995114070983,98.9735909720275,56957300
8260,2018-12-18,97.62149810791016,98.12852607496308,96.2600321324338,97.41493036242156,49319200
8261,2018-12-19,97.35857391357422,100.35378404354468,95.16145322842692,97.32101549907637,68198200
8262,2018-12-20,95.31171417236328,97.94073946803869,92.7484071664542,96.75768130857648,70334200
8263,2018-12-21,92.23198699951172,96.71072316296684,91.5089999118586,95.42437407212024,111242100
8264,2018-12-24,88.38232421875,91.98785365188252,88.24148910160636,91.71556048617822,43935200
8265,2018-12-26,94.41970825195312,94.54177491269796,88.22271197590663,89.33066033764952,51634800
8266,2018-12-27,95.00184631347656,95.01123770906965,90.51371913379975,93.23664360938211,49498500
8267,2018-12-28,94.26007843017578,96.15673907674504,93.44319898375808,95.85627174272292,38196300
8268,2018-12-31,95.3680191040039,96.14734007198868,94.30702077797037,95.10511737107772,33173800
8269,2019-01-02,94.94551849365234,95.53704751116284,92.89863109581522,93.47138448444416,35329300
8270,2019-01-03,91.4526824951172,94.07232380817214,91.26489035087044,93.98781555237666,42579100
8271,2019-01-04,95.7060317993164,96.25061802045236,92.88921541024229,93.63097791898927,44060600
8272,2019-01-07,95.828125,96.96424048393544,94.81407618722643,95.43377228594711,35656100
8273,2019-01-08,96.52291870117188,97.6214754598207,95.4994716078362,96.74826202418149,31514400
8274,2019-01-09,97.90318298339844,98.475936443626,96.93607679553337,97.51822165314393,32280800
8275,2019-01-10,97.27406311035156,97.41490537009965,96.12855657091828,96.91726892738666,30067600
8276,2019-01-11,96.52291870117188,97.12383900488756,95.43374617347776,96.88910428738816,28314200
8277,2019-01-14,95.81874084472656,96.5886706428792,95.07697807423826,95.6778985428678,28437100
8278,2019-01-15,98.59796905517578,98.63552746819464,95.65908591737973,96.25062196800825,31587600
8279,2019-01-16,98.94538879394533,99.77165969487407,98.55103613497624,98.8327206991176,29853900
8280,2019-01-17,99.64022827148438,100.11908209510976,98.36327041474183,98.5886138119501,28393000
8281,2019-01-18,101.13313293457033,101.31153366178192,99.44304679698972,100.89839815183382,37427600
8282,2019-01-22,99.22706604003906,100.56035759643368,98.45713640684288,100.23173040486252,32371300
8283,2019-01-23,100.19416046142578,100.50401199077577,98.90781170122224,99.64018999701344,25874300
8284,2019-01-24,99.7153091430664,100.46646313472148,98.9078211092746,100.33501226071212,23164800
8285,2019-01-25,100.62608337402344,101.29272915446845,99.71531146607298,100.69180881255927,31225600
8286,2019-01-28,98.66370391845705,99.978219845634,98.2693512893646,99.7716521360516,29476700
8287,2019-01-29,96.65438842773438,98.56043355954472,95.93140134519749,98.47592531971864,31490500
8288,2019-01-30,99.88433837890624,99.88433837890624,97.95951753166784,98.23181072892862,49471900
8289,2019-01-31,98.05339813232422,98.79516078739206,96.8797244053566,97.46186915280548,55636400
8290,2019-02-01,96.50413513183594,97.74353414366934,96.10039113446032,97.44307399424108,35535700
8291,2019-02-04,99.2834014892578,99.33974269685038,96.49475169186938,96.58865131667844,31315100
8292,2019-02-05,100.67303466796876,100.71997731702224,99.48996959337192,99.58386205501454,27325400
8293,2019-02-06,99.55571746826172,100.46648959486711,99.0862478907156,100.46648959486711,20609800
8294,2019-02-07,98.84209442138672,99.14255458153924,97.92193831496633,98.76698475400003,29760700
8295,2019-02-08,99.21769714355467,99.32098102197416,97.8937966820079,98.01585619125947,21461100
8296,2019-02-11,98.8233413696289,100.07213210571014,98.56043956488274,99.7153306590944,18914100
8297,2019-02-12,100.36319732666016,100.59793209581476,99.03929695366725,99.65899301919634,25056600
8298,2019-02-13,100.2880630493164,101.19883494149272,100.1941705906822,100.93593319190276,18394900
8299,2019-02-14,100.37257385253906,100.73875946508517,99.20829157581647,99.81859615436956,21784700
8300,2019-02-15,101.61198425292967,101.68710109552477,100.8044961038736,101.32091544229426,26606900
8301,2019-02-19,101.56503295898438,102.02511824053872,101.19884731107707,101.20823870714902,18038500
8302,2019-02-20,101.03697204589844,101.78190251049664,100.2260354486968,101.70646487491302,21607700
8303,2019-02-21,103.16804504394533,103.23405118074236,100.7729539179632,100.80124123457205,29063200
8304,2019-02-22,104.6390380859375,104.85591229904756,103.55464543800016,103.77152684523924,27763200
8305,2019-02-25,105.2236557006836,105.77999924717558,104.91248805664524,105.38396246812415,23750600
8306,2019-02-26,105.94973754882812,106.77952997973644,104.82762607085932,104.91249521166048,21536700
8307,2019-02-27,105.77059173583984,105.94975435496126,104.5541866150196,105.31798022686918,21487100
8308,2019-02-28,105.63856506347656,106.44007019683993,105.35568470741674,105.64799656691731,29083900
8309,2019-03-01,106.11005401611328,106.57209703003296,105.29911726850636,106.44951624507108,23501200
8310,2019-03-04,105.85543060302734,106.78894786804776,104.47872626643442,106.57206648621062,26608000
8311,2019-03-05,105.32737731933594,105.9780142887437,104.8841974296143,105.84600203323028,19538300
8312,2019-03-06,105.37454223632812,106.23262921018188,105.0727988684725,105.4876986970725,17687000
8313,2019-03-07,104.09213256835938,105.18595678834023,103.6018022865907,105.04451300898003,25339000
8314,2019-03-08,104.20529174804688,104.393878662692,102.59284988720334,102.93231208886826,22818400
8315,2019-03-11,106.39292907714844,106.50607834405751,104.6484750023828,104.6578993118723,26491600
8316,2019-03-12,107.1378402709961,107.48672670655355,106.22317882640738,106.38347838837312,26132700
8317,2019-03-13,107.96765899658205,108.43913349001689,107.28873457497508,107.6187652815535,35513800
8318,2019-03-14,108.05252838134766,108.6277278784163,107.80736680767896,108.00538524524076,30763400
8319,2019-03-15,109.2972183227539,110.56076648656092,108.05251877875816,108.759730504685,54681100
8320,2019-03-18,110.86251831054688,110.90023713543076,109.42923893561006,109.5423882161315,31207600
8321,2019-03-19,110.93791961669922,111.68284997732157,110.31557000119402,111.35281216624146,37588700
8322,2019-03-20,110.81536865234376,111.9751991436277,110.05158222767524,110.69278786632606,28113300
8323,2019-03-21,113.36132049560548,113.92708840968866,110.40988576702044,110.45703609074792,29854400
8324,2019-03-22,110.37216186523438,112.76724552866403,110.362730362712,112.68238358834826,33624500
8325,2019-03-25,110.94737243652344,111.27740311688991,109.68381715352558,109.91012287804412,27067100
8326,2019-03-26,111.18309783935548,111.93745257222903,110.18356720695844,111.85259063235875,26097700
8327,2019-03-27,110.108154296875,111.46600319269108,108.92946801762636,111.1548282883782,22733400
8328,2019-03-28,110.259033203125,110.87195152722418,109.50467108205982,110.73993923515732,18334800
8329,2019-03-29,111.21139526367188,111.56971325480446,110.2873021787848,111.3339760304498,25399800
8330,2019-04-01,112.2297821044922,112.31465125187796,111.36227078749133,112.16377596502755,22789100
8331,2019-04-02,112.39007568359376,112.66353171326747,111.75829448683707,112.26748772890588,18142300
8332,2019-04-03,113.1255874633789,113.55934312007724,112.35236960680716,113.02186250263262,22860700
8333,2019-04-04,112.55036926269533,113.37073730799234,111.62627627394252,113.2481493598382,20112800
8334,2019-04-05,113.0501480102539,113.37075439128104,112.55981772613708,112.57867353954832,15826200
8335,2019-04-08,113.08787536621094,113.17273732416052,111.87147027669008,112.9747188948148,15116200
8336,2019-04-09,112.47494506835938,112.72011379982698,111.8148837076342,111.862026836755,17612000
8337,2019-04-10,113.33304595947266,113.48391406298104,112.7201276525438,112.92757758973173,16477200
8338,2019-04-11,113.4650421142578,113.95537237360278,113.07842961462904,113.6630605186546,14209100
8339,2019-04-12,114.04966735839844,114.07796186866072,113.50276246019122,113.75735549951791,19745100
8340,2019-04-15,114.14398956298828,114.64375142674132,113.6913708369846,114.04026458815682,15792600
8341,2019-04-16,113.87991333007812,114.70971280486752,113.24813941659276,114.70028130334644,14071800
8342,2019-04-17,114.82289123535156,114.89832887844148,113.66306804789475,114.3231294396076,19300900
8343,2019-04-18,116.33161163330078,116.47304821694932,114.37970764352792,115.21893161244628,27991000
8344,2019-04-22,116.69937133789062,116.92567708563546,115.57725971535044,115.6244100434402,15648700
8345,2019-04-23,118.28351593017578,118.41552820467672,116.76536757928535,117.01996062464308,24025500
8346,2019-04-24,117.87804412841795,118.6701177520763,117.41599398715476,118.61354312013762,31257000
8347,2019-04-25,121.7818374633789,123.87518504839596,121.48010131515296,122.63992436471402,38033900
8348,2019-04-26,122.47966003417967,123.07372258117589,121.65929890795572,122.3004974001166,23654900
8349,2019-04-29,122.3664779663086,122.7530760650187,121.97044117048456,122.48905153446935,16324200
8350,2019-04-30,123.14911651611328,123.2434027612304,122.00814216062052,122.4041789219282,24166500
8351,2019-05-01,120.58432006835938,123.19628573124471,120.41458895420628,123.08313645122946,26821700
8352,2019-05-02,119.00955963134766,120.69743873951592,118.35892269852152,120.67858293012918,27350200
8353,2019-05-03,121.54611206054688,122.0458738454241,119.9902520718927,120.09397703035356,24911100
8354,2019-05-06,120.83892059326172,121.22553317483236,118.91531077309338,119.17933536824862,24239800
8355,2019-05-07,118.35896301269533,119.92426190768532,117.13313354944486,119.24533743246704,36017700
8356,2019-05-08,118.34950256347656,119.16043908412868,117.63285948133856,118.28349643710386,28419000
8357,2019-05-09,118.34009552001952,118.61355158411833,116.52020372346044,117.1991281316878,27235800
8358,2019-05-10,119.87708282470705,120.63144477049092,116.75592448243032,117.78374245370766,30915100
8359,2019-05-13,116.312744140625,118.38723601506592,116.02043228685147,117.02938731136852,33944900
8360,2019-05-14,117.614013671875,118.69839909818364,116.64277030962414,116.80307708226988,25266300
8361,2019-05-15,119.27030181884766,119.92334738014344,117.07456248229576,117.60457350888436,24722700
8362,2019-05-16,122.02442932128906,122.45033861990112,119.6867299842186,119.96119828663186,30112200
8363,2019-05-17,121.2104949951172,123.4724844734494,121.06852042711031,121.43763119749865,25770500
8364,2019-05-20,119.45958709716795,120.7562045067827,119.02422582189676,119.7435145962962,23706900
8365,2019-05-21,120.10318756103516,120.69944191391446,119.8003271756544,120.60479939737569,15293300
8366,2019-05-22,120.83192443847656,121.3714018640048,119.74351761250284,119.83816733535626,15396500
8367,2019-05-23,119.42171478271484,119.52582368653128,118.05883983876085,119.44064039215462,23603800
8368,2019-05-24,119.47850799560548,120.59530677794469,119.22297253439444,120.11262788223944,14123400
8369,2019-05-28,119.40277862548828,121.14422337047482,119.2986697308686,120.17885851762505,23128400
8370,2019-05-29,118.24813842773438,118.67403326035816,117.39634154172734,118.66456684474714,22763100
8371,2019-05-30,118.9958267211914,119.02421874734068,118.09670497549423,118.55099905616096,16829600
8372,2019-05-31,117.05563354492188,117.94528895437432,116.71491475920648,117.576178139976,26646800
8373,2019-06-03,113.4212875366211,117.70866383104504,112.63574836875598,117.21651132846344,37983600
8374,2019-06-04,116.56346893310548,116.6770370290661,114.18790424222408,114.78415840829408,29382600
8375,2019-06-05,119.0904769897461,119.12833543400308,117.55724249075764,118.25760565761216,24926100
8376,2019-06-06,120.97388458251952,121.11585193756729,118.87278794594,119.66780080175154,21459000
8377,2019-06-07,124.36211395263672,125.16659310648754,121.39029523083146,122.270491259052,33885600
8378,2019-06-10,125.49786376953124,126.89858996594776,124.92999438209615,125.3085643460406,26477100
8379,2019-06-11,125.024658203125,127.0500380659846,124.24857091548196,126.70931928337644,23913700
8380,2019-06-12,124.44734191894533,124.90162886037974,123.7091202235438,124.36215138369016,17092500
8381,2019-06-13,125.23287963867188,125.87645155680694,124.51357638720276,124.91107923808389,17200800
8382,2019-06-14,125.3559112548828,126.6241367428768,124.58929755604348,125.17608543584228,17821700
8383,2019-06-17,125.73448944091795,126.56734635477974,125.43162187840804,125.52627160207246,14517800
8384,2019-06-18,127.92076110839844,127.99647799831632,126.4159258302713,127.00271367523456,25934500
8385,2019-06-19,128.42239379882812,128.64953006408163,126.64308269955592,127.7693481531794,23744400
8386,2019-06-20,129.6148681640625,130.28684646756167,128.45075178859747,130.08808784661952,33042600
8387,2019-06-21,129.6338348388672,130.35312374519395,129.15115583559134,129.26472396776862,36727900
8388,2019-06-24,130.40040588378906,130.9871936297864,129.6621843834964,129.6621843834964,20628800
8389,2019-06-25,126.28340911865234,130.22060070400872,125.62090439071255,129.8988147563694,33327400
8390,2019-06-26,126.75662994384766,128.4696974972972,126.44431763059032,127.15414722557898,23657700
8391,2019-06-27,126.96485900878906,127.49487728413084,126.35913827849126,126.9553998122999,16557500
8392,2019-06-28,126.7850570678711,127.39077784327608,126.02790248823426,127.36238581017292,30043000
8393,2019-07-01,128.4128875732422,129.3782597801581,127.74092370369236,129.3120165334436,22613500
8394,2019-07-02,129.26466369628906,129.27412288905256,128.09107392541122,128.82929532340216,15237800
8395,2019-07-03,130.0975799560547,130.36258186059408,128.9902330330971,129.47292642041725,13629300
8396,2019-07-05,129.71896362304688,129.97450626875906,128.450738471244,128.65895626530323,18141100
8397,2019-07-08,129.62432861328125,129.75682953325682,128.11947920028783,129.0943104918618,16779700
8398,2019-07-09,129.15110778808594,129.63378661179294,128.52645441045308,128.7157393741705,19953100
8399,2019-07-10,130.46665954589844,131.15755617149077,129.68111321640922,129.78522211408892,24204400
8400,2019-07-11,130.9871826171875,131.7632697115642,130.4855709845846,130.79789766099108,22327900
8401,2019-07-12,131.46043395996094,131.67812543157316,130.6181034262787,131.41312354062953,18936800
8402,2019-07-15,131.46043395996094,132.06615463090637,131.0440127324209,131.9715193507236,16651500
8403,2019-07-16,129.7379150390625,131.60240181747258,129.20791128425907,131.5172257372047,22726100
8404,2019-07-17,128.97125244140625,130.54233027733537,128.92392760095052,130.32465334105544,20211000
8405,2019-07-18,129.1132354736328,129.30252042759113,127.4569668538441,128.2898379810802,30381800
8406,2019-07-19,129.30258178710938,133.13566530016885,129.14168877781847,132.7097703412785,48992400
8407,2019-07-22,131.01560974121094,131.73491298560137,129.97453498244002,130.0502518735085,25074900
8408,2019-07-23,131.82949829101562,132.49201722632023,130.63699020219403,132.27432583145622,18034600
8409,2019-07-24,133.18295288085938,133.20188571239342,131.41311583268305,131.46042624923948,20738300
8410,2019-07-25,132.68130493164062,133.0788076362137,131.85790750370464,132.90844108195944,18356900
8411,2019-07-26,133.76974487304688,134.09153081160505,132.78545422524547,132.85169747541002,19037600
8412,2019-07-29,133.47634887695312,133.93063575026378,131.90525598991798,133.9211765551079,16605900
8413,2019-07-30,132.83277893066406,133.65617660823088,132.31223435917718,132.63402029736196,16846500
8414,2019-07-31,128.97125244140625,132.96522635844042,127.84498766952268,132.81379264558754,38598800
8415,2019-08-01,130.66537475585938,133.39112387918303,129.59589399314982,129.66215165950112,40557500
8416,2019-08-02,129.56753540039062,130.91149192537137,128.01537551398795,130.69380048678676,30791600
8417,2019-08-05,125.12876892089844,126.75663152619516,123.7753529666344,126.16038447919516,42749600
8418,2019-08-06,127.4759521484375,128.41291811069968,126.07522558281332,126.63362148134648,32696700
8419,2019-08-07,128.03433227539062,128.38451026328033,124.76911894299722,126.62413224489563,33414500
8420,2019-08-08,131.45094299316406,131.5455926919903,128.64947654119618,129.2836035286021,27496500
8421,2019-08-09,130.33413696289062,131.91468855295295,129.15108806839655,131.18592639032045,23466700
8422,2019-08-12,128.5170135498047,130.47615024976935,127.99648337721494,129.72846939788027,20484300
8423,2019-08-13,131.1764678955078,131.36575283133024,127.76928128464466,128.763045249606,25154600
8424,2019-08-14,127.22621154785156,130.01801170078042,126.93184062512688,129.48624300300546,32527300
8425,2019-08-15,126.9413070678711,127.79594758854012,125.58339900902332,127.61552299563418,28074400
8426,2019-08-16,129.26783752441406,129.58120431754875,127.92891063273218,128.0808486820599,24449100
8427,2019-08-19,131.4329071044922,131.56584927837773,129.98952458115596,130.90113840894995,24355700
8428,2019-08-20,130.34085083007812,131.7177693230265,130.3218694432683,131.24297383983276,21170800
8429,2019-08-21,131.7937469482422,132.45847233290272,131.0435763287455,131.56585434971703,14970300
8430,2019-08-22,130.8346710205078,132.1830887511632,129.41977495254412,131.67031589174667,18697000
8431,2019-08-23,126.6659164428711,131.37589319412322,126.1056613474456,130.27436438678765,38508600
8432,2019-08-26,128.62208557128906,128.7265411507376,127.15021676618947,128.18528186785502,20312600
8433,2019-08-27,128.89749145507812,129.8280866061358,127.87193140530452,129.5147198279042,23102100
8434,2019-08-28,128.7265625,128.9164778151473,126.81788967491356,128.08084753057724,17393300
8435,2019-08-29,131.15753173828125,131.46140787690328,130.00853450194475,130.33139203202182,20168700
8436,2019-08-30,130.91062927246094,132.16408198648247,129.40078290504013,132.13559541272812,23940100
8437,2019-09-03,129.18235778808594,130.28388686416372,128.8595003142867,129.72363163205165,18869300
8438,2019-09-04,130.69224548339844,130.74921863880024,129.60020687628565,130.37887863907628,17995900
8439,2019-09-05,132.990234375,133.303601171857,131.7652537609581,132.09761643660917,26101800
8440,2019-09-06,132.08807373046875,133.113618947765,131.23343339658274,132.9711861369195,20824500
8441,2019-09-09,130.58778381347656,132.70536809885724,129.5812194757515,132.55343003175605,25773900
8442,2019-09-10,129.2203369140625,129.98950325748305,127.72947218255725,129.90404355034917,28903400
8443,2019-09-11,129.25831604003906,129.40076337692398,128.28023851644974,129.05891005385143,24726100
8444,2019-09-12,130.58778381347656,131.4424100841004,129.97054084948235,130.90115064326838,27010000
8445,2019-09-13,130.39779663085938,131.10048444723145,129.68560363452318,130.83460022110089,23363100
8446,2019-09-16,129.45773315429688,129.80907716152876,128.82150897030047,128.98293768955858,16731400
8447,2019-09-17,130.4643096923828,130.58776116169005,129.55269593751606,130.05599250868823,17814200
8448,2019-09-18,131.53732299804688,131.6797558236393,129.6476320707542,130.43579418144597,23982100
8449,2019-09-19,133.95880126953125,135.1932579036114,133.00921032663396,133.22761218641014,35772100
8450,2019-09-20,132.41098022460938,134.50956836095045,131.28096454060585,133.90183065984053,39167300
8451,2019-09-23,132.1260986328125,132.59140346538695,131.4613877931415,132.21155835013957,17139300
8452,2019-09-24,130.4547882080078,133.597931424837,129.97999280994648,133.2845647233638,29773200
8453,2019-09-25,132.33499145507812,132.90475180405903,129.1728519464099,130.56875176076636,21382000
8454,2019-09-26,132.50592041015625,133.11365806435987,131.46137901459835,132.41097000489205,17456600
8455,2019-09-27,130.7871856689453,133.28461504227576,129.76162548320062,133.0851945243763,22477700
8456,2019-09-30,132.0216522216797,132.20207685277262,130.83466332197415,131.09105698140152,17280900
8457,2019-10-01,130.16043090820312,133.18012299872427,130.09395259055418,132.61986784828525,21466600
8458,2019-10-02,127.86241149902344,129.49570903953008,126.84635674987996,129.3817627658786,30521700
8459,2019-10-03,129.41026306152344,129.8565720001442,126.50451685832202,128.14730526602307,24132900
8460,2019-10-04,131.15753173828125,131.28098323079791,129.54322959828423,129.85659643263375,22897700
8461,2019-10-07,130.20790100097656,131.21446504769122,130.11295060369838,130.22689687627516,15303700
8462,2019-10-08,128.8309783935547,130.81561963099392,128.7834959569986,130.16990486056798,25550500
8463,2019-10-09,131.27146911621094,131.70827287553945,130.0654844518219,130.53078927247196,19749900
8464,2019-10-10,132.08807373046875,132.62933290128598,131.28091583006602,131.50882281702317,17654600
8465,2019-10-11,132.63885498046875,133.92080853986354,132.46793556700695,133.05667731063025,25446000
8466,2019-10-14,132.5154266357422,133.21811470073715,132.486940064978,132.64836879584465,13304300
8467,2019-10-15,134.43360900878906,134.64250570485018,132.7623195234264,132.99971728081456,19695700
8468,2019-10-16,133.3320770263672,133.88284155023769,132.49643230192797,133.69291175678595,20751600
8469,2019-10-17,132.64837646484375,134.2911649288602,132.01215219831263,133.84485597493978,21460600
8470,2019-10-18,130.48329162597656,132.94272862809044,129.67613354917728,132.71482159132643,32273500
8471,2019-10-21,131.45188903808594,131.51836737010905,130.103471414633,131.47088491717972,20078200
8472,2019-10-22,129.49569702148438,132.95220706766602,129.39124145046213,131.9646389785882,27431000
8473,2019-10-23,130.3218994140625,130.52130544868166,128.7740611462121,129.98004600796094,29844600
8474,2019-10-24,132.88575744628906,133.3415570369152,131.6797729046162,132.36347953535926,37029300
8475,2019-10-25,133.63595581054688,134.0252916517693,132.1830825392639,132.31602471802148,25959700
8476,2019-10-28,136.92152404785156,138.32691462395135,136.2757946547625,137.12093003702898,35280100
8477,2019-10-29,135.6300506591797,137.2158654974565,135.4591167869411,136.81703911504002,20589500
8478,2019-10-30,137.32037353515625,137.69071349531785,135.59211072799496,136.28532268362906,18496600
8479,2019-10-31,136.14283752441406,137.62419695380174,135.7820028490547,137.5957103870525,24605100
8480,2019-11-01,136.47520446777344,137.13991519576365,135.7630112971538,136.9879771751924,33128400
8481,2019-11-04,137.26339721679688,137.69071031640848,136.89305726518543,137.52928156720455,16912000
8482,2019-11-05,137.17791748046875,137.7096861036988,136.65563955065056,137.6622036574229,18250200
8483,2019-11-06,136.798095703125,137.2349139978226,135.98144675273358,137.09246663472936,16575800
8484,2019-11-07,136.98797607421875,137.57673227679868,136.52268581316872,136.58914964062998,17786700
8485,2019-11-08,138.602294921875,138.63078148986722,136.5131833383956,136.72209449674355,16732700
8486,2019-11-11,138.7447052001953,139.03907601465156,137.43426532721728,138.01351626487806,14362600
8487,2019-11-12,139.6563720703125,140.13116762724218,138.6972757719638,138.90618697618171,18641600
8488,2019-11-13,139.88424682617188,140.02669416885212,138.90616926279054,139.34298749489116,16919200
8489,2019-11-14,140.596435546875,140.92879817949273,139.58987144526685,139.6088673216014,19729800
8490,2019-11-15,142.41015625,142.42915212613283,140.79585452930178,141.42257354560502,23485700
8491,2019-11-18,142.76148986816406,142.96091032901478,141.47004568774094,142.50511076227926,21534000
8492,2019-11-19,142.8089599609375,143.70157763207771,142.6285353904382,143.2742646696143,23935700
8493,2019-11-20,142.56126403808594,143.72370837592473,141.45600124939688,143.21871373362424,25696800
8494,2019-11-21,142.4278564453125,142.732766523838,141.49409477292545,142.35162892568113,18576100
8495,2019-11-22,142.5326690673828,143.2091792248847,141.79900644315683,142.99003419030504,15901800
8496,2019-11-25,144.09532165527344,144.20967022511317,142.84712668796502,142.923354221553,22420900
8497,2019-11-26,144.85752868652344,145.2291286880188,144.1810332027573,144.2191396859499,24620100
8498,2019-11-27,145.13389587402344,145.3053969048061,144.37163514641213,145.14341886276222,15184400
8499,2019-11-29,144.2382354736328,145.11483019055314,144.1429474339815,144.92426865016412,11977300
8500,2019-12-02,142.49453735351562,144.6669704166567,141.3225703286683,144.64790990518063,27418400
8501,2019-12-03,142.26588439941406,142.38021841421164,139.73137378603624,140.53175550635945,24066000
8502,2019-12-04,142.78041076660156,143.0948292945728,142.16106762071018,143.05672280415328,17574700
8503,2019-12-05,142.8566131591797,143.22822774251884,142.4278461139037,142.97096169978855,17869100
8504,2019-12-06,144.5907745361328,144.7051085521769,143.18060169557242,143.86663486966418,16403500
8505,2019-12-09,144.2191619873047,145.02906663475972,143.79039492526297,143.9428499594283,16687400
8506,2019-12-10,144.00003051757812,144.72417018965996,143.64747640052002,144.15247102718075,16476100
8507,2019-12-11,144.54312133789062,144.7050993633053,143.23775960789987,144.39066630023711,18856600
8508,2019-12-12,146.010498046875,146.20105960373948,143.89523132617526,144.49549950335262,24612100
8509,2019-12-13,147.23959350585938,147.58261003306282,145.61979889253078,145.78177689997253,23845400
8510,2019-12-16,148.19239807128906,148.54493754355184,147.51590262241135,147.79221459331015,24144200
8511,2019-12-17,147.39205932617188,148.36394198094433,147.1633767783101,148.11619891936607,25425600
8512,2019-12-18,147.08718872070312,148.14482216255777,146.90615013911025,147.02049871317288,24129200
8513,2019-12-19,148.3639678955078,148.42113490773053,146.49642977571608,146.73463535258716,24958900
8514,2019-12-20,149.98374938964844,151.01279913363405,148.91657861500784,149.92658238257923,53477500
8515,2019-12-23,149.98374938964844,150.6602450251851,149.8503548601825,150.6602450251851,17718200
8516,2019-12-24,149.95518493652344,150.26961805426316,149.70744182253236,150.05045844743796,8989200
8517,2019-12-26,151.18431091308594,151.24147792422315,149.97422253466266,150.12667759030475,14520600
8518,2019-12-27,151.4606170654297,152.02277865091648,150.75552343248725,151.92749061927938,18412800
8519,2019-12-30,150.1552734375,151.51781698355612,149.33584561971594,151.48923347563817,16348400
8520,2019-12-31,150.26007080078125,150.32677533912778,149.06904294957195,149.37395305816034,18369400
8521,2020-01-02,153.0422821044922,153.1470931177711,150.86032587757265,151.28909291774593,22622100
8522,2020-01-03,151.1366729736328,152.4039284141965,150.6030947963249,150.8508379064428,21116200
8523,2020-01-06,151.52731323242188,151.59401776506908,149.12619721864283,149.6693128510685,20813700
8524,2020-01-07,150.1456756591797,152.1370699264182,149.89794720098098,151.8035909871786,21634100
8525,2020-01-08,152.5373077392578,153.21381792157746,150.49826874289445,151.43203046001807,27746500
8526,2020-01-09,154.44293212890625,154.56680365550426,153.43294301978543,154.20472660170185,21385000
8527,2020-01-10,153.7283935546875,155.5197046806929,153.5759384505766,155.13858145933466,20725900
8528,2020-01-13,155.5768280029297,155.6054115095555,153.65212283627528,154.12853399859168,21626500
8529,2020-01-14,154.48109436035156,155.88174439702684,154.09043370219524,155.68164530368088,23477400
8530,2020-01-15,155.4814910888672,156.2056451329004,154.90028361086624,154.9479130809966,21417900
8531,2020-01-16,158.33047485351562,158.39717939109113,156.29143577737156,156.59634588243543,23865400
8532,2020-01-17,159.2166290283203,159.5691686642497,157.6254028243477,159.5215246364148,34371700
8533,2020-01-21,158.64491271972656,160.25518473061555,158.57820818014443,158.81641375479867,29517200
8534,2020-01-22,157.88259887695312,159.58815835968804,157.86353836649482,159.50239333208037,24138800
8535,2020-01-23,158.85447692871094,158.93070442950557,157.4728880067176,158.34948245749206,19680800
8536,2020-01-24,157.25375366210938,159.62628593530488,156.69159211003426,159.60722542232784,24918100
8537,2020-01-27,154.62399291992188,155.67210320610195,152.64212090354462,153.5472991294745,32078100
8538,2020-01-28,157.65394592285156,157.93978091240282,155.376701759657,156.05319728680965,24899900
8539,2020-01-29,160.1122283935547,160.78873852015346,157.87310505454732,159.92166687049843,34754500
8540,2020-01-30,164.62860107421875,165.83868921063896,162.73247986352183,165.83868921063896,51597500
8541,2020-01-31,162.1988983154297,164.26652048063715,161.57956978010938,164.08549649844846,36142700
8542,2020-02-03,166.1531524658203,166.26748648602296,162.3609093547399,162.38949285979055,30107000
8543,2020-02-04,171.62229919433594,172.11777072026263,167.99204959042467,168.782893619087,36433300
8544,2020-02-05,171.41273498535156,175.50987399899313,169.99303898845986,175.34789594412902,39186300
8545,2020-02-06,174.96676635742188,175.1478049234998,171.56518371416328,172.43225551016033,27751400
8546,2020-02-07,175.2144775390625,176.87239343667386,173.87099471887296,174.22354882690465,33529100
8547,2020-02-10,179.7975616455078,179.93095618338666,174.60468311812673,174.9191162157513,35844300
8548,2020-02-11,175.738525390625,181.7031870097022,174.8428702142551,181.65554299286944,53159900
8549,2020-02-12,175.99581909179688,177.0820359671832,173.27074664457643,176.82476986701107,47062900
8550,2020-02-13,175.04296875,177.44407017098868,174.2425870707578,174.4426861252965,35295800
8551,2020-02-14,176.60560607910156,176.66277308665374,174.0329744279463,174.6046735812949,23149500
8552,2020-02-18,178.3969268798828,178.844754553421,176.7485482634702,176.85335930491354,27792200
8553,2020-02-19,178.93194580078125,179.7918222433081,178.15805408678213,179.67717593860445,29997500
8554,2020-02-20,176.19940185546875,178.90325520560768,173.0273997846428,178.61662491171668,36862400
8555,2020-02-21,170.62925720214844,175.32039497528808,169.34899187667477,175.0051031422468,48572600
8556,2020-02-24,163.2725067138672,166.76936419311608,155.95395089540563,160.29158667444042,68311100
8557,2020-02-25,160.5782470703125,167.04646222546262,160.1769558402748,166.43499095969676,68073300
8558,2020-02-26,162.5846405029297,165.5368997093531,160.71201601246975,162.14515324804916,56206100
8559,2020-02-27,151.1290740966797,159.5845886377362,150.93799206981453,156.0399711167215,93174900
8560,2020-02-28,154.78839111328125,156.41262519340896,145.22459259898318,145.61632032789058,97012700
8561,2020-03-02,165.08782958984375,165.21203946757697,155.0749826890093,157.9412568253211,71030800
8562,2020-03-03,157.1768798828125,167.19928817667807,155.02717474911236,166.05278168776218,71677000
8563,2020-03-04,162.9476776123047,163.09098547891745,158.23742648844703,160.97950515816524,49814400
8564,2020-03-05,158.8584747314453,163.2534197641911,158.30432663584648,158.648280123507,47817300
8565,2020-03-06,154.3679962158203,155.83934403403944,149.0462729344585,155.36163162078796,72821100
8566,2020-03-09,143.9060821533203,150.7182658054396,143.31372342831023,144.26914825116563,70419300
8567,2020-03-10,153.74691772460938,153.8520150088613,145.77868043045396,151.10995119968203,65354400
8568,2020-03-11,146.78192138671875,150.67049286628202,144.4124573102769,150.12590829373858,56371600
8569,2020-03-12,132.861328125,146.62899861576977,132.4027284487826,138.8231822303098,93226400
8570,2020-03-13,151.75009155273438,154.6928010815191,134.4569003945856,140.92512904354783,92727400
8571,2020-03-16,129.38360595703125,142.6926790773562,128.98232934849295,133.7594526576964,87905900
8572,2020-03-17,140.03663635253906,140.9251745229768,128.9823631227245,133.7594876828254,81059800
8573,2020-03-18,134.14163208007812,139.49201663164607,129.00145672314414,131.84861846004904,81593200
8574,2020-03-19,136.34866333007812,143.45701074664507,132.80403133103658,136.4059864786484,85922700
8575,2020-03-20,131.2275848388672,140.5429754127465,129.8039968259391,139.49200243962864,84866200
8576,2020-03-23,129.9186248779297,134.3040345966447,126.61286413328438,130.90271098792135,78975200
8577,2020-03-24,141.72772216796875,142.93156683832092,134.9728758964577,137.3423254995829,82516700
8578,2020-03-25,140.37098693847656,147.45068704895394,138.00153790351567,142.27228722822483,75638200
8579,2020-03-26,149.15135192871094,149.6768384344688,141.75635943157735,141.78502100656195,64568100
8580,2020-03-27,143.02708435058594,147.98574121163722,142.5493719682669,144.98570803381887,57042300
8581,2020-03-30,153.0876922607422,153.4412093054977,143.3232508733765,145.644940424634,63420300
8582,2020-03-31,150.68003845214844,157.43488361684436,149.581291281011,152.29469397697127,77927200
8583,2020-04-01,145.32962036132812,150.71821392418917,144.09712917869655,146.17994757781898,57969900
8584,2020-04-02,148.33924865722656,148.54944327874793,143.65767298579703,145.09081018055613,49630700
8585,2020-04-03,146.97296142578125,150.3647215205411,145.40606573466746,148.1863546957883,41243300
8586,2020-04-06,157.90306091308594,159.07822933607605,150.55584186222103,153.17371106476554,67111700
8587,2020-04-07,156.20237731933594,162.42218638494947,155.9826191587949,162.03045878950454,62769000
8588,2020-04-08,157.76930236816406,159.24065015003603,156.21195527427565,158.28522534713525,48318200
8589,2020-04-09,157.77880859375,159.90940124459578,156.0494925019006,158.9444277035774,51385100
8590,2020-04-13,158.13233947753906,158.1896772065364,155.06543430358326,157.02405788686883,41905300
8591,2020-04-14,165.95726013183594,166.00503428044706,160.5113424985042,161.4667671562334,52874300
8592,2020-04-15,164.21841430664062,165.8330845022303,161.6960934943149,163.56871788146768,40940800
8593,2020-04-16,169.14837646484375,169.37768363300282,165.19291893049618,166.53052221015562,50479600
8594,2020-04-17,170.6388702392578,171.9764590896159,168.03055011312193,171.49874670325588,52765600
8595,2020-04-20,167.2566680908203,170.78218803943125,167.1897959337323,168.75669206882318,36669600
8596,2020-04-21,160.33935546875,165.92858035615816,158.70557306866343,165.7661599315964,56203700
8597,2020-04-22,165.78526306152344,166.243862738789,163.20561983130088,163.75020421456233,34620200
8598,2020-04-23,163.7788848876953,167.2566298847578,163.2916235849264,166.3489794210326,32790800
8599,2020-04-24,166.76939392089844,166.77894292014466,163.10056636013007,164.3903810323593,34277600
8600,2020-04-27,166.2916717529297,169.0146233975165,165.575103228782,168.7184440734486,33194400
8601,2020-04-28,162.24069213867188,167.83948236672322,161.8394154493936,167.7630466289617,34392700
8602,2020-04-29,169.52102661132812,169.7598828273134,164.2184302793562,165.49869609816693,51286600
8603,2020-04-30,171.22166442871094,172.3586075592464,168.37448836722226,171.97644351621545,53875900
8604,2020-05-01,166.7884979248047,170.6770688973552,166.2534478433984,167.9636662311745,39370500
8605,2020-05-04,170.86813354492188,171.02100498120467,166.05279993099475,166.7120452436695,30372900
8606,2020-05-05,172.7025146484375,175.4636906668726,171.88084905582602,172.56875581143655,36839200
8607,2020-05-06,174.40321350097656,175.98922195799156,173.5337881277713,173.96372631515823,32139300
8608,2020-05-07,175.4159698486328,176.32362034149384,174.44143263318955,175.9605543129002,28316000
8609,2020-05-08,176.44784545898438,176.75358839340512,175.18669230106266,176.73447581534745,30877800
8610,2020-05-11,178.416015625,179.15168215521967,174.69941408559305,174.98602983574403,30892700
8611,2020-05-12,174.3745574951172,178.70263023835386,174.1739264712878,178.4733376396917,32038200
8612,2020-05-13,171.73757934570312,175.84590822074082,168.67065983124968,174.41277125818974,44711500
8613,2020-05-14,172.4828338623047,172.63570532552734,167.8490178614164,169.6261085301604,41873900
8614,2020-05-15,174.9955596923828,178.72170951257604,169.11014111297186,171.07831330408015,46610400
8615,2020-05-18,176.6675567626953,177.90004801567162,175.7599063573411,177.47010988456927,35264500
8616,2020-05-19,175.44467163085938,178.28228463011865,175.31091273366246,176.7822606028286,26799100
8617,2020-05-20,177.87820434570312,178.06024297778325,176.230295681606,177.06382560825884,31261300
8618,2020-05-21,175.7416534423828,178.8458563822886,175.60752202876373,177.62908344638342,29119500
8619,2020-05-22,175.8182830810547,176.7284760958556,174.88893888010873,175.51170329124758,20826900
8620,2020-05-26,173.9595947265625,178.68294931866993,173.50929336303108,178.5296521269944,36073600
8621,2020-05-27,174.18955993652344,174.3620229656689,169.19794159308978,172.64704136449447,39517100
8622,2020-05-28,173.79676818847656,176.43150428880435,172.8195311425642,173.16444263501265,33810200
8623,2020-05-29,175.56915283203125,176.5464040516821,172.84819375378007,175.07094432133545,42130400
8624,2020-06-01,175.16680908203125,175.32968189560512,173.85423636020056,174.88895604417246,22622400
8625,2020-06-02,177.1595916748047,177.24581586039318,173.74880966543196,176.52725174204025,30794600
8626,2020-06-03,177.5907440185547,178.14643541027866,175.88535285257194,177.07338423686727,27311000
8627,2020-06-04,175.25303649902344,178.05064502079156,174.65902803636578,176.57519945833528,28761800
8628,2020-06-05,179.3536376953125,179.86142193992043,174.3811706403524,174.96560349423308,39893600
8629,2020-06-08,180.46499633789065,180.64703493303531,176.7093027038337,178.14643104121788,33211600
8630,2020-06-09,181.8446807861328,182.70695212535423,179.41113476074412,180.12012348846142,29783900
8631,2020-06-10,188.58958435058597,190.19917591724317,183.00394300463495,183.1189232288996,43872300
8632,2020-06-11,178.46263122558594,187.55485535553444,178.27101700535871,185.0350998520521,52854700
8633,2020-06-12,179.87098693847656,183.6841633450866,177.4182756432563,182.55361479083012,43373600
8634,2020-06-15,181.02069091796875,182.82189647750295,176.2973214302196,176.84343722531378,32770200
8635,2020-06-16,185.4566192626953,187.3823658756508,183.43505825101133,184.8051135136358,42556700
8636,2020-06-17,186.0985565185547,188.09137636703252,185.5716065025008,186.85543772763103,25687800
8637,2020-06-18,188.09136962890625,188.25424242453795,185.86860404780717,185.86860404780717,23061600
8638,2020-06-19,186.97039794921875,190.9368717263211,186.223092354926,190.26621473390784,44441100
8639,2020-06-22,192.1632080078125,192.34523196532808,187.0470205333905,187.583546052692,32818900
8640,2020-06-23,193.44708251953125,195.4015708678264,192.98719086880405,193.6195309241335,30917400
8641,2020-06-24,189.54763793945312,194.73088417064116,188.32128962934328,193.15004889222263,36740600
8642,2020-06-25,191.94287109375,192.2015583065436,187.27699876624453,189.50934003249893,27803900
8643,2020-06-26,188.1009521484375,191.51173462779505,186.71173091870725,191.35843741947585,54675800
8644,2020-06-29,190.12249755859372,190.20872174887992,185.4374598364517,187.573986504707,26701600
8645,2020-06-30,194.97999572753903,195.83269132910732,189.45185232622865,189.58598372582725,34310300
8646,2020-07-01,196.12014770507807,197.7009979448013,193.31296350910415,194.6255362924149,32061200
8647,2020-07-02,197.61476135253903,199.3010016273132,196.407578571558,197.0590698637365,29315800
8648,2020-07-06,201.8686370849609,202.2806215033032,199.3680330335427,200.0770216548245,31897600
8649,2020-07-07,199.5213623046875,205.6722712154273,199.2722652665332,201.62914808225983,33600700
8650,2020-07-08,203.90940856933597,204.32137845823016,199.94293382537225,201.26509694643667,33600000
8651,2020-07-09,205.3369140625,207.31056807147,202.6063642381437,207.2626608673324,33121700
8652,2020-07-10,204.71417236328125,205.1069910138822,202.23273387739715,204.6662651538276,26177600
8653,2020-07-13,198.39080810546875,206.75489197026516,197.84469225248225,205.49021185970295,38135600
8654,2020-07-14,199.6171417236328,200.09618452631085,193.56203368055367,197.49019051020417,37591800
8655,2020-07-15,199.32009887695312,202.47220832534137,196.43626681541068,200.7763929149154,32179400
8656,2020-07-16,195.3728179931641,197.07820922824783,193.8302995592707,196.79078061823037,29940700
8657,2020-07-17,194.37640380859372,196.44585751522288,192.94885105600204,195.8997563460039,31635300
8658,2020-07-20,202.7309112548828,203.40156822605204,194.50094514688112,196.40754068277164,36884800
8659,2020-07-21,200.00038146972656,204.97284838282863,199.31055862517903,204.70458556764092,37990400
8660,2020-07-22,202.8746337890625,203.40158381365865,199.65546546152484,200.43151248900887,49605700
8661,2020-07-23,194.05067443847656,202.07943741473576,193.67702159409757,198.50578178831807,67457000
8662,2020-07-24,192.8626708984375,194.3572823797303,189.2315175967975,192.01955073187077,39827000
8663,2020-07-27,195.3057403564453,195.42070594143317,192.4410593702907,193.0254921260204,30160900
8664,2020-07-28,193.55247497558597,196.1201376047497,193.2842121522174,195.075827712406,23251400
8665,2020-07-29,195.5069580078125,196.07222504023824,193.54287947526808,194.012346712952,19632600
8666,2020-07-30,195.3536529541016,195.89019318387903,191.20515506565272,192.57521049122224,25079600
8667,2020-07-31,196.4171295166016,196.50336833381417,190.6686157432386,195.8326966982073,51044000
8668,2020-08-03,207.46389770507807,208.51779795819752,201.6195829556082,202.654317398881,78983000
8669,2020-08-04,204.3500823974609,205.7680596890612,201.49499124628,205.19320244984732,49280100
8670,2020-08-05,204.0147857666016,205.98844010950444,202.7022129426616,205.89262568501783,28806400
8671,2020-08-06,207.2818603515625,207.30101154094825,202.68304577244257,203.4399270915792,32656800
8672,2020-08-07,203.57403564453125,206.6590726195856,202.08899995716095,205.8447085853178,27820400
8673,2020-08-10,199.5213623046875,202.9992183401805,197.70100518297247,202.79801389531175,36716500
8674,2020-08-11,194.85546875,198.9464840457062,194.62552292567963,198.4770314224895,36446500
8675,2020-08-12,200.42193603515625,201.46624586718303,196.168033482826,196.6853932925188,28013100
8676,2020-08-13,199.9524688720703,202.49140457345376,199.4255188495774,200.66145750408137,22588900
8677,2020-08-14,200.14405822753903,200.8051395719377,198.81231994651307,200.0099268402136,17958900
8678,2020-08-17,201.4662628173828,202.33812432594087,200.1632656612697,200.81477154894017,20184800
8679,2020-08-18,202.62550354003903,203.4590332299477,200.44106981397044,201.7057350462724,21336200
8680,2020-08-19,201.39622497558597,203.70119775008823,200.96404715991875,203.1153521518743,27627600
8681,2020-08-20,206.0829620361328,206.48632892012677,200.63748712036835,201.24253011907703,26981500
8682,2020-08-21,204.5847625732422,207.6868557841031,204.42149605209855,205.3914964381516,36249300
8683,2020-08-24,205.22825622558597,206.98579322023292,204.0181406185288,206.28468937804115,25460100
8684,2020-08-25,207.89813232421875,208.0325879599665,204.6615836714994,204.6615836714994,23043700
8685,2020-08-26,212.3928375244141,213.29561749873145,208.75292140206943,209.25233440682172,39600800
8686,2020-08-27,217.6078186035156,221.9968467452624,210.71212678794765,214.06393399133884,57602200
8687,2020-08-28,219.84556579589844,221.5070567026336,217.60782798340068,219.14446197448825,26292900
8688,2020-08-31,216.5993804931641,219.64385193055335,215.42768932110053,218.0111720750018,28774200
8689,2020-09-01,218.2704620361328,218.443327279092,215.54291052585037,216.58014594729897,25725500
8690,2020-09-02,222.4770050048828,223.63909728560728,218.3472902155756,218.9427344651928,34080800
8691,2020-09-03,208.69528198242188,220.2297005512724,206.44794563306343,220.19129093318827,58400300
8692,2020-09-04,205.7660675048828,209.7133191409841,197.064830308917,206.5824148247221,59664100
8693,2020-09-08,194.63497924804688,201.7131338950962,194.193188092468,198.3229176376269,52924300
8694,2020-09-09,202.9232482910156,206.33267691327015,198.5150084494473,199.37937868506188,45679000
8695,2020-09-10,197.23768615722656,206.23665976470147,196.02758532941417,204.94971039022184,35461500
8696,2020-09-11,195.9507293701172,200.36858241370768,193.2712154622294,198.99520056074192,33620100
8697,2020-09-14,197.27610778808597,200.9160236183838,195.95074881259208,196.15243960847576,30375800
8698,2020-09-15,200.51263427734372,201.4730358265808,198.73588554942936,200.16688913343583,21823900
8699,2020-09-16,196.9303741455078,202.30861494458284,196.5366059261538,202.2798040655635,26328100
8700,2020-09-17,194.8750915527344,196.23886006184517,192.04190977266651,192.1283423992957,34011300
8701,2020-09-18,192.45486450195312,195.58576825464124,188.47880270246333,194.769435736312,55225300
8702,2020-09-21,194.5197296142578,194.68301077891635,188.603667017435,189.38158995270084,39839700
8703,2020-09-22,199.2064971923828,199.8595778977372,194.0779561891913,196.93994884068,33517100
8704,2020-09-23,192.6469573974609,199.85958294103887,192.1091348351066,199.6674908934274,30803800
8705,2020-09-24,195.14401245117188,197.4297730540802,191.312004614749,191.93627447628725,31202500
8706,2020-09-25,199.59071350097656,200.7623902405492,194.5197784032184,195.4897936214815,29437300
8707,2020-09-28,201.1465606689453,204.15262307209525,199.82120146034933,202.52954164233785,32004900
8708,2020-09-29,199.05284118652344,201.75158213940975,198.6206633738876,201.060091777366,24221900
8709,2020-09-30,202.0012664794922,203.5859232278005,198.3613362775362,199.50421650472717,33829100
8710,2020-10-01,204.0469512939453,205.51636472015983,202.95209394393123,205.03616387095076,27158400
8711,2020-10-02,198.0252227783203,202.6351537274752,197.40095289977685,199.76354745713493,33154800
8712,2020-10-05,202.04928588867188,202.0780967632502,198.7839117756681,199.0144134268596,21331600
8713,2020-10-06,197.7563018798828,201.8572062623485,196.70946762700416,200.55107412232323,28554300
8714,2020-10-07,201.5210723876953,201.7899836672014,198.53422278251327,198.8607558141184,25681100
8715,2020-10-08,202.2413787841797,202.8272243698192,200.07087635691752,202.17414363529625,19925800
8716,2020-10-09,207.2642822265625,207.31230524101483,202.86564081583657,202.86564081583657,26458000
8717,2020-10-12,212.6328887939453,214.99548296035096,208.2246493730552,210.12624026263376,40461400
8718,2020-10-13,214.0351409912109,216.2920910330248,211.70135704855147,213.9006853283732,28950800
8719,2020-10-14,212.11428833007807,215.341238145725,210.45279774080467,214.16954707456625,23421700
8720,2020-10-15,210.9618225097656,211.6341007101229,207.4563478182588,208.50319671727848,22733100
8721,2020-10-16,210.9618225097656,213.48766879500567,210.63528947738715,211.4324099227329,26057900
8722,2020-10-19,205.7372131347656,213.4972591126028,205.25701237862148,211.69169958004028,27625800
8723,2020-10-20,206.15017700195312,208.76247026558067,204.65195300022404,207.2546475244532,22753500
8724,2020-10-21,206.29428100585935,208.33032785047115,204.68079858489867,204.68079858489867,22724900
8725,2020-10-22,206.38070678710935,207.50437494166468,203.31702322631105,205.45871476937464,22351500
8726,2020-10-23,207.6676483154297,207.71567132968448,204.71922281863533,206.51516924614663,18879600
8727,2020-10-26,201.7611846923828,207.7732938739257,199.85959348811676,205.38190309336025,37111600
8728,2020-10-27,204.8056488037109,206.169417367795,202.0012777861424,203.21137857142563,36700300
8729,2020-10-28,194.6542205810547,200.57029890627172,194.0972004594266,199.4466306119788,51195600
8730,2020-10-29,196.6134185791016,199.148878240837,195.3168705450445,195.98916339503887,31432600
8731,2020-10-30,194.45252990722656,196.2004533497128,191.71537924916169,195.44174246823852,36953700
8732,2020-11-02,194.3180389404297,197.15122045911184,192.1955451589961,196.2004176902149,30842200
8733,2020-11-03,198.2556915283203,199.8787725465509,195.07676463678703,195.8162779581689,27512000
8734,2020-11-04,207.8213348388672,209.6749178433653,204.00853870537856,205.54518737269612,42311800
8735,2020-11-05,214.44805908203125,215.24519413983083,212.39280031833573,213.24755712532675,36080100
8736,2020-11-06,214.8610382080078,215.475694620318,209.3963509860523,213.4588454821876,25231900
8737,2020-11-09,209.7420959472656,219.08679901588383,209.2522964276708,215.552528311886,44395000
8738,2020-11-10,202.65435791015625,207.9269685309975,201.41544616229973,206.0061651265541,44045100
8739,2020-11-11,207.97494506835935,209.4059339059465,203.79719273552075,203.9796713628929,29440800
8740,2020-11-12,206.90892028808597,210.4335923545108,205.9677308359219,208.60883520068344,21593900
8741,2020-11-13,207.9365692138672,208.8105382881452,205.6796339853135,207.7925148190157,18621100
8742,2020-11-16,208.6280059814453,209.11782010714677,206.02532621981223,206.3614579395709,24953300
8743,2020-11-17,205.9677734375,209.0602537056756,205.6028160694221,207.54283178008143,24154100
8744,2020-11-18,203.25233459472656,207.19065796477045,203.10788836222977,205.72702136115265,28372800
8745,2020-11-19,204.5426025390625,205.12998185112,202.14493655516927,203.54117642474924,24792700
8746,2020-11-20,202.58790588378903,205.38035653386237,202.21236921439396,204.3307815723391,22843100
8747,2020-11-23,202.3182830810547,204.41743292643147,200.4405998035543,203.1271290016807,25683500
8748,2020-11-24,205.92921447753903,206.30475112641128,201.1146345212634,201.8175590808587,33979700
8749,2020-11-25,205.9388427734375,207.30618174725083,204.58114236322032,207.13286391770785,21012900
8750,2020-11-27,207.24842834472656,208.2498693180052,206.1025558334432,206.88253021746996,14512200
8751,2020-11-30,206.13145446777344,206.79585422790237,203.02122491772576,206.1603407750428,33064800
8752,2020-12-01,208.1920928955078,209.26093033599784,205.43815230875447,206.5551237990768,30904500
8753,2020-12-02,207.38323974609372,207.47953723512032,204.90855296179697,206.9114202514917,23724500
8754,2020-12-03,206.29513549804688,208.35577521394413,205.7270038738795,206.65140972730725,25120900
8755,2020-12-04,206.41067504882807,207.3928534861853,205.27442652464396,206.2758673960875,24666000
8756,2020-12-07,206.34326171875,207.54690671025477,205.0914826819307,206.42029676135812,24620000
8757,2020-12-08,207.9994964599609,208.9046399230216,204.99520300208576,206.035154128181,23284100
8758,2020-12-09,203.94564819335935,207.24844361111835,203.3775311781136,207.18104711939608,32440600
8759,2020-12-10,202.71311950683597,205.178182591106,202.5590493908353,203.9167647388377,26733300
8760,2020-12-11,205.35150146484372,205.40928877833025,201.35540515206023,202.26054872186,30979400
8761,2020-12-14,206.256591796875,208.19206224338683,204.98555039401157,205.197393076644,28798400
8762,2020-12-15,206.1892242431641,207.43137951744325,204.36931344558604,207.1906504982243,27000600
8763,2020-12-16,211.1482391357422,211.94746125395747,206.75734411421567,206.7862304214941,35023300
8764,2020-12-17,211.28302001953125,212.69850766848936,209.83864606695616,211.71632926671745,32515800
8765,2020-12-18,210.4838104248047,211.54302392971096,208.00912388033456,210.4838104248047,63354900
8766,2020-12-21,214.33546447753903,215.6931795357418,209.222382974235,209.48237440287488,37181900
8767,2020-12-22,215.6353912353516,217.2627214741136,213.62290050976355,214.4317463478567,22612200
8768,2020-12-23,212.82369995117188,215.26950014371707,212.61185725422715,214.83619087921457,18699600
8769,2020-12-24,214.48953247070312,215.3176407932119,212.99700977755072,213.20885246653657,10550600
8770,2020-12-28,216.6175994873047,217.64791201293795,214.74954001310917,216.12650290192232,17933500
8771,2020-12-29,215.8376007080078,218.75523481231053,215.2887462660052,217.9175026515497,17403200
8772,2020-12-30,213.45921325683597,217.26274323665223,213.25700912352383,216.8775680183136,20272300
8773,2020-12-31,214.17176818847656,214.73026121397865,211.53337314240096,213.4784675149521,20942100
8774,2021-01-04,209.6171722412109,214.73025350519663,206.84396964667044,214.27768184031171,37130100
8775,2021-01-05,209.81936645507807,210.41638429778985,207.7009544366612,209.20310087348537,23823000
8776,2021-01-06,204.37893676757807,208.46170621201424,204.08043513541824,204.30190171848312,35930700
8777,2021-01-07,210.1949615478516,211.2060264517753,205.7848184764504,206.102567878631,27694500
8778,2021-01-08,211.47561645507807,212.4000223203444,208.98166743245133,210.5704730246742,22956200
8779,2021-01-11,209.4246063232422,210.7919452813556,208.69278075908844,210.3682598900944,23031300
8780,2021-01-12,206.9595184326172,209.04905897744797,205.40923785569663,208.4713035292935,23249300
8781,2021-01-13,208.3172607421875,208.72168373170612,205.99662946841624,206.08330308204643,20087100
8782,2021-01-14,205.12034606933597,209.3956949523689,204.85073079679609,207.90317239106787,29480800
8783,2021-01-15,204.7640838623047,206.55510823048485,204.16708063722209,205.60183078307,31746500
8784,2021-01-19,208.4135284423828,208.93349658518767,204.7448210611844,205.82328221244265,30480900
8785,2021-01-20,216.0205993652344,217.41682480407795,209.23203776396883,209.62683690044292,37777300
8786,2021-01-21,216.627197265625,217.9078772116453,214.17175871326813,216.36720585132272,30709400
8787,2021-01-22,217.57086181640625,221.5380856283149,217.4264302971937,218.65896157091333,30172700
8788,2021-01-25,221.0181121826172,221.2588411868411,215.90503048377064,220.62331308938624,33152100
8789,2021-01-26,223.71429443359372,225.49568036427337,221.5477332554915,223.2617227009555,49169600
8790,2021-01-27,224.26312255859372,231.5235171687981,221.6054797824299,229.1739998613671,69870600
8791,2021-01-28,230.0695343017578,233.64195946009303,226.3719400429333,226.87266052369085,49111200
8792,2021-01-29,223.3579864501953,229.19325465765945,222.77060714290988,227.2385364876457,42503100
8793,2021-02-01,230.7628173828125,233.5071339058897,223.81056257108708,226.34303639518623,33314200
8794,2021-02-02,230.62799072265625,233.3241582841556,229.83840729484163,232.35161847748856,25916300
8795,2021-02-03,233.98858642578125,236.001077325938,230.38727532055444,230.68579162060908,27158100
8796,2021-02-04,233.0353240966797,234.2197214990496,231.4561422531204,233.6612283882509,25296100
8797,2021-02-05,233.21826171875,234.25821280407337,231.50427234467983,233.2471480244868,18054800
8798,2021-02-08,233.47824096679688,234.64336108513825,231.879796899174,234.13301678653715,22211900
8799,2021-02-09,234.73001098632807,235.68328831544312,232.4286425933471,232.9004619767093,23565000
8800,2021-02-10,233.8152618408203,236.8002925186923,231.9568263867192,235.91441159341167,22186700
8801,2021-02-11,235.42333984375,236.05885324174923,233.17010522071408,235.7025790208932,15751100
8802,2021-02-12,235.90480041503903,236.20330202959263,233.7286008120284,234.88409709443337,16561100
8803,2021-02-16,234.66265869140625,237.00255253510045,233.9115852830437,235.943338911546,26728500
8804,2021-02-17,235.6856842041016,235.7918495171137,232.5393531416647,232.90610871875649,21653500
8805,2021-02-18,235.28997802734372,235.4250961791194,232.46214287704817,233.3693710647308,16925600
8806,2021-02-19,232.5682830810547,235.357519055454,231.80581916446295,235.25135375289463,25262600
8807,2021-02-22,226.33351135253903,229.6342670240594,224.29707854249543,229.14205411114955,36446900
8808,2021-02-23,225.13674926757807,226.6423555297401,220.75503388741765,222.29925374576283,30228700
8809,2021-02-24,226.3721160888672,226.99944711371288,221.0156210183945,221.9904007701566,26339700
8810,2021-02-25,221.0059814453125,226.41072157821972,219.93468239989207,223.9882411812656,39542200
8811,2021-02-26,224.2777862548828,227.1635267514781,221.53679520376923,223.45741667405005,37819200
8812,2021-03-01,228.67877197265625,229.1902916347977,225.02090715080988,227.6750247183165,25324000
8813,2021-03-02,225.7158203125,229.0262366583078,225.310465913849,228.7463396301239,22812500
8814,2021-03-03,219.62583923339844,225.4359486757992,219.3362961558726,224.06546048406767,34029500
8815,2021-03-04,218.8247833251953,224.38396346309185,216.4409016504352,218.83444408837312,44727800
8816,2021-03-05,223.5249481201172,225.1367194682896,218.5641619947702,221.517468460689,41872800
8817,2021-03-08,219.46177673339844,225.23327280071229,219.21084724413203,223.3030051783677,35267400
8818,2021-03-09,225.6289825439453,227.173202541744,223.59254960115035,224.7603679994169,33080500
8819,2021-03-10,224.3163909912109,228.73670546315464,223.94963544287995,228.73670546315464,29746800
8820,2021-03-11,228.86215209960935,230.83101830852223,226.14046807874365,226.7678138009092,29907600
8821,2021-03-12,227.5302734375,227.597839866438,225.0981323508544,225.8509354708304,22653700
8822,2021-03-15,226.62307739257807,226.98983296884225,223.7276758370797,226.76785630641737,26034900
8823,2021-03-16,229.4219512939453,231.69000678127296,227.713660424746,228.04180236689635,28092200
8824,2021-03-17,228.7752990722656,230.2326604691498,225.0981418177101,227.9163306183846,29562100
8825,2021-03-18,222.67567443847656,226.0246899466001,222.29927284060432,224.45151711937265,34833000
8826,2021-03-19,222.31857299804688,224.36465190721847,221.35343921420775,222.96521086600637,46430700
8827,2021-03-22,227.7619171142578,228.64017762727764,222.11587883190597,222.241350930954,30127000
8828,2021-03-23,229.29649353027344,232.64550904639756,228.8042805862718,229.2096350213508,31638400
8829,2021-03-24,227.2503967285156,229.70182994648408,227.11527859408855,229.5570657763023,25620100
8830,2021-03-25,224.2391815185547,228.67880284889415,223.49603910258872,227.09598402035775,34061900
8831,2021-03-26,228.23486328125,228.45685468418569,223.47676016613116,223.47676016613116,25479900
8832,2021-03-29,227.03811645507807,228.5437230658038,223.79526578321696,228.3410384558482,25227500
8833,2021-03-30,223.76626586914065,225.6965333694937,223.04241555650825,225.3876835005865,24792000
8834,2021-03-31,227.54959106445312,230.76348825734928,224.28743423812915,224.78930791758805,43623500
8835,2021-04-01,233.9001617431641,234.37306783842504,229.7500838229157,230.1554382160416,30338000
8836,2021-04-05,240.3858795166016,241.24484799838825,234.23796727614567,234.29587294711084,36910600
8837,2021-04-06,239.21810913085935,240.7044089818872,238.27228195293264,238.97682563559812,22931900
8838,2021-04-07,241.18695068359372,242.18103740169644,238.5714461161961,239.1698244091349,22719800
8839,2021-04-08,244.4201202392578,245.2790886808402,243.213703061374,243.95686016644663,23625200
8840,2021-04-09,246.92950439453125,247.06462254609167,243.6383943918701,244.0533948835292,24326800
8841,2021-04-12,246.9873809814453,248.6860258030344,245.74235019955128,245.8292234292169,27148700
8842,2021-04-13,249.4774475097656,250.15305300798045,247.87532173265367,248.2903516862392,23837500
8843,2021-04-14,246.67855834960935,249.80558261321104,246.263557861005,248.50267547240887,23070900
8844,2021-04-15,250.45217895507807,250.86717935039272,248.74390301981543,248.93691207520908,25627500
8845,2021-04-16,251.64894104003903,251.89988521672936,248.6184366640014,250.42323189532468,24878600
8846,2021-04-19,249.7186737060547,252.36315996225727,248.83076723304157,251.1181292941508,23209300
8847,2021-04-20,249.2554931640625,251.1278553068156,247.88499005151812,248.83083188713604,19722900
8848,2021-04-21,251.49452209472656,251.59104135371132,248.28063989068573,249.911718170838,24030400
8849,2021-04-22,248.2034912109375,252.65274423012988,246.7268228358301,251.1374769798626,25606200
8850,2021-04-23,252.044677734375,252.39214120685276,248.29995400030543,248.8887009148903,21462600
8851,2021-04-26,252.4307403564453,253.2897235991094,251.0988804178214,252.53692039312767,19763300
8852,2021-04-27,252.8361053466797,254.01356977284848,251.05060190773284,252.45968902313277,31014200
8853,2021-04-28,245.6844787597656,247.59545445029084,244.1306126199528,247.1514716578096,46903100
8854,2021-04-29,243.7058868408203,247.170727753935,240.3182731118449,246.5530428217545,40589000
8855,2021-04-30,243.38742065429688,244.25604986053563,240.89738855268692,241.0325066878656,30945100
8856,2021-05-03,243.07861328125,245.4818018815606,242.36440892699403,244.56491293799755,19626600
8857,2021-05-04,239.1504821777344,242.4512525173685,237.19126187004235,242.2196151188832,32756100
8858,2021-05-05,237.8765106201172,240.80086463169096,237.2491795889398,240.3762034359768,21901300
8859,2021-05-06,241.0228576660156,241.14832977149783,236.15858983586443,237.85722000753552,26491100
8860,2021-05-07,243.6576995849609,245.4335423442591,242.41266866465028,243.3584957193326,27032900
8861,2021-05-10,238.561767578125,242.9531293496134,238.50386190593224,242.1231136857128,29299900
8862,2021-05-11,237.6448211669922,238.00193058158268,234.1124436960412,236.0234039313778,33641600
8863,2021-05-12,230.66696166992188,235.85938585438927,229.7693943690945,233.7264338294609,36684400
8864,2021-05-13,234.55645751953125,237.0368583622084,233.00259157020335,233.3693471131418,29624300
8865,2021-05-14,239.49794006347656,240.49202667228943,236.9306954176689,237.0175539228803,23901100
8866,2021-05-17,236.63150024414065,237.99234244938484,235.0293893133968,237.9537435768014,24970200
8867,2021-05-18,234.60470581054688,237.81860285694452,234.4309740834804,237.6834847255692,20168000
8868,2021-05-19,235.1851501464844,235.29156060461747,230.8126825741299,231.4995016359877,25739800
8869,2021-05-20,238.4354553222656,239.8574790826445,235.90097082235812,235.9977129565681,21800700
8870,2021-05-21,237.168212890625,240.22508129568112,236.75225418755065,239.48989126289104,21863100
8871,2021-05-24,242.5950927734375,242.9626951350652,239.4318142276658,239.70267446440965,21411500
8872,2021-05-25,243.5044403076172,244.5008222997272,242.63382013845728,243.55281137496547,17704300
8873,2021-05-26,243.281982421875,244.68465499083965,242.56612891100883,243.2239282771189,17771600
8874,2021-05-27,241.17312622070312,243.27230093259868,241.1150868363489,242.9724209395821,24426200
8875,2021-05-28,241.5310211181641,243.85269958248085,241.41494236122048,242.807946487655,18270200
8876,2021-06-01,239.3254547119141,243.08849390239283,238.8998276498886,243.03045451942475,23213300
8877,2021-06-02,239.22869873046875,241.1344036342718,237.81634328369952,240.03161120736652,19406700
8878,2021-06-03,237.6906280517578,238.3000563424607,235.0690693840488,237.2166151494074,25307700
8879,2021-06-04,242.60479736328125,243.4367295750605,239.43185003481568,239.6736906224169,25281100
8880,2021-06-07,245.52622985839844,245.7970901291009,241.6567805503314,241.8212303746309,23079200
8881,2021-06-08,244.32672119140625,247.6544501102256,244.2686670500775,246.83218619035304,22455000
8882,2021-06-09,245.31341552734372,247.1901008536791,244.94582787057385,245.52623642584223,17937600
8883,2021-06-10,248.8442840576172,249.05710495769492,245.39080810777045,245.9905680475651,24563600
8884,2021-06-11,249.47314453125,250.05353844944747,248.2348921149288,249.56985716990792,18999700
8885,2021-06-14,251.4077911376953,251.46583051139004,248.4186157846505,249.48272017164263,19150500
8886,2021-06-15,249.9277191162109,251.5045244483341,249.2699198124895,251.2917035534177,18038900
8887,2021-06-16,248.97972106933597,252.07526281054376,246.1163220795132,250.93378234700253,27220000
8888,2021-06-17,252.3848419189453,253.2071058556438,247.6544551779523,247.7124945596903,27565500
8889,2021-06-18,250.9628143310547,253.7391396290548,250.30501499999647,251.15629861503976,37202200
8890,2021-06-21,254.05841064453125,254.91934789306032,249.5021416692464,251.34012446100897,26696100
8891,2021-06-22,256.8443603515625,257.11522060060247,253.83584840394232,254.14541140900317,24694100
8892,2021-06-23,256.6121520996094,258.12123472244707,255.79957141973912,257.30865404257685,19518700
8893,2021-06-24,257.9859313964844,259.1080755430704,256.80574785624424,257.4732304048304,21446900
8894,2021-06-25,256.3703918457031,258.5276207872366,256.1188976775025,257.5409216930038,25611100
8895,2021-06-28,259.9495849609375,260.12370308073804,257.23129940057925,257.50215964967555,19590000
8896,2021-06-29,262.5421447753906,262.7839853710794,259.23378195844055,260.0947191278828,19937800
8897,2021-06-30,262.0584411621094,262.503419554068,260.8008819807484,261.85530334514743,21656500
8898,2021-07-01,262.735595703125,262.96775319861274,260.8008711832516,260.8105247311946,16725300
8899,2021-07-02,268.588134765625,268.92671747250915,263.6062248606429,263.9157878795973,26458000
8900,2021-07-06,268.5978698730469,270.2520514486332,265.34751658741817,268.95578926737534,31565600
8901,2021-07-07,270.7937316894531,271.5289365118688,268.1044655756579,270.2810308321253,23260000
8902,2021-07-08,268.3656921386719,269.6329345310581,265.8989002860557,267.8626447928614,24618600
8903,2021-07-09,268.86871337890625,268.97510907475925,266.3342285619331,266.7211676256249,23916700
8904,2021-07-12,268.2689514160156,270.63897161455697,267.5530831558491,270.0488947130679,18931700
8905,2021-07-13,271.8094482421875,273.61841087705284,268.33662140170094,268.4623536926777,26120100
8906,2021-07-14,273.2895202636719,274.4019809532492,271.39346898726626,273.13473876019674,23113700
8907,2021-07-15,271.8578186035156,273.28952539638505,270.6969720664265,272.7961611898891,22604200
8908,2021-07-16,271.58697509765625,274.8276448188049,270.3390694215549,272.86390046289694,26186800
8909,2021-07-19,267.9690246582031,271.21934762770826,265.49257967527933,269.82634363461955,32935600
8910,2021-07-20,270.2037048339844,271.7998470797708,267.2435778991628,268.9557989233247,26259700
8911,2021-07-21,272.2157897949219,272.33186856644005,268.239944262627,269.7973836497617,24364300
8912,2021-07-22,276.8011169433594,277.07197725958383,274.1698897907957,274.5761655043523,23384100
8913,2021-07-23,280.2158203125,280.5253537788494,277.1492691616131,277.990869548708,22768100
8914,2021-07-26,279.6160888671875,280.2352149712231,277.2847714708642,279.56773255599114,23176100
8915,2021-07-27,277.1880187988281,280.1287791166295,273.7151914702879,279.983680666994,33604100
8916,2021-07-28,276.87847900390625,280.6802063113132,274.5664685999018,279.5580623373282,33566900
8917,2021-07-29,277.1492919921875,279.2000952932535,276.74298684690376,276.89776835360453,18168300
8918,2021-07-30,275.6112670898437,277.3041515488227,274.64390454185576,275.8627907992205,20944800
8919,2021-08-02,275.524169921875,277.41050891679623,274.4794019823745,277.0138867843524,16267400
8920,2021-08-03,277.7490234375,277.8554486281384,274.7308581697871,276.1045254501184,17879000
8921,2021-08-04,277.15899658203125,278.20373493143853,275.3596872582859,276.878453234256,16191300
8922,2021-08-05,280.0707397460937,280.1771649568676,276.762377008068,277.51691846775424,13900200
8923,2021-08-06,280.0127258300781,280.0514285940206,278.2327824689934,279.0937492177482,16589300
8924,2021-08-09,278.9195861816406,282.0344942724014,278.4165683643245,280.2932537711432,16117600
8925,2021-08-10,277.0912780761719,279.8095639589579,275.8917581909728,279.3742390862678,18616600
8926,2021-08-11,277.5846252441406,279.2388065197493,276.5301743526626,277.8361193687977,13955900
8927,2021-08-12,280.3512878417969,280.50606936455193,276.99453921603543,277.27508257112635,14561300
8928,2021-08-13,283.2919921875,283.34034848307806,279.8578390765677,280.0319866880542,18249000
8929,2021-08-16,284.9849853515625,285.1978062726774,280.5544487724139,283.6210007464478,22507600
8930,2021-08-17,283.5145568847656,283.8531396263092,281.5798321005821,282.8471039940551,20075300
8931,2021-08-18,281.7796630859375,285.7437457281238,281.333803244955,283.0493313580627,21813000
8932,2021-08-19,287.6336975097656,288.31215930463765,279.75401063474186,279.80245951520226,29850500
8933,2021-08-20,294.9901123046875,296.4245604190308,288.8840727593795,290.492972385742,40817600
8934,2021-08-23,295.2710876464844,295.9979982657904,292.5572998323028,293.9141937393936,22830200
8935,2021-08-24,293.3036499023437,296.2403682802,292.7027417213681,295.6297584904746,18175800
8936,2021-08-25,292.71240234375,295.2129620707887,291.17135525016886,294.9318816590826,20006100
8937,2021-08-26,289.88232421875,293.11949668578245,289.7466495866857,291.72382561785435,17666100
8938,2021-08-27,290.492919921875,291.6075104848054,287.691876313099,289.7853828134745,22605700
8939,2021-08-30,294.2437744140625,294.8543841734556,291.79166334629616,291.84981383975514,16348100
8940,2021-08-31,292.58642578125,295.12576258561967,292.21811960448053,295.0482384538085,26285300
8941,2021-09-01,292.5379638671875,295.7945395708892,292.20843452671886,293.5459551061994,18983800
8942,2021-09-02,291.8788452148437,294.02080027682723,290.93870627446864,292.8965378535566,16285600
8943,2021-09-03,291.86932373046875,293.28436888527284,291.01641007724385,291.72391786560354,14747900
8944,2021-09-07,290.93878173828125,291.82077042270845,289.01975608867406,291.74324628233205,17180400
8945,2021-09-08,290.96783447265625,291.3555143006934,288.3121965936231,290.5510793969682,15046800
8946,2021-09-09,288.0989074707031,292.8383788844309,287.8566039320398,291.559009101552,19927000
8947,2021-09-10,286.6063842773437,290.6867982308049,286.28655653709137,289.23297661895947,19633400
8948,2021-09-13,287.846923828125,289.34922362690304,285.026506878026,288.3896814290302,23652900
8949,2021-09-14,290.5606994628906,292.1114479179137,288.9227252893937,290.3377695747465,21853400
8950,2021-09-15,295.4359130859375,295.9205202409588,292.52827015580954,293.92394112851684,28356300
8951,2021-09-16,295.8236083984375,295.910834141544,291.50092063095605,294.40856371347337,19550800
8952,2021-09-17,290.6383056640625,295.1257728874207,290.3087763307329,294.8059451626839,41372500
8953,2021-09-20,285.23974609375,289.5236861554289,280.6069030944692,287.20724986675253,38278700
8954,2021-09-21,285.7243347167969,288.380001741491,285.0168272798009,286.586949553442,22364100
8955,2021-09-22,289.387939453125,290.977464810242,285.4432604569972,287.5949169903704,26626300
8956,2021-09-23,290.3378601074219,291.6366038397817,288.3703560801645,289.6497261728447,18604600
8957,2021-09-24,290.1343078613281,290.5704365513493,287.78879623094576,289.0487925731778,14999000
8958,2021-09-27,285.1138610839844,287.3430427482142,283.92171652308446,287.02321495669923,23571700
8959,2021-09-28,274.7916259765625,281.82813121572434,274.0453416183165,280.8782905595334,43186200
8960,2021-09-29,275.2568664550781,277.9415794692271,274.29735374474296,276.32300812104705,26353700
8961,2021-09-30,273.2409362792969,278.9689673465597,272.9501542128588,276.9142375539324,32343600
8962,2021-10-01,280.1998596191406,281.05277293433414,272.6302983139076,273.43473316733105,30086300
8963,2021-10-04,274.3941955566406,278.89136327486153,271.6222573684794,278.55213241695014,31350700
8964,2021-10-05,279.8703308105469,281.45982688238934,275.3053101600691,275.3053101600691,24993000
8965,2021-10-06,284.0863647460937,284.5903750685418,276.72036036456973,276.9820375548689,28002600
8966,2021-10-07,285.7728576660156,287.50775963834025,284.87149541719424,286.0926853878935,20430500
8967,2021-10-08,285.7728576660156,287.50775963834025,284.71641757147097,287.1006765960573,17685700
8968,2021-10-11,285.1719055175781,288.79675717080875,283.73745784943134,283.90223727824645,19298600
8969,2021-10-12,283.863525390625,286.34471195119124,283.34984292874395,286.2477845931223,17974100
8970,2021-10-13,287.1878662109375,288.1280051974415,284.4546749827831,285.8309722041459,23416300
8971,2021-10-14,293.4296569824219,293.93363781781864,288.66110916260686,289.9986297551675,27262900
8972,2021-10-15,294.8446350097656,295.0772665241544,291.26823234850644,293.0322092404476,25384800
8973,2021-10-18,297.829833984375,298.721494467245,293.3714428358164,294.2243560476535,22729300
8974,2021-10-19,298.7409362792969,299.7779731077033,297.7620203649493,298.8572372635613,17682100
8975,2021-10-20,297.9461669921875,300.1656759873755,296.6861706744592,299.6907408744911,16537100
8976,2021-10-21,301.19305419921875,301.4450298115465,296.928487491224,297.713578309162,16918100
8977,2021-10-22,299.6423034667969,301.51288001031764,298.32415660771585,300.8441197616063,17449300
8978,2021-10-25,298.64404296875,299.8749346299276,297.0254418784071,299.83615777139573,17554500
8979,2021-10-26,300.56298828125,302.7824969844961,299.0994950160424,301.42560307917466,28107300
8980,2021-10-27,313.22100830078125,316.0607991913037,306.2717285345529,306.2717285345529,52588700
8981,2021-10-28,314.3646850585937,314.8686658800546,311.4667139954873,314.3452818413346,26297900
8982,2021-10-29,321.41082763671875,321.77913378740067,313.92849237878045,314.15142230631733,34766000
8983,2021-11-01,319.2301025390625,321.284832079321,316.3224597002652,321.1588294904815,27073200
8984,2021-11-02,322.8744201660156,323.18457589423457,319.84077415142025,320.1412282699829,26487100
8985,2021-11-03,323.7176208496094,324.5899079243073,320.47074658116105,323.6206934906258,21500100
8986,2021-11-04,326.0824890136719,326.1794163674773,319.36584044582264,322.6417897891467,23992200
8987,2021-11-05,325.7141418457031,328.36010742357934,324.12464583991834,328.08872861390523,22570100
8988,2021-11-08,326.615478515625,327.25516342665753,324.1439941767868,326.91593254652474,20897000
8989,2021-11-09,325.6075134277344,328.29222604030014,324.2312162869751,326.7317758403251,21307400
8990,2021-11-10,320.6160888671875,324.32819631868085,319.7632051014801,324.2700458250661,25500900
8991,2021-11-11,322.19586181640625,323.49460526443977,320.3349871599673,321.05219618608754,16849800
8992,2021-11-12,326.35382080078125,326.84812952926194,323.5140301700109,323.6400327539822,23831000
8993,2021-11-15,325.72381591796875,327.47809121400434,323.7466107128754,327.1485619428337,16723000
8994,2021-11-16,329.0579833984375,330.1822756278537,325.18112588103355,325.3458757618009,20886800
8995,2021-11-17,329.2813415527344,332.2622808805559,328.1938400782413,329.1065708798036,19053400
8996,2021-11-18,331.3688659667969,332.5146536422035,327.3392741025324,328.36851839657044,22463500
8997,2021-11-19,333.1554870605469,335.0877722203571,332.2719145644923,332.69915140962325,21963400
8998,2021-11-22,329.970703125,339.52524718692445,329.6988277822422,334.62174202679074,31031100
8999,2021-11-23,327.8830261230469,329.6016928275928,323.88256267855536,327.2712993049668,30427600
9000,2021-11-24,328.1063842773437,328.34913114834603,324.22243434130775,326.5236699372593,21661300
9001,2021-11-26,320.1150817871094,328.12572690787914,318.6003439893928,324.6496054572681,24217200
9002,2021-11-29,326.863525390625,329.1938894536679,325.02834480045965,325.2225541524577,28563500
9003,2021-11-30,320.9987487792969,327.9801511598231,319.4451628784616,325.59153024619826,42885600
9004,2021-12-01,320.5035095214844,329.4366054980514,319.8335554738166,325.40701369477864,33337600
9005,2021-12-02,319.9306640625,323.8146140888413,318.2896928057958,320.7171615722592,30766000
9006,2021-12-03,313.638671875,323.04754282111514,308.80314361131497,322.3581203828831,41779300
9007,2021-12-06,316.7264099121094,317.9498636247727,309.9683453175888,314.55140742931803,30032600
9008,2021-12-07,325.2030639648437,326.0575078568523,320.5228982914743,322.01822695880304,31021900
9009,2021-12-08,325.251708984375,325.7663312135231,321.2026777609349,325.58184120381065,24761000
9010,2021-12-09,323.4359436035156,326.72757583430194,322.48436518172974,324.707934863553,22214200
9011,2021-12-10,332.6020812988281,333.0487272716257,325.0769278400669,325.2614178438245,38095700
9012,2021-12-13,329.5531616210937,333.8158110995046,329.24243849989546,330.7960244736991,28899400
9013,2021-12-14,318.81402587890625,324.931264787045,314.7067381676782,323.552449526195,44438700
9014,2021-12-15,324.94097900390625,325.4653205800536,315.0854612577218,319.0762058810178,35381100
9015,2021-12-16,315.4737854003906,326.9897108280118,313.6483244336507,325.97015632696287,35034800
9016,2021-12-17,314.4057312011719,315.49326205953525,308.0457751201241,311.57046438037884,47750300
9017,2021-12-20,310.62860107421875,313.4347394175627,308.3564939796076,310.76452390952767,28326500
9018,2021-12-21,317.7944641113281,318.22170092401313,310.52174857188334,313.9105146375976,24740600
9019,2021-12-22,323.5329895019531,323.93106823006343,316.29912205638647,318.7751278896037,24831500
9020,2021-12-23,324.9798278808594,326.6305185809292,323.0767005658128,323.0961096493684,19617800
9021,2021-12-27,332.5146789550781,332.5438073945915,325.69832778706945,325.7274562265829,19947000
9022,2021-12-28,331.3494567871094,333.8351822095749,330.4464455990182,333.1943269570696,15661500
9023,2021-12-29,332.0291748046875,334.3109716368444,329.82501429921825,331.39800924802887,15042000
9024,2021-12-30,329.4754333496094,333.17489276721807,328.98993967661943,331.99028701983536,15994500
9025,2021-12-31,326.5625305175781,329.51431124934464,326.1061651969411,328.6889955613775,18000800
9026,2022-01-03,325.0380554199219,328.1937646958434,320.2122465111482,325.62065382806765,28865100
9027,2022-01-04,319.4645690917969,325.4749833768508,316.6584013250783,325.1156931532872,32674300
9028,2022-01-05,307.2010192871094,316.6098902048438,306.8126302270797,316.4059615017749,40054300
9029,2022-01-06,304.7735900878906,309.4537573925921,302.4529155197897,304.06475847821264,39646100
9030,2022-01-07,304.92889404296875,307.3175147707154,301.0934819267639,305.0356884344486,32720000
9031,2022-01-10,305.1522216796875,305.5891778942772,295.8501747506654,300.5109027560878,44289500
9032,2022-01-11,305.8416442871094,307.42432897382355,300.899321615518,304.2880584070521,29386800
9033,2022-01-12,309.0361633300781,314.0270530188489,307.88068590041127,310.3955694582875,34372200
9034,2022-01-13,295.9569396972656,311.5704332628309,295.1801616510571,311.1723248836896,45366000
9035,2022-01-14,301.2002868652344,301.8022942791712,294.9374066247737,295.42290029823016,39846400
9036,2022-01-18,293.869384765625,300.8119400268569,292.9857825131498,295.2482001655353,42333200
9037,2022-01-19,294.52960205078125,304.8026655825984,293.91790486518016,297.40374615872065,45933900
9038,2022-01-20,292.8498229980469,302.6082350893692,292.4031770647772,300.1031004881252,35380700
9039,2022-01-21,287.4414367675781,295.2870029567207,287.0336089676001,293.9082172607986,57984400
9040,2022-01-24,287.77154541015625,288.4900666398452,268.0410733422131,283.72254434338123,85731500
9041,2022-01-25,280.1202087402344,286.4316282641225,276.896552365421,283.06230004069766,72848600
9042,2022-01-26,288.1017150878906,299.549666894418,284.52848792353353,299.054453748856,90428900
9043,2022-01-27,291.1408386230469,298.3843958364904,289.28624925954864,293.8790300162024,53481300
9044,2022-01-28,299.316650390625,299.53026885029084,285.9073138559126,291.51962106110744,49743700
9045,2022-01-31,301.957763671875,303.3171405166951,297.48149499491893,299.98665983883774,46444500
9046,2022-02-01,299.8021240234375,301.6178659923273,296.27743449220986,301.4042475470351,40950400
9047,2022-02-02,304.36572265625,305.97756540493566,299.91861310216416,300.64685370133134,36636000
9048,2022-02-03,292.5099182128906,302.2003819386154,291.2573363241968,300.51084392088086,43730000
9049,2022-02-04,297.0638732910156,299.8408828984907,291.2670776055158,291.5001050880501,35096500
9050,2022-02-07,292.2187194824219,298.908808395224,291.1991647600581,297.2872757560172,28533300
9051,2022-02-08,295.72393798828125,296.694925446775,291.2477000280742,292.5099718712418,32421200
9052,2022-02-09,302.1809387207031,302.8800507374313,298.47178988545886,300.8798193402717,31284700
9053,2022-02-10,293.6072082519531,300.151654592336,291.9759563455613,295.2190510757167,45386200
9054,2022-02-11,286.48016357421875,295.4617980519647,285.6839467033855,294.3937058633088,39175600
9055,2022-02-14,286.4413146972656,288.15026219267463,282.89721622151654,285.2469893955168,36359500
9056,2022-02-15,291.7526550292969,292.0730679097554,288.40273584536635,291.3060090155031,27058300
9057,2022-02-16,291.4120788574219,292.7450776057495,285.7492393471848,290.3125894683754,29982100
9058,2022-02-17,282.8789367675781,288.78499572393093,282.1686395026327,288.356875412657,32461600
9059,2022-02-18,280.1545104980469,285.92436510715385,278.5782629704892,285.13624134337505,34264000
9060,2022-02-22,279.9501342773437,283.6669824589728,276.8170890587822,277.3035865790964,41736100
9061,2022-02-23,272.7013244628906,283.8226809607446,272.53593192514944,282.34370941320185,37811200
9062,2022-02-24,286.6346740722656,287.1892885046201,264.1876659850067,265.1509514973748,56989700
9063,2022-02-25,289.2811889648437,289.59255454281833,283.7740327899233,287.16980609363816,32546700
9064,2022-02-28,290.7212829589844,291.0618372631697,285.08763168422934,286.36225319102664,34627500
9065,2022-03-01,286.9849853515625,291.8694112336757,284.2605806030305,288.39581076836447,31217800
9066,2022-03-02,292.0834350585937,293.3288677421849,285.76870563477496,287.3838515564128,31873000
9067,2022-03-03,287.92877197265625,294.9440595212997,286.1092458840399,294.71055015953465,27314500
9068,2022-03-04,282.0323791503906,287.67576922113585,279.41504933646394,286.3427705257272,32356500
9069,2022-03-07,271.3781433105469,281.8670322539483,271.00840031749334,280.73835405695525,43157200
9070,2022-03-08,268.40069580078125,276.2916715598199,262.70866870677713,270.2980183698139,48159500
9071,2022-03-09,280.7090759277344,281.7793764366867,273.1975528468867,275.78572328000666,35204500
9072,2022-03-10,277.87774658203125,278.8604814162222,273.0030302338482,275.37714133286033,30628000
9073,2022-03-11,272.5068054199219,281.6918835832038,271.88407416449775,280.183723026545,27209300
9074,2022-03-14,268.97479248046875,277.69282106161535,268.3715402141121,272.7694677796933,30660700
9075,2022-03-15,279.39556884765625,280.04748870402545,271.20296580090604,272.7792132914778,34245100
9076,2022-03-16,286.4400634765625,286.61519548142235,275.5522451059325,281.30262045302413,37826300
9077,2022-03-17,287.2475891113281,287.6270417260488,281.5555623429075,285.3697158614523,30816600
9078,2022-03-18,292.3169250488281,292.87153940935485,284.82488022884814,287.3935719777553,43390600
9079,2022-03-21,291.081298828125,292.0348449816022,286.936329044667,290.8186007675323,28351200
9080,2022-03-22,295.84893798828125,296.76355591312955,290.70178472073417,291.70396865624343,27599700
9081,2022-03-23,291.40234375,295.04136624934927,289.6801528126932,292.3948179286676,25715400
9082,2022-03-24,295.88787841796875,295.985183887236,290.2639667384588,291.0618300156062,24484500
9083,2022-03-25,295.4791564941406,297.25001477240545,291.2077232772877,296.9873167746891,22566500
9084,2022-03-28,302.3096923828125,302.4069681711714,296.11168654291106,296.11168654291106,29578200
9085,2022-03-29,306.8924255371094,307.2913571400481,300.7041605046977,305.4329327088514,30393400
9086,2022-03-30,305.3842468261719,307.417832841888,303.1658190479374,305.2869710648851,28163600
9087,2022-03-31,299.9841003417969,306.6296731361935,299.5754590506944,305.423139087264,33422100
9088,2022-04-01,301.0641784667969,301.7549967231003,297.2889524574944,301.0155108922393,27110500
9089,2022-04-04,306.4642944335937,306.6004983188192,301.3463302614867,301.7160731825303,24289600
9090,2022-04-05,302.4847106933594,306.3669515025398,301.5019761753652,304.8101534591533,23156700
9091,2022-04-06,291.4120788574219,298.70954326954427,288.6974137819439,296.9484242335621,40110400
9092,2022-04-07,293.2315979003906,295.4500260654248,288.3471720326163,288.6487982094901,31411200
9093,2022-04-08,288.95037841796875,292.9883024570714,288.2790093714856,292.32667286424794,24361900
9094,2022-04-11,277.556640625,284.7081321151136,277.30365235252583,283.9102985595844,34569300
9095,2022-04-12,274.44305419921875,282.8886463462349,272.9154444392271,281.42915338423376,30966700
9096,2022-04-13,279.85284423828125,280.7869112145309,273.7035081166088,275.0949136683169,21907200
9097,2022-04-14,272.27325439453125,280.5242650057642,271.7770469964598,280.31020485779595,28221600
9098,2022-04-18,272.944580078125,274.83219298436376,270.8234578452437,271.3780721894741,20778000
9099,2022-04-19,277.5955810546875,278.4421120113957,270.891658061002,271.8354648048012,22297700
9100,2022-04-20,278.6268920898437,281.8767221982416,277.66363634073986,281.58480582125515,22906700
9101,2022-04-21,273.2267761230469,285.3794765084188,272.4970297326979,280.78693803741777,29454600
9102,2022-04-22,266.6298522949219,275.55223063550807,265.99741140383605,274.0732590451422,29405800
9103,2022-04-25,273.13922119140625,273.5186738891718,263.4579068096184,265.9098737843962,35678900
9104,2022-04-26,262.9227905273437,270.84295680987526,262.7087303741153,270.00619510672965,46518400
9105,2022-04-27,275.5717163085937,283.1124295074732,271.6213579631091,274.4819663779026,63477700
9106,2022-04-28,281.8086242675781,283.12217381828333,273.8592398616046,277.4885229014795,33646600
9107,2022-04-29,270.02557373046875,282.0518079064076,269.0331294759327,280.8160851975912,37073900
9108,2022-05-02,276.78790283203125,277.2452116928906,268.76069367617856,270.21044679757324,35151100
9109,2022-05-03,274.1706237792969,276.45716875082513,272.58463663535474,276.29174647907155,25978600
9110,2022-05-04,282.149169921875,283.0248596977465,269.2569830130294,274.9587208572136,33599300
9111,2022-05-05,269.8602294921875,278.6171864490343,266.9315043858245,277.8290626983947,43260400
9112,2022-05-06,267.3109436035156,271.70887058639,263.9443593156212,267.3887701432197,37780300
9113,2022-05-09,257.43505859375,265.0049601103205,256.20910482547714,262.7670830134219,47726000
9114,2022-05-10,262.2221984863281,266.35742796153,257.9118370068413,264.3530602854969,39336400
9115,2022-05-11,253.51390075683597,264.0319770440954,252.29765669315228,258.50537114514697,48975900
9116,2022-05-12,248.45433044433597,252.86199751589103,243.2682642428535,250.7311356508223,51033800
9117,2022-05-13,254.06851196289065,255.93667588620227,248.45434012557908,250.4003306028604,34925100
9118,2022-05-16,254.43820190429688,258.6415475860851,248.87266911085104,252.93978123474744,32550900
9119,2022-05-17,259.6145935058594,261.083796106576,255.37231887699087,258.9237455156358,28828800
9120,2022-05-18,247.79443359375,257.0789268616346,246.5168434618955,256.49376403299016,31356000
9121,2022-05-19,246.87765502929688,251.29560259060267,245.64883109808304,247.6188482904772,32692300
9122,2022-05-20,246.31201171875,252.1440854849092,240.3434168359691,250.8762278335101,39199300
9123,2022-05-23,254.20188903808597,255.0308672167441,247.16050023264856,249.1695513045214,33175400
9124,2022-05-24,253.1974334716797,254.8651226166889,247.2288367315417,251.51024980754812,29043900
9125,2022-05-25,256.025634765625,258.03467104715224,250.7689908290444,251.7540144546174,28547900
9126,2022-05-26,259.3219909667969,260.5020488847592,254.96257147531688,255.7817874502951,25002100
9127,2022-05-27,266.4803466796875,266.5778787470546,260.9408704994916,261.83812385161747,26910800
9128,2022-05-31,265.1443176269531,267.9725697938546,262.27704666969936,265.7879937359914,37827700
9129,2022-06-01,265.68072509765625,270.8203419884705,263.35959819128334,268.3919506135823,25292200
9130,2022-06-02,267.7872619628906,267.8555374038793,255.12838804622388,257.9078889871532,44008200
9131,2022-06-03,263.340087890625,266.685257307547,261.7699312309948,263.6229220466729,28059000
9132,2022-06-06,262.1015014648437,267.3971637281567,260.60935271212526,265.3296143204805,22400300
9133,2022-06-07,265.7586975097656,266.37311687520065,259.3609859250349,260.04368072276543,22860700
9134,2022-06-08,263.7204284667969,266.24635182283305,262.94020151963724,264.9882563323359,17372300
9135,2022-06-09,258.2394714355469,265.96352496663144,258.08342604184816,261.155493463589,26439700
9136,2022-06-10,246.73138427734372,254.13359977054108,246.28275749041563,254.13359977054108,31422800
9137,2022-06-13,236.26681518554688,242.85959159998848,235.55487854905925,239.04631605488257,46135800
9138,2022-06-14,238.4416656494141,239.66074240251308,235.53537595548423,237.8272462038336,28651500
9139,2022-06-15,245.5317840576172,248.9842174568016,240.3238921911125,242.16713548684424,33111700
9140,2022-06-16,238.9098052978516,241.2991929411064,237.0080483932736,239.8948140327076,33169200
9141,2022-06-17,241.5234832763672,244.30298425938648,237.9930417189488,238.64646508071192,43084800
9142,2022-06-21,247.4628448486328,248.4478535525514,243.33747821445448,244.06892429949636,29928300
9143,2022-06-22,246.86790466308597,250.80796876085088,244.17617387437548,245.6585752593677,25939900
9144,2022-06-23,252.45611572265625,252.9535084897749,247.3555183759756,249.24752760322144,25861400
9145,2022-06-24,261.0775146484375,261.35058667708904,255.2454401819131,255.33321014512765,33923200
9146,2022-06-27,258.3370361328125,261.6626516967659,256.7668496223372,261.57488173222293,24615100
9147,2022-06-28,250.13507080078125,260.3070407191202,249.97902539515215,257.4495317749188,27295500
9148,2022-06-29,253.821533203125,255.489221809158,249.43284216506697,251.2175722545691,20069800
9149,2022-06-30,250.47634887695312,253.10956631610952,246.6435790758852,250.69090755542223,31730900
9150,2022-07-01,253.1583709716797,253.34367304054183,248.31133493286703,250.0473141203962,22837700
9151,2022-07-05,256.34747314453125,256.4742618926065,248.43810234221337,249.8229717887662,22941000
9152,2022-07-06,259.624267578125,261.36023126919065,255.9085249036384,257.225133434879,23824400
9153,2022-07-07,261.7601928710937,262.4038690626663,258.46380408514074,258.5613361922191,20859900
9154,2022-07-08,261.0384826660156,261.46760008401816,256.77659490153445,258.23948707310194,19658800
9155,2022-07-11,257.9664001464844,259.9364174424427,255.6940244376053,259.07818265604794,19455200
9156,2022-07-12,247.39454650878903,259.36100751938403,245.80486573573236,259.30249421900527,35868500
9157,2022-07-13,246.46804809570312,247.2775167971426,241.97209270370757,244.000638085392,29497400
9158,2022-07-14,247.79443359375,248.82820836055416,239.8558059029623,244.371271225714,25102800
9159,2022-07-15,250.3690948486328,253.92879282199087,248.4673381932592,249.3938334990764,29774100
9160,2022-07-18,247.96023559570312,254.38720528899,247.03374014987685,253.3241738288452,20975000
9161,2022-07-19,253.1095733642578,253.29487539912355,247.4042885956237,251.20780185384177,25012600
9162,2022-07-20,255.7817840576172,258.3174695251727,252.50492020116843,253.4704194155481,22788300
9163,2022-07-21,258.2882385253906,258.3370194554005,250.67144899136895,253.3631801140603,22404700
9164,2022-07-22,253.9189910888672,258.7660404308286,252.66092557320184,258.6782704945689,21881300
9165,2022-07-25,252.4268798828125,255.0308407597336,250.45686268785204,254.54321008906493,21056000
9166,2022-07-26,245.6683654785156,253.4509629497861,243.39601928294323,253.4314386717432,39348000
9167,2022-07-27,262.091796875,263.3693872095619,252.4464749798048,254.6993269293069,45994000
9168,2022-07-28,269.572021484375,270.9666382175285,261.24328035182674,263.07677664337115,33459300
9169,2022-07-29,273.794921875,275.0237609693272,269.7866111341647,270.8301481503752,32152800
9170,2022-08-01,271.1324462890625,274.3215405283766,269.0161158388109,270.9471442318351,21539600
9171,2022-08-02,268.0213928222656,271.0154529964979,265.6417522014723,269.17219433618106,22754200
9172,2022-08-03,275.48211669921875,276.486634852269,269.76706884087804,269.9133818757628,23518900
9173,2022-08-04,276.6329345703125,276.7792178512748,273.23904340150466,274.8286947381224,18098700
9174,2022-08-05,275.9112243652344,276.6329083245919,271.78585765777035,272.24423173637746,16774600
9175,2022-08-08,273.38531494140625,278.8467853762037,272.41005342671457,277.02302134312987,18739200
9176,2022-08-09,275.3162841796875,276.0769868890981,270.74230578508485,272.72211501979655,23405200
9177,2022-08-10,282.006591796875,282.64050575840105,279.84151028454056,281.04109252874485,24687800
9178,2022-08-11,279.9195556640625,284.0059038855235,279.4221925187229,283.654824018225,20065900
9179,2022-08-12,284.6885681152344,284.6885681152344,279.8415176089053,281.3434285473414,22619700
9180,2022-08-15,286.2099914550781,286.90241878136646,282.93309736302257,283.8010943775884,18085700
9181,2022-08-16,285.4687805175781,286.7658949577714,283.23545314932466,284.76659105891446,18102900
9182,2022-08-17,284.7161865234375,286.70016804395624,282.9081174942072,283.17198623113995,18253400
9183,2022-08-18,283.5922241210937,285.292770964947,282.526906803696,283.6117600089625,17186200
9184,2022-08-19,279.66339111328125,282.6931246022663,279.0867691313895,282.3510526263538,20570000
9185,2022-08-22,271.453857421875,276.0570810002909,270.93587285636994,275.6856902126092,25061100
9186,2022-08-23,270.1735534667969,272.5386792676636,269.1571202381185,270.1735534667969,17527400
9187,2022-08-24,269.5382385253906,270.9455981450401,268.8736304974872,269.1668478166237,18137000
9188,2022-08-25,272.5288391113281,272.69496872997496,268.2969778776968,271.04327644605667,16583400
9189,2022-08-26,262.0128173828125,273.98512913179,261.905325226345,272.7536818076415,27549300
9190,2022-08-29,259.2175598144531,261.3383517742995,257.8688380128576,259.8235003744092,20338500
9191,2022-08-30,257.0088195800781,260.9963182604333,254.7511866066928,260.6249574108069,22767100
9192,2022-08-31,255.5428466796875,261.0549803596485,255.40600596499164,259.37399895593006,24791800
9193,2022-09-01,254.4970703125,254.9759829418681,249.62019655941825,253.00175458270184,23263400
9194,2022-09-02,250.2555084228516,258.7387389192011,248.7015548739836,255.76767255162795,22855400
9195,2022-09-06,247.50921630859372,251.98538170723285,246.22891435758208,250.39235632621703,21328200
9196,2022-09-07,252.23948669433597,252.9627024699416,247.4798869965814,248.9263334606881,24126700
9197,2022-09-08,252.6597137451172,254.52642037914524,249.0142716406744,251.6726292698562,20319900
9198,2022-09-09,258.465087890625,259.2176522567017,254.3896321158372,254.59486338577116,22084700
9199,2022-09-12,260.6053771972656,261.38726010878645,259.14916314912176,259.7551037644358,18747700
9200,2022-09-13,246.27777099609372,254.49711760874703,245.8868294468606,252.97248284897583,33353300
9201,2022-09-14,246.5025634765625,248.4669945133989,244.19606043381268,247.782865414468,23913000
9202,2022-09-15,239.81761169433597,245.7011366717456,238.4884402386865,244.1080964445823,31530900
9203,2022-09-16,239.19210815429688,239.73941138872885,236.57285207293663,238.72297831373123,39791800
9204,2022-09-19,238.9771270751953,239.5830678952397,235.39032189172852,236.97359431204936,26826900
9205,2022-09-20,236.9540252685547,237.9899942990565,234.20772606919547,236.5826494298004,26660300
9206,2022-09-21,233.53335571289065,242.04591952184435,233.4844861559874,238.7327663791777,28625600
9207,2022-09-22,235.517333984375,238.33205339630865,232.18464499812544,232.47783250945625,31061200
9208,2022-09-23,232.5267333984375,235.6639744084705,229.86839024293383,234.1100058245475,34176000
9209,2022-09-26,232.0673675537109,235.9766936524482,231.52983223255544,231.67644090899543,27694200
9210,2022-09-27,231.0509490966797,236.3187654128993,229.1842423073205,234.540014881578,27018700
9211,2022-09-28,235.6053009033203,236.8367331673944,229.40900814775864,231.44185936274204,29029700
9212,2022-09-29,232.11622619628903,234.51068533657707,229.09627550613527,233.4747163551957,27484200
9213,2022-09-30,227.6205139160156,235.0873264233734,227.4543693406864,232.88833041765147,35694800
9214,2022-10-03,235.28277587890625,236.133049458296,229.34059894313316,230.0735975220261,28880400
9215,2022-10-04,243.23828125,244.6847277702556,239.42667925234397,239.5341863194985,34888400
9216,2022-10-05,243.5509796142578,244.89970170574023,238.56659846872,240.4137542008881,20347100
9217,2022-10-06,241.19564819335935,244.66517820045487,240.50175113967796,242.30980557091357,20239900
9218,2022-10-07,228.93014526367188,235.84965435537447,227.8843933578398,235.4391619852881,37769600
9219,2022-10-10,224.05322265625,229.2428499858018,221.59034336136497,227.76708494567168,29743600
9220,2022-10-11,220.30026245117188,223.867515901671,219.0297287178116,222.46015637628076,30474000
9221,2022-10-12,220.63259887695312,222.69476905765663,218.8831819525156,220.29052686702423,21903900
9222,2022-10-13,228.93014526367188,230.7479825243132,214.16266509998607,214.8663450017115,42551800
9223,2022-10-14,223.3788909912109,231.86213638380053,223.16387686265688,230.20066086081096,30198600
9224,2022-10-17,232.14556884765625,233.5431607608189,229.8097469695489,230.4743401982064,28142300
9225,2022-10-18,233.09356689453125,238.4004698757012,230.03451447301316,237.7261236555429,26329600
9226,2022-10-19,231.11935424804688,234.1784066853716,228.97899582786732,231.666657514543,19985700
9227,2022-10-20,230.79681396484372,235.8398477825105,229.5458309126481,230.42543815781005,21811000
9228,2022-10-21,236.63150024414065,237.49155674439496,229.18423891588736,229.4188038467464,26299700
9229,2022-10-24,241.6452178955078,242.22183991219995,235.8300983443022,238.23432552805727,24911200
9230,2022-10-25,244.9779052734375,245.34928108433223,240.25739257196292,241.6549693897686,34775500
9231,2022-10-26,226.0763397216797,232.8981097173172,224.84489243304628,225.9297310424684,82543200
9232,2022-10-27,221.60992431640625,228.39260751726937,220.66191153974984,225.80267001633032,40424600
9233,2022-10-28,230.52316284179688,231.2366255329459,220.9257758198507,221.11147118020745,40647700
9234,2022-10-31,226.8679656982422,229.5947140195385,225.91017009167064,228.4610059012876,28357300
9235,2022-11-01,222.99771118164065,230.39611728444083,222.1767563573702,229.2819600478184,30592300
9236,2022-11-02,215.11068725585935,226.05679799638708,215.05203483408116,224.2585114638289,38407000
9237,2022-11-03,209.3932647705078,215.4136301278351,209.1293811013709,215.100876903244,36633900
9238,2022-11-04,216.37142944335935,216.5668927691409,208.5918638089294,212.61847990192896,36789100
9239,2022-11-07,222.7045135498047,223.23228088594612,216.2639028499617,216.95781474366044,33498000
9240,2022-11-08,223.68185424804688,226.39883460819428,220.7205410144121,223.5157096836229,28192500
9241,2022-11-09,219.42071533203125,223.44733172324337,219.2448027996685,222.21588434511625,27852900
9242,2022-11-10,237.4720001220703,237.81407210708255,229.67289904500376,230.09314442549228,46268000
9243,2022-11-11,241.5083923339844,242.36844884310648,236.44580730923667,237.4817912465408,34620200
9244,2022-11-14,236.07444763183597,238.38095077180964,233.78749529919745,236.5044759158322,31123300
9245,2022-11-15,236.48489379882807,241.40086983358165,234.5888683865417,240.09124926054272,31390100
9246,2022-11-16,236.9161529541016,238.9449378815356,235.63224285834696,237.95504158257705,24093300
9247,2022-11-17,236.86712646484372,238.40586833296084,232.8977909806892,233.04479786716809,23123500
9248,2022-11-18,236.4163055419922,238.8861260254941,234.26991517757335,238.6606955166367,27613500
9249,2022-11-21,237.229736328125,239.7975559645431,236.386862064694,236.6220730512848,26394700
9250,2022-11-22,240.1504364013672,240.4248592449985,235.9164732746815,238.73911037416417,19665700
9251,2022-11-23,242.64964294433597,243.33570000991836,239.4055613553574,240.22882983405623,19508500
9252,2022-11-25,242.56141662597656,243.7473119548172,241.81654191868392,242.3849934224364,9200800
9253,2022-11-28,236.94552612304688,241.7381448542194,236.00465217547287,241.1795037518952,24778200
9254,2022-11-29,235.54400634765625,237.9550088795725,233.46622937626157,236.59269030692607,17956300
9255,2022-11-30,250.05911254882807,250.24533126009965,235.0834013955844,235.77926895534796,47594200
9256,2022-12-01,249.61805725097656,251.0195727804044,245.92312956124096,248.81437970870576,26041500
9257,2022-12-02,249.94146728515625,250.9607498651417,244.71760854479217,244.8450244753859,21528500
9258,2022-12-05,245.21743774414065,248.76535812716048,243.1200549563536,246.9913904581901,23435300
9259,2022-12-06,240.2386016845703,246.84438467771187,238.92529043746708,245.82510213120872,22463700
9260,2022-12-07,239.5035400390625,241.25790183378027,237.38656627233448,239.95438604558672,20481500
9261,2022-12-08,242.47320556640625,243.78653182088885,238.21963705324325,239.96418847025336,22611800
9262,2022-12-09,240.5326232910156,243.36507027857957,239.2977207308221,239.82696041235636,20609700
9263,2022-12-12,247.4814453125,247.51084668836435,242.24779103974268,242.52221385109104,30665100
9264,2022-12-13,251.8036346435547,258.6642346372592,248.03029866504872,256.4786327288644,42196900
9265,2022-12-14,252.09768676757807,257.3607430640229,249.24563331830728,252.0094826291281,35410900
9266,2022-12-15,244.05113220214844,249.13777932434795,242.41439089498203,248.66734238068187,35560400
9267,2022-12-16,239.81719970703125,244.86463565635628,238.66069067242736,243.60033153916896,86102000
9268,2022-12-19,235.66162109375,240.32683894372457,233.95628142011972,239.98380294125397,29696400
9269,2022-12-20,236.98475646972656,238.0726523382353,233.6720615817602,234.63254150690932,25150800
9270,2022-12-21,239.56236267089844,240.72866715475757,235.32839983113104,236.87693717521168,23690600
9271,2022-12-22,233.44664001464844,237.1709690603081,229.21266216360232,236.4554956559447,28651700
9272,2022-12-23,233.97586059570312,234.1130719988033,229.2812565600642,231.40804078557704,21207000
9273,2022-12-27,232.2411193847656,234.17187449957132,231.13361773276105,233.9464589707733,16688600
9274,2022-12-28,229.85952758789065,234.946175417895,229.5066960923145,232.17253073557336,17457100
9275,2022-12-29,236.21046447753903,237.102346111506,230.95720418697823,230.95720418697823,19770700
9276,2022-12-30,235.04417419433597,235.18138560256983,231.9470996028593,233.4662355221848,21938500
9277,2023-01-03,234.8089599609375,240.8560876090647,232.672365120338,238.23926029311136,25740000
9278,2023-01-04,224.5376739501953,228.23258683276063,221.46020498304856,227.65433977112923,50623400
9279,2023-01-05,217.88287353515625,223.01852855170435,217.3438233498918,222.6754925370117,39585600
9280,2023-01-06,220.45069885253903,221.26417188709627,214.9818330743018,218.55914037652232,43613600
9281,2023-01-09,222.5970916748047,226.63505551365208,221.9012391016624,221.9404359551807,27369800
9282,2023-01-10,224.2926177978516,226.70362023833323,222.80288335065225,223.2243130221081,27033900
9283,2023-01-11,231.0748291015625,231.2512373640301,226.5076257664419,226.6840340289095,28669300
9284,2023-01-12,233.76025390625,235.1225725416833,228.9088322882637,230.57497512258237,27269500
9285,2023-01-13,234.46592712402344,234.60313854097345,230.2417596219311,232.280339927276,21333300
9286,2023-01-17,235.5636138916016,236.11245951391456,232.36852480397408,233.2310050418497,29831300
9287,2023-01-18,231.1140289306641,237.55319978230224,230.8298106302744,236.7593326811244,30028700
9288,2023-01-19,227.31130981445312,230.829829471508,226.0862024706812,229.124474665205,28623000
9289,2023-01-20,235.4362030029297,235.9458517866753,229.8399067203441,230.18294271909863,35389800
9290,2023-01-23,237.74920654296875,240.28762508379944,234.87754747647304,236.2986837989115,31934000
9291,2023-01-24,237.219970703125,239.09193825120212,235.65184232831297,237.67081677077388,40234400
9292,2023-01-25,235.8184356689453,238.4548687601257,226.30179634476667,229.81050516547128,66526600
9293,2023-01-26,243.06126403808597,243.36508822534608,237.1807495855516,238.7978850780299,33454500
9294,2023-01-27,243.2180938720703,244.8548353510629,241.9145779733684,244.0315668744898,26498900
9295,2023-01-30,237.87661743164065,240.7090646327135,237.37676413120784,239.64075980634885,25867400
9296,2023-01-31,242.87501525878903,243.0122266474823,238.1117985442666,238.60184135458815,26541100
9297,2023-02-01,247.7167053222656,250.09830682415196,240.58168133667692,243.0612974081973,31259900
9298,2023-02-02,259.33074951171875,259.41895365843123,252.1271117650336,253.6658538917788,39940400
9299,2023-02-03,253.2051696777344,258.9386775277901,251.98006244096368,254.37147415992763,29077300
9300,2023-02-06,251.6566162109375,253.1561462653794,249.7062550702165,252.31328684712523,22518000
9301,2023-02-07,262.23175048828125,263.4176459144894,254.90069804204688,255.3417486096492,50841400
9302,2023-02-08,261.4183349609375,271.248595796035,260.908671127071,267.75949222350795,54686000
9303,2023-02-09,258.3702392578125,268.5239446989901,257.5665616442939,268.3475065061302,42375100
9304,2023-02-10,257.8606262207031,258.83090176561467,255.4692140469097,256.3218840602987,25818500
9305,2023-02-13,265.9169006347656,269.13158103404106,261.8299294701828,262.3101918765242,44630900
9306,2023-02-14,266.7499389648437,269.49416696950243,263.9174769262478,267.23998181637864,37047900
9307,2023-02-15,264.6177978515625,266.0031834667532,261.5326064848071,263.63525741395955,28922400
9308,2023-02-16,257.5730285644531,262.0828866051788,257.32739339893584,259.41037480496044,29603600
9309,2023-02-17,253.554443359375,255.548999723687,251.53041197430025,254.8612392443018,30000100
9310,2023-02-21,248.258544921875,251.029316758868,247.19739921785944,250.0369411045044,28397400
9311,2023-02-22,247.1187896728516,249.89938146855127,245.9692189291674,249.6537463098398,22491100
9312,2023-02-23,250.32188415527344,252.3557354930105,246.10677639534023,251.09808466765125,29219100
9313,2023-02-24,244.8687744140625,246.6176955175455,243.7683337176813,245.59585986981725,24990900
9314,2023-02-27,245.7923583984375,248.4059199745776,245.03579794379075,248.05220476132263,21190000
9315,2023-02-28,245.06527709960935,247.09914335825744,244.38732168006,244.721396881604,22491000
9316,2023-03-01,241.9702911376953,246.5489191926256,241.49866082910685,246.38188908047655,27565300
9317,2023-03-02,246.7257843017578,247.01071449485823,241.3218107030905,242.2454013169164,24808200
9318,2023-03-03,250.8328094482422,251.15704967928696,247.00090670386103,247.78694226466217,30760100
9319,2023-03-06,252.38522338867188,255.5784806456706,251.5107627702967,251.952903084328,24109800
9320,2023-03-07,249.7126922607422,253.1908944468832,248.96596678774188,251.8251485941228,21473200
9321,2023-03-08,249.2705535888672,250.0958841157782,246.4310117820294,249.60461380322928,17340200
9322,2023-03-09,247.91465759277344,255.0282421196784,247.18757213332037,251.3535497788368,26653400
9323,2023-03-10,244.24978637695312,248.3764542739092,243.27708068958228,246.69631809078805,28333900
9324,2023-03-13,249.48670959472656,253.4070520212103,241.43969960963776,243.08054062729636,33339700
9325,2023-03-14,256.23681640625,256.511926623106,251.3928826027268,252.2673432903867,33620300
9326,2023-03-15,260.8055725097656,261.8274231030396,254.6843339357489,255.44090936840504,46028000
9327,2023-03-16,271.3777160644531,271.7314162751919,258.68327877053844,260.57957486476903,54768800
9328,2023-03-17,274.5513000488281,278.38320221583945,271.4956133158903,273.4017443911038,69527400
9329,2023-03-20,267.47705078125,272.6353891713259,265.13859924685386,272.1441188484615,43466600
9330,2023-03-21,268.9999694824219,270.19867023704575,264.814336850172,270.08077016032206,34558700
9331,2023-03-22,267.5359802246094,276.133210212867,267.42788516982534,268.62658586472133,34873300
9332,2023-03-23,272.8122863769531,276.15291915205154,270.39524436702675,273.0873966058491,36610900
9333,2023-03-24,275.67138671875,275.7303367481384,270.4737392394616,272.3995101639137,28172000
9334,2023-03-27,271.5545959472656,276.5458893718172,270.7095953765777,275.6026587216582,26840200
9335,2023-03-28,270.42462158203125,271.31873699874143,267.3001201310285,270.97484184081367,21878600
9336,2023-03-29,275.61248779296875,276.2314932010779,273.54914642752533,274.08953179203525,25087000
9337,2023-03-30,279.0906677246094,279.4935130009522,276.56556096936856,279.26754783515247,25053400
9338,2023-03-31,283.2664489746094,284.21951457614847,278.05899567842283,278.77626112609994,32766000
9339,2023-04-03,282.21514892578125,283.2369695665232,278.99241693897744,281.5175235068159,24883300
9340,2023-04-04,282.1659851074219,285.37891186376925,280.6823692815174,282.2151301252811,25824300
9341,2023-04-05,279.3755798339844,282.1365164147506,277.98038902724386,280.8592256779027,22064800
9342,2023-04-06,286.50885009765625,286.9804504038719,277.10592919060144,278.2653199230616,29770300
9343,2023-04-10,284.3374328613281,284.54375798741194,279.7391201581484,284.1605527684974,23103000
9344,2023-04-11,277.8919372558594,280.9869640507053,276.72274155917825,280.76096892424965,27276600
9345,2023-04-12,278.5404357910156,281.9989980260232,277.0371498147004,279.81775661090296,27403400
9346,2023-04-13,284.7795104980469,284.8384605242106,278.22598271656614,278.6386328997121,24222700
9347,2023-04-14,281.1441955566406,283.443337075977,278.7369589738927,281.9891661216718,20987900
9348,2023-04-17,283.7577209472656,286.5088526923991,281.16382928530817,284.86799665280347,23836200
9349,2023-04-18,283.33526611328125,286.6660935877299,281.9990251103345,286.479408449853,20161800
9350,2023-04-19,283.413818359375,284.003318669782,279.5720814178553,280.9967471476808,17150300
9351,2023-04-20,281.1146850585937,283.98371688946736,280.10266940979704,280.269714510074,23244400
9352,2023-04-21,280.7707824707031,281.271857735347,278.11791113062174,280.03387709676457,21676400
9353,2023-04-24,276.8504638671875,279.974965874203,273.8537269250156,277.16488406665934,26611000
9354,2023-04-25,270.6113586425781,276.6834526548498,270.56221361928937,274.6299462973571,45772200
9355,2023-04-26,290.21295166015625,294.33963331286657,287.619060609548,291.51974717690763,64599200
9356,2023-04-27,299.5078430175781,299.8714082329825,290.09511710218845,290.80254754565533,46462600
9357,2023-04-28,301.8954162597656,303.53624217197233,298.0143691284371,298.70215950112447,36446700
9358,2023-05-01,300.2250671386719,303.2119985982661,299.8222219430723,301.6104528158052,21294100
9359,2023-05-02,300.0777282714844,303.7818955393081,298.60391737135024,302.3867046786464,26404400
9360,2023-05-03,299.0853881835937,303.22187620540313,298.78080296018044,301.2666297741827,22360800
9361,2023-05-04,300.0777282714844,302.3867046786464,298.1028120701816,300.8932237762644,22519900
9362,2023-05-05,305.2262268066406,306.52318757549443,298.9576130752729,300.38230891776885,28181200
9363,2023-05-08,303.2611694335937,304.78412545107415,300.74586773679005,304.7153404083677,21318600
9364,2023-05-09,301.6399841308594,304.6269161479535,300.9620286732827,302.62252479578075,21340800
9365,2023-05-10,306.8572998046875,307.5352553222301,302.298326308282,303.2317220316603,30078000
9366,2023-05-11,304.6956787109375,305.68805440207467,300.9129210456276,304.6858736936846,31680200
9367,2023-05-12,303.5755920410156,305.2262531704453,301.2469754504341,305.12799310648273,19758100
9368,2023-05-15,304.0569763183594,304.4892965393922,302.2196303713481,303.70327612919976,16336500
9369,2023-05-16,306.2972106933594,308.23281696097433,304.4205544655897,304.4205544655897,26730300
9370,2023-05-17,309.1921691894531,309.61557800525054,305.9820752690315,307.5083603764243,24315000
9371,2023-05-18,313.6429443359375,314.1550015459057,308.91645194585186,309.71404716105,27276000
9372,2023-05-19,313.4657287597656,313.8694546447181,311.5258912419883,311.8902211734482,27529500
9373,2023-05-22,316.26226806640625,317.65068255774975,313.1408221240689,313.7217847750037,24115700
9374,2023-05-23,310.432861328125,317.77862806398514,310.4230048284488,315.1298139772058,30797200
9375,2023-05-24,309.04449462890625,311.6539131682788,307.82346044326306,309.9110253250696,23384900
9376,2023-05-25,320.9297180175781,321.8946936022039,315.1003483509488,318.29072976190264,43301700
9377,2023-05-26,327.79296875,328.29513945011763,318.9209157607873,319.0587565244424,36630600
9378,2023-05-30,326.1386413574219,330.59927867316253,325.4592039473821,330.0971080159677,29503100
9379,2023-05-31,323.36187744140625,330.79626374577583,322.3180799641337,327.2021566585661,45950600
9380,2023-06-01,327.4877014160156,328.4231675491536,319.74806391564715,320.9395286349785,26773900
9381,2023-06-02,330.2645263671875,332.3323782865881,327.45815805159447,329.13214056975426,25864000
9382,2023-06-05,330.7962646484375,333.37614376930503,329.535864541666,330.08728771023425,21307100
9383,2023-06-06,328.57086181640625,330.2349878378433,327.08400256878656,330.19559188251617,20396200
9384,2023-06-07,318.4285583496094,329.36843269361947,317.5620276985379,326.5719210789932,40717100
9385,2023-06-08,320.2798156738281,321.63869071602795,318.3990568886411,318.98001954213174,23277700
9386,2023-06-09,321.7863464355469,324.9373314399376,319.44278312053285,320.0138891984146,22514900
9387,2023-06-12,326.76885986328125,327.01503196954405,320.1812918956647,323.5489094811682,24260300
9388,2023-06-13,329.1715087890625,331.82032311090893,325.3312298625047,329.34874549714056,22951300
9389,2023-06-14,332.1748046875,333.8487871057347,327.71416712277926,329.2207392790675,26003800
9390,2023-06-15,342.77001953125,344.4833676385854,332.0369225611873,332.3126340962792,38899100
9391,2023-06-16,337.08837890625,346.088445630965,336.7142225430132,345.9407483756996,46533600
9392,2023-06-20,332.8739318847656,336.842225295789,330.7174616885454,334.1146489977438,26375400
9393,2023-06-21,328.4527282714844,332.5588929713672,326.98555186795784,331.2197008440699,25117800
9394,2023-06-22,334.50848388671875,334.9122097318514,328.2360236629577,329.00407940361606,23556800
9395,2023-06-23,329.89031982421875,332.7853063249792,328.3443817672565,329.2404218291187,23084700
9396,2023-06-26,323.568603515625,330.9635927200876,323.4602721690602,328.61020314832035,21520600
9397,2023-06-27,329.4472351074219,331.0030296985232,324.2579075361374,326.7787076649522,24354100
9398,2023-06-28,330.7076416015625,332.8050329327916,328.6988686300646,329.53585987238114,20259500
9399,2023-06-29,329.9198303222656,330.96359760301345,327.52704476641753,329.5850398784696,16997000
9400,2023-06-30,335.3258361816406,337.4823064391068,332.0369801390501,332.5785468035808,26823800
9401,2023-07-03,332.8148803710937,335.68032771766394,331.4166394289732,333.99651867597373,12508700
9402,2023-07-05,332.972412109375,336.41882187846574,329.6047942488933,329.9592676867089,18172400
9403,2023-07-06,336.0446472167969,337.7383127075544,330.3630051592924,332.1354325111112,28161200
9404,2023-07-07,332.0566711425781,336.55670498898127,331.84003846145146,334.1245230896401,21185300
9405,2023-07-10,326.7491455078125,330.0971101793497,322.5740762190043,329.4767516660907,32791400
9406,2023-07-11,327.3793334960937,327.763346322412,321.99308707602097,325.9909193311057,26698200
9407,2023-07-12,332.0369567871094,336.4188023518634,330.53038466322164,331.4461377080676,29995300
9408,2023-07-13,337.4133605957031,338.47681093963564,333.8290800785116,334.36082027563174,20567200
9409,2023-07-14,339.953857421875,346.0490818076083,339.0381043039025,342.2678814702268,28302200
9410,2023-07-17,340.43634033203125,341.67702731455745,336.9603913903356,340.3870878805487,20363900
9411,2023-07-18,353.9856872558594,361.1640754028919,336.93090392473795,340.534837675606,64872700
9412,2023-07-19,349.6431884765625,356.9101946041354,347.0436263949261,356.21107416498864,39732900
9413,2023-07-20,341.55889892578125,352.4889474054873,340.0818661596131,348.1563239681224,33778400
9414,2023-07-21,338.5063781738281,344.9363933202969,334.6267028122205,343.80400747725736,69368900
9415,2023-07-24,339.8258056640625,341.6081193477221,337.0686901125497,340.5544955279168,26678100
9416,2023-07-25,345.6059875488281,346.50205770801625,339.78647478990905,341.79521773437693,41637700
9417,2023-07-26,332.59820556640625,339.3925798836245,328.00955380229783,336.21202538513404,58383700
9418,2023-07-27,325.6561584472656,336.1036882550132,324.01171554866875,335.2667271305917,39635300
9419,2023-07-28,333.18902587890625,334.80392936037714,328.06866397123474,328.5610081960286,28484900
9420,2023-07-31,330.7765197753906,332.5292638152956,328.25568998343306,331.7612081135464,25446000
9421,2023-08-01,331.1901550292969,333.3564819361362,328.59059279140047,330.057769166758,18311900
9422,2023-08-02,322.4855041503906,328.5216498452857,321.3629447652297,328.5216498452857,27761300
9423,2023-08-03,321.6583557128906,324.82905395091615,320.9592352774214,321.0084576833229,18253700
9424,2023-08-04,322.7611999511719,330.00852304114176,322.229459739469,326.7984288690622,23727700
9425,2023-08-07,325.0555419921875,326.04023060027674,322.50520210327375,323.3421934302119,17741500
9426,2023-08-08,321.05767822265625,323.71634923267544,318.05439027271234,321.9537483771396,22327600
9427,2023-08-09,317.29620361328125,322.1014585151429,316.1342482811802,321.47127346666514,22373300
9428,2023-08-10,317.9854431152344,323.2338495332389,316.2622382780474,321.0281269074305,20113700
9429,2023-08-11,316.0948791503906,317.4734371020371,314.32242174086554,315.3563627423326,24342600
9430,2023-08-14,319.0784912109375,319.0981741641378,315.17910285494025,316.46907252216096,18836100
9431,2023-08-15,316.9318542480469,320.1124092027747,315.9865616184338,318.05441366158993,16966300
9432,2023-08-16,316.1621398925781,320.1289875880266,315.57006992613054,316.5568431655668,20698900
9433,2023-08-17,312.68865966796875,317.6126477205441,312.0275084515792,316.3002527689853,21257200
9434,2023-08-18,312.2940368652344,314.1689001847318,307.429221422088,310.3303374450524,24744800
9435,2023-08-21,317.6225891113281,318.50080167384647,312.8466100358653,313.7248225983837,24040000
9436,2023-08-22,318.19488525390625,321.7669995051517,317.2081120302946,321.1946842855857,16102000
9437,2023-08-23,322.67486572265625,324.8457790055064,319.18167984531766,319.5369338888436,21166400
9438,2023-08-24,315.7378234863281,328.57575251487145,315.72794611782484,328.4474671800425,23281400
9439,2023-08-25,318.7080383300781,321.05653339298726,314.5833032170244,317.21800107114086,21684100
9440,2023-08-28,319.41851806640625,321.83609449836024,317.4646961598329,321.3525852347555,14808500
9441,2023-08-29,324.06622314453125,324.6286911530099,317.6225946985404,317.6225946985404,19284600
9442,2023-08-30,324.4411926269531,325.4476905236703,322.1321467834745,324.3227846525076,15222100
9443,2023-08-31,323.4248046875,326.5331343506148,322.4577560775386,324.845760553026,26411000
9444,2023-09-01,324.3129272460937,327.5988691949411,322.45778856177515,326.9278705558269,14931200
9445,2023-09-05,329.13818359375,330.42100680175923,324.31287838153,324.64837765053704,18553900
9446,2023-09-06,328.47711181640625,330.03620043198475,325.81281177247035,328.97049848276976,17535800
9447,2023-09-07,325.5463562011719,328.6744104407102,324.6779909504708,326.9081080612324,18381000
9448,2023-09-08,329.84869384765625,331.7137098037089,325.1023167744585,325.72398875980934,19530100
9449,2023-09-11,333.4701843261719,333.94384636953174,330.9933736107888,332.779430943847,16583300
9450,2023-09-12,327.3817443847656,332.33536528300334,327.0956018294752,331.37819404327416,17565500
9451,2023-09-13,331.6150207519531,332.3945800625575,326.7897151493459,326.9278477470877,16544400
9452,2023-09-14,334.2201538085937,336.3515577961035,332.11832170381217,334.6641837585193,20267000
9453,2023-09-15,325.8522644042969,332.93728912466776,325.2897964234444,332.4636572367329,37666900
9454,2023-09-18,324.70758056640625,326.02985301542014,322.04328093184256,323.46423672175285,16834200
9455,2023-09-19,324.302978515625,325.03321109885565,320.2177534750671,321.8558004611215,16505900
9456,2023-09-20,316.5272827148437,325.2306310562654,316.27074211639325,325.1517024368806,21436500
9457,2023-09-21,315.3036804199219,321.04670841856864,310.8335984468154,315.0372624622688,35529500
9458,2023-09-22,312.8170471191406,317.19832345154833,311.96840633060816,317.0700380905197,21447900
9459,2023-09-25,313.3399963378906,313.4682816827549,310.83358377019226,312.4025496745988,17836000
9460,2023-09-26,308.0114440917969,311.70196673842554,305.9194593201192,310.9618867351327,26297600
9461,2023-09-27,308.65283203125,310.1428392517049,305.593828747816,308.16929263193225,19410100
9462,2023-09-28,309.4915771484375,311.3072363180732,305.3569948142918,306.8766039400304,19683600
9463,2023-09-29,311.5736999511719,315.2444981907834,310.8138952768678,313.54724674421175,24140300
9464,2023-10-02,317.54364013671875,317.6324762351651,311.0112056216763,312.096662288964,20570000
9465,2023-10-03,309.24493408203125,317.13912137906925,307.093745156998,316.5865005634567,21033500
9466,2023-10-04,314.7412109375,315.8069429910404,309.84682368319505,309.87642567835275,20720100
9467,2023-10-05,315.1358947753906,315.74771949407113,310.73489445489207,314.86947683543065,16965600
9468,2023-10-06,322.93145751953125,324.8359228657201,312.1163998758835,312.363093214424,25645500
9469,2023-10-09,325.45758056640625,325.93121248263185,318.9053913285908,320.4546326537524,19891200
9470,2023-10-10,324.0465393066406,326.72068685497203,323.3360612364862,326.5825241208616,20557100
9471,2023-10-11,328.023193359375,328.4178966562557,324.786578142663,326.82917598535187,20063200
9472,2023-10-12,326.77984619140625,329.2171774212292,324.37211695571347,326.197653564225,19313100
9473,2023-10-13,323.39520263671875,329.41449526956706,322.04329801120366,327.9836921494348,21072400
9474,2023-10-16,328.24029541015625,331.6940020700412,326.227269382208,326.6712993129767,22158000
9475,2023-10-17,327.6679382324219,329.04941482391666,323.0794484292033,325.23060698695457,18338500
9476,2023-10-18,325.74371337890625,331.15124180050987,323.95765614917667,328.0922386062229,23153600
9477,2023-10-19,326.9377746582031,332.4242324293237,326.53319394490927,327.75678334145226,25052100
9478,2023-10-20,322.3492736816406,327.5298339328588,321.1454089520383,327.3324672110484,25012600
9479,2023-10-23,324.96417236328125,328.329072743361,320.09938749138905,321.1650893461635,24374700
9480,2023-10-24,326.1581726074219,327.450843201344,323.2669341104162,326.91797719567256,31153600
9481,2023-10-25,336.1640930175781,341.6209484810984,333.1544162082352,340.45653303242403,55053800
9482,2023-10-26,323.5531311035156,337.11138741830564,322.61568436699,336.0358080707796,37828500
9483,2023-10-27,325.4476928710937,332.2662998454465,324.05633893346254,326.0594874860953,29856500
9484,2023-10-30,332.8485412597656,334.9602508419378,327.4410120549132,329.00013092872786,22828100
9485,2023-10-31,333.637939453125,334.5161822328496,330.2631912926322,334.36817224579886,20265300
9486,2023-11-01,341.49267578125,342.824825886297,335.1575773399262,335.2957400698119,28158800
9487,2023-11-02,343.7128295898437,344.21606341705,340.20976685168165,342.6470977279066,24348100
9488,2023-11-03,348.1336364746094,349.70263264932424,342.73598488058093,345.00558172330744,23624000
9489,2023-11-06,351.81427001953125,352.810920650958,348.6763382726154,348.775021621636,23828300
9490,2023-11-07,355.7613525390625,357.66581765167786,352.89971618574515,354.6462939673867,25833900
9491,2023-11-08,358.3961181640625,359.0572394916119,355.7811445101007,356.89620329285094,26767800
9492,2023-11-09,355.9192810058594,359.9650577521111,355.59362893748545,357.5079716401421,24847300
9493,2023-11-10,364.780517578125,365.2048228913201,356.2942607445592,356.7086886877949,28042100
9494,2023-11-13,361.83001708984375,363.59634968321416,361.0603351402409,363.3496563645731,19986500
9495,2023-11-14,365.3725280761719,367.030330057422,362.4911669897253,366.1027607739128,27683900
9496,2023-11-15,365.5209045410156,368.9420616823199,362.98960975360205,367.1128197102885,26860100
9497,2023-11-16,371.9479064941406,372.1258789442333,366.0251173322835,366.7963614577358,27182300
9498,2023-11-17,365.6988525390625,370.1681097203814,362.8808345734408,369.41663021620167,40157000
9499,2023-11-20,373.2036437988281,374.6175863426899,366.8359234680207,367.053455411311,52465100
9500,2023-11-21,368.8826904296875,371.9973289708727,366.954565050594,371.4535142101286,28423100
9501,2023-11-22,373.6090698242188,375.5272979461787,370.76138971842033,373.7573802099264,23345300
9502,2023-11-24,373.19378662109375,373.7277342076605,370.92951089344206,373.0949029680178,10176600
9503,2023-11-27,374.3605041503906,376.3677485982953,371.97758030717006,372.55105716724864,22179200
9504,2023-11-28,378.4046325683594,378.701253333848,373.91558054196696,374.1034504184605,20453100
9505,2023-11-29,374.5978393554688,379.98665110815534,373.2036614043005,379.4527337290247,28963400
9506,2023-11-30,374.65716552734375,375.82391411402256,371.2557732398662,374.2418662773965,30554400
9507,2023-12-01,370.3065490722656,373.91557582374776,367.1424534634021,372.5312953105145,33020400
9508,2023-12-04,364.9968566894531,365.3725662940193,358.8268727544712,364.9572971928997,32063300
9509,2023-12-05,368.3388366699219,368.8925488339767,361.5162880824223,362.3369890872158,23065000
9510,2023-12-06,364.66064453125,369.9802652283336,363.8992977327105,369.3474641617025,21182100
9511,2023-12-07,366.7864990234375,367.28088706354185,362.208460944063,364.0970268782678,23118900
9512,2023-12-08,370.02972412109375,370.2571233325587,364.0970669863145,365.0561810967727,20144800
9513,2023-12-11,367.1325378417969,367.42918876388495,361.9909204511594,364.3442122944924,27708800
9514,2023-12-12,370.1780090332031,370.2175685270605,366.301993361596,366.6876305328375,24838300
9515,2023-12-13,370.1680908203125,373.4014078665919,366.6084909494342,371.7995652934086,30955500
9516,2023-12-14,361.8228454589844,369.5649795287377,360.0430604780347,369.1200181959737,43277500
9517,2023-12-15,366.5689392089844,368.2201782393624,362.16887391656695,362.7324834814476,78478200
9518,2023-12-18,368.4674377441406,368.8135154424353,364.5419950993195,365.3033720705786,21802900
9519,2023-12-19,369.0706176757813,369.0706176757813,365.6889897617008,367.32046447263787,20603700
9520,2023-12-20,366.4602355957031,371.8095185343189,366.3712493574519,370.791080240926,26316700
9521,2023-12-21,369.3474426269531,370.2076730287321,365.8867261852794,368.3784311602655,17708000
9522,2023-12-22,370.3757629394531,370.96903467399375,368.5267563372605,369.48587042516914,17091100
9523,2023-12-26,370.4548645019531,372.7092728471012,369.3078805824845,370.7910447615306,12673100
9524,2023-12-27,369.8714904785156,370.8503691813732,368.6256229112042,369.4957507248787,14905400
9525,2023-12-28,371.0679321289063,372.2346808060371,369.9605076099309,371.15691836613945,14327000
9526,2023-12-29,371.8193664550781,372.9267908392994,369.2881020982719,371.7798069627698,18723000
9527,2024-01-02,366.7073669433594,371.68090924219496,362.653379124267,369.6637976615887,25258600
9528,2024-01-03,366.4404296875,369.0705777416299,364.3738912539091,364.86827930524817,23083500
9529,2024-01-04,363.8102416992188,368.9123294500058,363.04889504674566,366.5096110262484,20901500
9530,2024-01-05,363.6223754882813,367.8839976517199,362.3864054832225,364.82868342022056,20987000
9531,2024-01-08,370.4845275878906,370.988813066157,364.86828645661416,365.1550098059731,23134000
9532,2024-01-09,371.5721740722656,371.769911184576,367.0237980384077,367.83460167151895,20830000
9533,2024-01-10,378.4738464355469,379.8581572234937,372.096258198453,372.14568493728495,25514200
9534,2024-01-11,380.3129577636719,386.29504112370273,376.1106593210736,381.6675761983364,27850800
9535,2024-01-12,384.1098327636719,384.3174672848406,380.3327010164304,381.1632692761554,21645700
9536,2024-01-16,385.8896484375,389.6074563331201,383.2693977344923,389.2416139939335,27202300
9537,2024-01-17,385.0986328125,385.7314338319448,380.4909325183697,383.6253660644491,22234100
9538,2024-01-18,389.4492492675781,389.5678975751004,385.7413387822442,387.32338662433057,23392100
9539,2024-01-19,394.1953430175781,394.1953430175781,389.0833577969474,391.3180012232836,29272000
9540,2024-01-22,392.05963134765625,396.1234867411943,389.1723917829239,395.5302150306271,27016900
9541,2024-01-23,394.4227600097656,394.8973833764225,389.5085418380042,391.30812148964645,20525900
9542,2024-01-24,398.0417175292969,401.0772674984209,395.9554143735161,397.0331767370542,24867000
9543,2024-01-25,400.3257751464844,402.4417704864517,398.0120426913666,399.7819603610059,21021200
9544,2024-01-26,399.3963317871094,401.61121081981145,397.9131676038507,399.8313956948695,17803300
9545,2024-01-29,405.1213684082031,405.3784598651388,399.7918504359062,401.50244405119065,24510200
9546,2024-01-30,404.0039978027344,408.4139304838261,401.88803277214015,407.6328191397312,33477600
9547,2024-01-31,393.1175842285156,410.65849256823645,392.7517419035558,402.39230877230926,47871100
9548,2024-02-01,399.2480163574219,403.4206527472509,397.2902287972473,397.3198908735355,30657700
9549,2024-02-02,406.6045227050781,408.0184653335539,399.0304939036933,399.27768793699545,28245000
9550,2024-02-05,401.0970458984375,406.5452122317709,399.4556738410708,405.2993446059863,25352300
9551,2024-02-06,400.9388122558594,403.3909878537456,398.38778318773774,401.3244494199643,18382600
9552,2024-02-07,409.4027404785156,409.6499345085534,402.8273853145217,402.8669448083425,22340500
9553,2024-02-08,409.4620666503906,410.895804101699,407.89981364987307,409.40274249689327,21225300
9554,2024-02-09,415.8297729492188,416.0967618057892,410.4310639420329,410.5892717375797,22032800
9555,2024-02-12,410.5991821289063,416.0176559661079,410.0948966506066,415.83968350613833,21202900
9556,2024-02-13,401.759521484375,405.4674319451174,398.86241468639423,400.39500560681336,27824900
9557,2024-02-14,405.6426696777344,405.989387335356,400.7689119546156,404.23602806912544,20401200
9558,2024-02-15,402.7402038574219,405.2860649354581,400.49154229797136,404.305376055088,21825500
9559,2024-02-16,400.263671875,404.4539400027272,399.6495018912117,404.1270235720969,22281100
9560,2024-02-20,399.0056457519531,400.68965547755954,394.27055684913546,399.4513996951192,24307900
9561,2024-02-21,398.4013977050781,398.5103799439601,393.4880067749097,396.4103027815034,18631100
9562,2024-02-22,407.7823791503906,408.9512853275911,404.7313302719457,406.3361048933316,27009900
9563,2024-02-23,406.4846801757813,411.9528065802778,405.1275567366277,411.76461952225566,16295900
9564,2024-02-26,403.71099853515625,408.2875868525748,403.53266673551263,407.5941515550284,16193500
9565,2024-02-27,403.6515808105469,404.4836850623454,400.055681208624,404.1567686089776,14835800
9566,2024-02-28,403.8893127441406,405.45445472615467,401.51186772663095,404.3449824000404,13183100
9567,2024-02-29,409.7537231445313,410.3084593316979,402.1062540147567,404.80069987993255,31947300
9568,2024-03-01,411.5962219238281,411.9627407983519,407.019633390637,407.4059534745647,17800300
9569,2024-03-04,411.0216674804688,413.4288293652712,408.4460895147351,409.55556181237966,17596000
9570,2024-03-05,398.8669128417969,410.3579315766557,396.875818269098,410.0706477948,26919200
9571,2024-03-06,398.3121948242188,401.3533581622104,394.6469759902315,399.1839316978577,22344100
9572,2024-03-07,405.2959899902344,405.92996122894976,398.46079390642615,402.3043446808418,18718500
9573,2024-03-08,402.4034118652344,406.5639633814232,400.5311546136932,404.1270542383835,17971700
9574,2024-03-11,400.7193603515625,401.8684653107991,397.490009925093,399.9665214154685,16120800
9575,2024-03-12,411.3782958984375,411.6655797102191,402.96807213356095,403.7902606875989,22457000
9576,2024-03-13,411.1999816894531,414.2510306017568,407.5842808912539,414.1717955341408,17115900
9577,2024-03-14,421.2249145507813,423.8004927118293,414.062831978996,416.2916924630243,34157300
9578,2024-03-15,412.5075988769531,418.62952831732593,408.9116991847294,415.3506293663728,45049800
9579,2024-03-18,413.3991088867188,416.77707411837673,409.8923602232522,410.3579455831781,20106000
9580,2024-03-19,417.45068359375,417.7082504608342,411.6457249805596,413.9043022348706,19837900
9581,2024-03-20,421.2347717285156,421.9578936817544,416.7077018080513,418.0351082396885,17860100
9582,2024-03-21,425.3359069824219,426.7722957944647,423.1466792053097,425.7915766495499,21296200
9583,2024-03-22,424.7118225097656,425.8212948665726,422.0669250575301,425.6628247277611,17636500
9584,2024-03-25,418.8870544433594,423.39432359578046,417.64879867030754,421.2446982721868,18060500
9585,2024-03-26,417.68841552734375,421.9876357811286,417.3912462453885,421.6112012034168,16725600
9586,2024-03-27,417.4705200195313,420.4621654792554,415.0732736405377,420.4522497586533,16705000
9587,2024-03-28,416.7671813964844,417.9063706755069,415.1822079413489,417.0049168339557,21871200
9588,2024-04-01,420.58099365234375,423.8698081123032,418.253066843913,419.9668236498753,16316000
9589,2024-04-02,417.48040771484375,418.41157846327263,413.91422508584526,416.1628866591322,17912000
9590,2024-04-03,416.4997253417969,419.2833219106777,415.1524873360607,415.7864888048433,16502300
9591,2024-04-04,413.953857421875,424.6424895808556,413.64677241260966,420.9970416568271,19370900
9592,2024-04-05,421.5220336914063,422.50275274464576,414.3896991298408,416.0638232237435,16544300
9593,2024-04-08,420.600830078125,423.26555903906655,419.3229415986936,421.175397711729,14272400
9594,2024-04-09,422.2749328613281,423.72120713043927,417.6587117409711,422.43343322697575,12512300
9595,2024-04-10,419.2833251953125,420.0460798769914,415.7567751324305,418.2233709862432,16216600
9596,2024-04-11,423.909423828125,425.3358968860911,418.3917488907738,421.8192626102262,17966400
9597,2024-04-12,417.9360961914063,421.1852782373019,415.826103447937,420.0658901447868,19232100
9598,2024-04-15,409.7537231445313,422.8098852146082,409.5456744012026,422.5919509817317,20273500
9599,2024-04-16,410.684814453125,414.4689310288607,409.8428247838056,410.6749289647626,16765600
9600,2024-04-17,407.9705810546875,414.944445667743,406.4747584853447,413.3297553873522,15855500
9601,2024-04-18,400.4717102050781,408.02014264055606,400.15473970896494,406.7719711724091,21029900
9602,2024-04-19,395.3701171875,401.67037838778936,394.03279488372993,400.23398957432255,30276500
9603,2024-04-22,397.1928405761719,399.0650979159109,392.0317987028659,396.3211036284112,20286900
9604,2024-04-23,403.7407531738281,404.36483895374073,399.2731164319855,400.4420226888204,15734500
9605,2024-04-24,405.2167053222656,408.5946705531457,402.9581280988765,405.7120076101216,15065300
9606,2024-04-25,395.2908935546875,396.13291356518926,384.3843265310709,390.327954514582,40586500
9607,2024-04-26,402.5024719238281,409.1197034555493,401.9477357613397,408.2975149317784,29694700
9608,2024-04-29,398.470703125,402.50247113048255,395.4394554463583,401.4425169456961,19582100
9609,2024-04-30,385.6720886230469,398.3815629989462,385.5136184848535,397.7178445929872,28781400
9610,2024-05-01,391.2293701171875,397.9456678723463,386.6428661349504,388.92124454675456,23562500
9611,2024-05-02,394.1021423339844,396.1725023827848,390.9421111461168,393.9238407560063,17709400
9612,2024-05-03,402.8392639160156,403.32465048849417,398.0843437724287,398.500410999448,17446700
9613,2024-05-06,409.6546325683594,410.0409526402596,402.551984322586,404.9195438147948,16996600
9614,2024-05-07,405.4941101074219,410.7740499032866,405.2464589410717,410.7641341827589,20018200
9615,2024-05-08,406.6828308105469,408.356955043612,402.88879817126514,404.33510268855184,11792300
9616,2024-05-09,408.4461059570313,408.8423417605904,405.2563578574711,406.7125478644628,14689700
9617,2024-05-10,410.8433532714844,411.47735474348696,407.9309732500374,409.06027703547176,13402300
9618,2024-05-13,409.8329162597656,414.41942017019113,406.9601691065583,414.0826182503801,15440200
9619,2024-05-14,412.6462707519531,413.5675258214196,407.68333177957805,408.1489171745,15109300
9620,2024-05-15,419.8609619140625,420.5854185762904,414.09517000451575,414.7203814645313,22239500
9621,2024-05-16,417.7868041992188,422.1831206804055,417.1516895148504,418.5906387303572,17530100
9622,2024-05-17,417.01275634765625,419.7021586835379,414.8493504957456,419.32504512881616,15352200
9623,2024-05-20,422.103759765625,423.52287221703216,416.794459651584,417.01278697375295,16272100
9624,2024-05-21,425.7756042480469,429.6756950854867,421.6174819616407,423.58239750259565,21453300
9625,2024-05-22,427.2443237304688,429.1199579656232,423.8801327186548,426.8176027078419,18073700
9626,2024-05-23,423.7511291503906,430.3009184683396,422.183164058962,429.6757070386861,17211700
9627,2024-05-24,426.8870849609375,427.7802311569624,421.180834455013,423.9396813142882,11845800
9628,2024-05-28,427.0458679199219,427.5420636122572,423.3541707575322,426.3611154416687,15718000
9629,2024-05-29,425.9046020507813,427.6611238088633,422.4510693064345,422.4510693064345,15517100
9630,2024-05-30,411.5149536132813,421.0716573195576,411.08820229599854,421.0716573195576,28424800
9631,2024-05-31,411.9714660644531,413.5791353622515,401.432273747434,413.5791353622515,47995300
9632,2024-06-03,410.3736572265625,413.2615196687407,405.8086812773789,412.3683735171778,17484700
9633,2024-06-04,412.9042663574219,413.2714463024523,406.5628712460692,409.2919473930987,14348900
9634,2024-06-05,420.7838745117188,420.8533188907335,413.1325152430589,414.6310359031759,16988000
9635,2024-06-06,421.28997802734375,422.07397569799485,417.3799535645987,420.7838790172518,14861300
9636,2024-06-07,420.6250915527344,423.0365953323836,419.78155282449774,422.9572173477245,13621700
9637,2024-06-10,424.6144714355469,424.8228651339168,420.6647733441927,421.4686078947135,14003000
9638,2024-06-11,429.3879089355469,429.52685827022987,422.0144480118505,422.24270893938,14551100
9639,2024-06-12,437.70416259765625,440.02635491441,429.95358793616725,432.00784546900513,22366200
9640,2024-06-13,438.22015380859375,440.0164099933339,436.02697743101913,437.4957275143316,15960600
9641,2024-06-14,439.2026672363281,439.7683376003339,433.3971715147652,434.94529966913103,13582000
9642,2024-06-17,444.9585266113281,447.5089797746042,437.3667384679764,439.22250553797545,20790000
9643,2024-06-18,442.9439697265625,446.7150751827561,441.5050203811604,446.28832386783046,17112500
9644,2024-06-20,442.3088684082031,443.1325399619797,437.912551396736,442.9042790324355,19877400
9645,2024-06-21,446.3578186035156,447.1517196376837,443.1127095124904,443.9760852156284,34486200
9646,2024-06-24,444.2638854980469,449.3052206448714,443.0134626029418,446.37765380757656,15913700
9647,2024-06-25,447.5188903808594,447.9853155257159,443.3508346061679,444.8394216277891,16747500
9648,2024-06-26,448.71966552734375,450.1487114593878,444.7798707523325,445.5837053034348,16507000
9649,2024-06-27,449.4044189453125,452.6991654227889,448.3326193512516,448.7395034299803,14806300
9650,2024-06-28,443.5493469238281,451.9151991305475,443.0134470896372,449.6227774267188,28362300
9651,2024-07-01,453.2549133300781,453.8900280472802,442.2691337894114,445.2463078469115,17662800
9652,2024-07-02,455.7855224609375,456.0931613731061,449.6624541774822,449.7517960549086,13979800
9653,2024-07-03,457.2641296386719,457.5122274643449,454.39613452228906,454.70377340329327,9932800
9654,2024-07-05,464.0025024414063,464.78650009669735,455.4778642825478,456.1129790053472,16000300
9655,2024-07-08,462.6925354003906,464.1414485833397,460.9260800009118,463.00017429743497,12962300
9656,2024-07-09,456.0435180664063,463.7742246843102,454.5152269456782,463.4467488725584,17207200
9657,2024-07-10,462.7024841308594,462.9108778421965,455.36869724486377,457.7107566662892,18196100
9658,2024-07-11,451.2403869628906,461.2436790661222,448.1143297880847,459.457386639418,23111200
9659,2024-07-12,450.0990905761719,452.8877078833818,447.22116168053736,450.8731546278995,16324300
9660,2024-07-15,450.5059814453125,453.7808911637112,447.99523247056425,449.8509995016328,14429400
9661,2024-07-16,446.0997924804688,450.84342238707205,443.26156747822,450.764044396858,17175700
9662,2024-07-17,440.1454162597656,441.4653137618912,435.8384412822571,439.22249954002416,21778000
9663,2024-07-18,437.0193786621094,441.2668124744543,431.0948010273652,440.9591735754704,20794800
9664,2024-07-19,433.7841796875,437.7835460054657,428.7130742947466,429.8047108650733,20940400
9665,2024-07-22,439.5698547363281,441.2172281155517,435.5705185548157,438.4286106688719,15808800
9666,2024-07-23,441.46533203125,444.9784061601368,439.7286470352855,440.5225480621447,13107100
9667,2024-07-24,425.63665771484375,438.1209582611596,424.3366274271562,437.0987963490377,26805800
9668,2024-07-25,415.2165832519531,426.5298399054952,414.3333705957519,425.5374484396514,29943800
9669,2024-07-26,422.0342712402344,425.6565240052853,414.0951402007918,415.0180872010169,23583800
9670,2024-07-29,423.4831848144531,428.86192913835873,421.4686315229256,428.296258782834,15125800
9671,2024-07-30,419.7021789550781,425.7855127211385,414.18445497765873,424.4656455012434,32687600
9672,2024-07-31,415.1669616699219,418.57085701348217,409.0736637399348,417.3005971918285,42891400
9673,2024-08-01,413.9363403320313,424.2075968335808,409.946938018654,417.5883635069554,30296400
9674,2024-08-02,405.3819580078125,411.84243578824686,401.2635397070065,409.35152365396425,29437900
9675,2024-08-05,392.1434631347656,397.9886631292716,382.6462699870737,386.2089818321841,40709200
9676,2024-08-06,396.5695190429688,402.5834388839359,395.4679791086585,396.9565662320286,24946500
9677,2024-08-07,395.3984680175781,406.9598208869954,394.44578082628846,405.5308052427508,20650900
9678,2024-08-08,399.6260681152344,402.77193167950935,396.8969919508049,399.3779702821044,20203000
9679,2024-08-09,402.93072509765625,404.945278327108,399.1993542150353,400.9558760021183,19276700
9680,2024-08-12,403.7147216796875,405.6498969215895,401.1642686479567,403.9628195165785,16762900
9681,2024-08-13,410.8599548339844,411.7928051311032,406.4537347921751,406.47357171655057,19414300
9682,2024-08-14,413.6882629394531,414.5417352887004,409.3118435327495,411.64393908583247,18267000
9683,2024-08-15,418.5796508789063,418.65917193819183,415.2292687595661,417.3567984201095,20752100
9684,2024-08-16,416.0345153808594,418.88780719208,414.871311404525,418.1521236839511,22775600
9685,2024-08-19,419.0767211914063,419.2954420190991,414.0362209850082,416.52167114516885,15234000
9686,2024-08-20,422.3276672363281,423.3814956474892,419.1860850211476,419.2457333961214,16387600
9687,2024-08-21,421.6715698242188,423.9183962597862,419.2656405890008,421.6118911043651,16067300
9688,2024-08-22,413.1315307617188,424.3061357802644,412.1969990352219,421.8902550651885,19361900
9689,2024-08-23,414.36431884765625,416.8199448280934,409.69166039420327,414.5532154876874,18493800
9690,2024-08-26,411.08349609375,414.8514469502836,408.9460150702165,413.9467394707482,13152800
9691,2024-08-27,411.4314575195313,411.9484202096587,407.8623548739229,410.4571501735566,13492900
9692,2024-08-28,408.2103576660156,412.58474406521935,404.939496621488,412.4654473068727,14882700
9693,2024-08-29,410.7156677246094,419.593688512659,408.2103448580284,412.5250827426797,17045200
9694,2024-08-30,414.7122802734375,415.0602190186727,409.7314285183125,413.1812345025268,24308300
9695,2024-09-03,407.0570983886719,417.4363409532223,404.6611207314944,415.47780496274754,20313600
9696,2024-09-04,406.5202331542969,408.8466109265116,402.01659855552833,403.5476443909062,15135800
9697,2024-09-05,406.01318359375,410.6957628850725,403.7663270914325,405.2476455783769,14195500
9698,2024-09-06,399.3621215820313,408.2600144548305,398.4673353023376,406.6792718819864,19609500
9699,2024-09-09,403.3587341308594,406.27167441765806,399.8095040440946,404.8698768958274,15295100
9700,2024-09-10,411.7893981933594,413.9069762623546,405.327227721672,405.8243177579556,19594300
9701,2024-09-11,420.5779418945313,421.5223947493852,407.1962564161617,413.08181573237965,19266900
9702,2024-09-12,424.514892578125,424.8827343519594,417.3070870249836,420.8463656693976,17418800
9703,2024-09-13,428.083984375,429.3167579290349,422.9838358606944,423.3516776250456,15874600
9704,2024-09-16,428.8296203613281,431.0068771042965,425.7277834507889,428.0939368309988,13834700
9705,2024-09-17,432.6174621582031,439.27848092894993,429.7542186309564,437.6679140298658,18874200
9706,2024-09-18,428.302734375,433.4923558065776,427.9050683956392,432.46835149823806,18898000
9707,2024-09-19,436.1368713378906,438.9305149970845,434.3572804602649,438.6620972919553,21706600
9708,2024-09-20,432.7367858886719,436.6836823244085,431.69290886011487,434.6754493302442,55167100
9709,2024-09-23,430.9870300292969,433.9198431554934,427.88519293448667,431.75253779309,15128900
9710,2024-09-24,426.6722717285156,430.8279371174826,423.6201316482112,430.47996802683457,17015800
9711,2024-09-25,429.59515380859375,430.599285430914,426.0757780554542,427.3284243659067,13396400
9712,2024-09-26,428.7998046875,432.766573468399,426.6324994108163,432.5578041483432,14492000
9713,2024-09-27,425.5289306640625,429.3366572153901,424.982143776937,429.0085608111411,14896100
9714,2024-09-30,427.795654296875,427.9149813859143,422.89435403602215,425.71782167728367,16807300
9715,2024-10-01,418.2416076660156,425.9862787507864,416.3725443176016,425.95645456288486,19092900
9716,2024-10-02,414.7023620605469,420.3592494217051,414.2847930567838,420.12062555956777,16582300
9717,2024-10-03,414.1157836914063,417.1082451347957,411.8788784861643,415.1994363500384,13686400
9718,2024-10-04,413.6385498046875,417.3070766219624,412.554897189336,415.8058550353904,19169700
9719,2024-10-07,407.1565246582031,414.6824449200252,406.6196589116371,413.5789195776064,20919800
9720,2024-10-08,412.2964477539063,413.24093104669487,405.7945313192391,408.5086237522523,19229300
9721,2024-10-09,415.0303955078125,417.9334146057065,411.8887829065184,413.4397013585542,14974300
9722,2024-10-10,413.41986083984375,414.9210825421069,410.74551386798254,412.81342552487126,13848400
9723,2024-10-11,413.8970336914063,414.7023170813495,410.8448937448496,413.7180885691892,14144900
9724,2024-10-14,416.7006530761719,421.5721293976272,415.090055861842,415.3386008817118,16653100
9725,2024-10-15,416.3029479980469,420.02120204810905,412.8432208119585,419.7229298265709,18900200
9726,2024-10-16,413.69818115234375,413.9367746460962,408.0910216693982,412.7537283462629,15508900
9727,2024-10-17,414.2947082519531,420.0410676802283,413.1712799502717,419.9018679111856,14820000
9728,2024-10-18,415.7263488769531,417.2076674979936,413.8374127793913,414.7122961104646,17145300
9729,2024-10-21,416.3427429199219,416.5216880571269,411.3420182082338,413.6982202013397,14206100
9730,2024-10-22,425.0219421386719,428.07405197206367,415.6070554250592,416.0544182638452,25482200
9731,2024-10-23,422.1288757324219,428.5711433507003,420.0709156477079,428.35242251551375,19654400
9732,2024-10-24,422.2581176757813,423.5008427798279,419.941661091456,422.85460145374896,13581600
9733,2024-10-25,425.658203125,430.0027653012564,424.0874119188817,424.2763085648032,16899100
9734,2024-10-28,424.1072998046875,429.4261695906152,423.8189790705799,429.1478003666399,14882400
9735,2024-10-29,429.4360961914063,430.6489970983668,423.3218644487967,425.5090727531412,17644100
9736,2024-10-30,430.0127258300781,435.9479823564893,429.5852356603292,434.8941538571239,29749100
9737,2024-10-31,403.985107421875,413.73801220344217,403.9353802107126,412.942649884576,53971000
9738,2024-11-01,407.981689453125,413.0818383039077,405.12839737386855,406.6296190582037,24230400
9739,2024-11-04,406.0827941894531,408.0314090256176,403.2096294840388,407.414991879503,19672300
9740,2024-11-05,409.0653076171875,412.4852893556826,405.70497425343626,405.9932949580096,17626000
9741,2024-11-06,417.7345581054688,418.0030061313928,408.1307753660983,410.0197416967976,26681800
9742,2024-11-07,422.9540100097656,424.3657590257446,417.43632288625736,418.8281688837221,19901800
9743,2024-11-08,420.0808410644531,424.0177855133015,419.3252545280199,422.8446603519728,16891400
9744,2024-11-11,415.57720947265625,422.3376216288976,413.5788978774876,420.0609408352946,24503300
9745,2024-11-12,420.5679931640625,421.969790701444,414.771936714292,415.8158136502301,19401200
9746,2024-11-13,422.7253723144531,426.8313104637277,415.7760330857976,419.1860937392156,21502200
9747,2024-11-14,424.4055480957031,425.6780973820496,417.5556327945319,422.526533184943,30246900
9748,2024-11-15,412.5847473144531,420.3393400677491,411.23267692258383,417.3767027455775,28247600
9749,2024-11-18,413.34033203125,415.9649517435253,409.7016291897124,412.4554971706168,24742000
9750,2024-11-19,415.3584899902344,415.5076109291685,409.154785870871,410.7057043157201,18133500
9751,2024-11-20,413.0718688964844,414.861411232188,408.19044109637775,414.4438422518667,19191700
9752,2024-11-21,411.2887268066406,418.1722655525636,408.7186214344056,417.8933391524707,20780200
9753,2024-11-22,415.4028930664063,415.8013549892085,409.48564079067086,409.79445106089474,24814600
9754,2024-11-25,417.1860656738281,419.4672732103364,413.2611532266888,416.7776323033626,27691100
9755,2024-11-26,426.350830078125,427.396826920373,417.24585120009374,417.9830073436352,23458900
9756,2024-11-27,421.3699645996094,425.5937463329837,420.4036784238945,423.48184026594765,18332400
9757,2024-11-29,421.8381958007813,423.2527707652544,416.1998692026867,418.4811073183322,16271900
9758,2024-12-02,429.3293762207031,431.3416287639885,419.6963985253484,419.95541246483856,20207200
9759,2024-12-03,429.5485534667969,430.8136785324232,426.1017830789421,428.1937463407693,18302000
9760,2024-12-04,435.7447204589844,437.98610309109085,430.973057365549,431.3715193088951,26009400
9761,2024-12-05,440.9248046875,442.9570002031869,434.4995257845279,436.2428234590915,21697800
9762,2024-12-06,441.87115478515625,444.3914637865622,440.0780304611881,440.605999369761,18821000
9763,2024-12-09,444.311767578125,446.61291802797285,438.8129196876974,440.904882933204,19144400
9764,2024-12-10,441.6320495605469,447.89796761162455,439.9086948512907,442.6880177694449,18469500
9765,2024-12-11,447.2704162597656,448.6252234428676,442.3493333929992,442.3493333929992,19200200
9766,2024-12-12,447.8381958007813,454.4129240722559,447.389907127457,447.389907127457,20834800
9767,2024-12-13,445.5569763183594,449.7010474581427,443.8734464678006,446.722508676707,20177800
9768,2024-12-16,449.86041259765625,450.4481492573408,443.574582246633,445.55695084461104,23598800
9769,2024-12-17,452.7194519042969,453.5462901057899,447.84819595840975,449.2826833242326,22733500
9770,2024-12-18,435.71484375,450.9163784238889,435.3462352856184,449.5914856002837,24444500
9771,2024-12-19,435.356201171875,441.4826409757379,434.6489289397384,439.9286181103882,22963700
9772,2024-12-20,434.9278869628906,442.0405259174741,426.988409771976,431.4512325197303,64263700
9773,2024-12-23,433.5830383300781,435.9738405026487,431.1722932989543,435.0673220587455,19152500
9774,2024-12-24,437.64739990234375,437.9163852877858,432.5271013587344,432.98533109593694,7164500
9775,2024-12-26,436.43206787109375,439.2512462781778,434.9577555797017,437.3983540840164,8194200
9776,2024-12-27,428.881103515625,433.5531436249425,424.7171198755552,432.9355230391817,18117700
9777,2024-12-30,423.2029113769531,425.9124951444225,420.2841404099869,424.4282114896869,13158700
9778,2024-12-31,419.88568115234375,425.0956615210949,419.0489019483089,424.4680695178944,13246500
9779,2025-01-02,416.9768676757813,424.4382024078871,413.2611726539346,423.9002620409249,16896500
9780,2025-01-03,421.7286071777344,422.4059955323201,417.9332016254231,419.4672816518615,16662900
9781,2025-01-06,426.21136474609375,432.6565862275622,423.8504465763424,426.3607841744266,20573600
9782,2025-01-07,420.7523498535156,429.00063686122985,419.18835553907815,427.356962317073,18139100
9783,2025-01-08,422.9339599609375,425.3347334633813,419.9255373117582,421.8381668103431,15054600
9784,2025-01-10,417.345458984375,423.0833778600729,413.4304875422897,423.0036976315441,20201100
9785,2025-01-13,415.5921936035156,416.8971739621178,410.71096634455273,413.6496498082875,17604800
9786,2025-01-14,414.0780334472656,418.1324225968999,409.1469793562449,416.2098216251219,16935900
9787,2025-01-15,424.67724609375,426.51019531397225,416.6680304830878,417.5247525233758,19637800
9788,2025-01-16,422.953857421875,427.8450559110229,422.7646130850573,427.0581034768278,15300000
9789,2025-01-17,427.3868408203125,432.81597982276594,426.5301491586529,432.4274589059452,26197500
9790,2025-01-21,426.85888671875,429.2496888722742,423.9699995165458,428.55238804454143,26085700
9791,2025-01-22,444.4910888671875,445.5569677171093,434.33014218783535,435.8841650351672,27803800
9792,2025-01-23,444.9991149902344,445.0389703044714,439.8090775364838,440.30716256200645,18389300
9793,2025-01-24,442.3592834472656,444.9393603072831,439.70946738545626,443.4550766157881,15549500
9794,2025-01-27,432.8956604003906,433.5332238334213,421.8780219291722,422.3860783898249,35647800
9795,2025-01-28,445.4872741699219,446.66274757404807,429.7278561291377,432.93552501884864,23491700
9796,2025-01-29,440.6358947753906,445.1684868455072,438.7132938317083,444.97921209968376,23581400
9797,2025-01-30,413.4006042480469,421.240457770868,411.5776264111281,417.1661258658952,54586300
9798,2025-01-31,413.4703369140625,419.0787791378778,413.32091748728266,417.3753368711932,34223400
9799,2025-02-03,409.3462219238281,413.819015846871,407.0948678187981,410.02361028085903,25679100
9800,2025-02-04,410.7906494140625,412.3347312724244,408.1707172498281,411.1094311345796,20532100
9801,2025-02-05,411.7071228027344,412.2450327338191,408.828176805576,410.77072053658367,16316700
9802,2025-02-06,414.2274475097656,416.59833715024297,412.41441067873023,412.41441067873023,16309800
9803,2025-02-07,408.1806945800781,417.0466023053385,406.5370200109021,414.8849302333569,22886800
9804,2025-02-10,410.6412048339844,413.868785954634,409.3461959746536,412.1254884282369,20817900
9805,2025-02-11,409.86419677734375,410.9101631414249,407.73237833536206,408.0711028958629,18140600
9806,2025-02-12,407.473388671875,409.1768308737253,402.82126135721137,405.6503805324544,19121700
9807,2025-02-13,408.9676513671875,409.4258810673793,404.8036375500993,405.4412009596675,23891700
9808,2025-02-14,406.86572265625,407.3438952203064,404.3255012113121,406.2281896382052,22758500
9809,2025-02-18,408.0711059570313,409.0274206742818,404.943117468385,406.4373725143938,21423100
9810,2025-02-19,413.1814270019531,413.8986706302125,406.0887013451084,406.3178313932664,24114200
9811,2025-02-20,415.3674621582031,418.5416276159257,411.784044354801,414.52900508229465,23508700
9812,2025-02-21,407.4619445800781,417.2839090748864,407.1425541325549,416.5752186827425,27524800
9813,2025-02-24,403.2596740722656,408.6198287275297,398.588257435889,407.7614192904554,26443700
9814,2025-02-25,397.17083740234375,401.18349019975926,395.9730546936776,400.3649855487621,29387400
9815,2025-02-26,398.99749755859375,402.860400830509,393.5275288045757,397.28064827533655,19619000
9816,2025-02-27,391.8106994628906,404.9964840093174,391.4513737735657,400.5346739302656,21127400
9817,2025-02-28,396.2625122070313,396.9013540385077,385.8616237546672,391.94046026830176,32845700
9818,2025-03-03,387.778076171875,398.0891633417286,385.4523593369203,398.0891633417286,23007700
9819,2025-03-04,387.8978576660156,391.8605838606322,380.3018176104047,382.6974135187692,29342900
9820,2025-03-05,400.2851257324219,400.9339589862258,388.0975089086104,388.62653647287385,23433100
9821,2025-03-06,396.1627197265625,401.4130601425524,391.9604125552081,393.557486671848,23304600
9822,2025-03-07,392.5892639160156,394.0765237695316,384.8335132703471,391.601087821307,22034100
9823,2025-03-10,379.46337890625,385.6919346613749,376.5287638766263,385.1329632711281,32840100
9824,2025-03-11,379.7528381347656,385.2926555834933,376.2193166501511,378.30548307291184,30380200
9825,2025-03-12,382.5676574707031,384.5140963348653,378.2555969008229,382.2482670126177,24253600
9826,2025-03-13,378.0758972167969,384.6139126915579,376.75833925299,382.4578672121625,20473000
9827,2025-03-14,387.8479614257813,389.51491455417886,378.8145577339824,379.0840519928303,19952800
9828,2025-03-17,387.98773193359375,391.9903630236124,384.8634626840814,385.9913968692823,22474300
9829,2025-03-18,382.8171997070313,386.6601507855219,380.4016513456866,386.3607127115224,19486900
9830,2025-03-19,387.1093444824219,388.9659214939022,383.29633715100766,384.8235322758774,19185500
9831,2025-03-20,386.131103515625,391.07204471615,382.5776297310475,385.0331131975468,18470500
9832,2025-03-21,390.54302978515625,391.0221306945889,382.09851071654674,382.5177544739553,39675900
9833,2025-03-24,392.3596801757813,394.67543616141086,389.09568331150246,394.67543616141086,21004500
9834,2025-03-25,394.4358825683594,395.63366532055824,391.9205113732519,393.198164585924,15775000
9835,2025-03-26,389.2554016113281,394.5856126855185,387.85797313035886,394.2761831812202,16108400
9836,2025-03-27,389.8642578125,391.5212195564284,386.6900923994873,389.4151007040484,13766800
9837,2025-03-28,378.1058349609375,388.4169222438939,376.2392666189567,387.36882809704144,21632000
9838,2025-03-31,374.7021179199219,376.3790320336197,366.5670283067677,371.8573344110368,35184700
9839,2025-04-01,381.4896545410156,382.1484487727996,372.5460819120789,373.96346276032,19689500
9840,2025-04-02,381.4397583007813,384.3743428432238,375.9298539853364,377.2773862564683,16092600
9841,2025-04-03,372.42626953125,376.788287190408,368.6731803622599,374.1032141191556,30198000
9842,2025-04-04,359.1806030273437,373.9035742050073,358.8212773354498,363.4627502923482,49209900
9843,2025-04-07,357.2042236328125,370.3201598177644,344.1581969485817,350.2370336524557,50425000
9844,2025-04-08,353.9102783203125,372.9652928837084,349.6081786868937,367.585185716996,35868900
9845,2025-04-09,389.7744140625,392.5094137035167,352.45294739016697,352.8921435234206,50199700
9846,2025-04-10,380.6511840820313,383.19649903483815,367.1259961137824,381.3598744812396,38024400
9847,2025-04-11,387.7381896972656,389.3352333779351,378.195710535484,379.9425037151649,23839200
9848,2025-04-14,387.0993347167969,393.9267967433856,383.5059256339463,392.4994245329486,19251200
9849,2025-04-15,385.0231628417969,391.17187833074144,383.4560325474498,387.79806728847,17199900
9850,2025-04-16,370.9290161132813,380.9106912763521,367.3256460010072,379.97244183574617,21967800
9851,2025-04-17,367.1060485839844,373.6340726815441,366.2176953329466,373.0651098854367,20943700
9852,2025-04-21,358.4619140625,363.8121077971333,355.01825440362086,362.1551460624454,20807300
9853,2025-04-22,366.1478271484375,367.09606804173376,359.20055908423666,362.7141283475077,19485000
9854,2025-04-23,373.7039489746094,379.6929540391626,372.33643389707953,375.3708716590499,20545500
9855,2025-04-24,386.59027099609375,387.7381880213899,374.5024768665421,375.0115520530072,22232300
9856,2025-04-25,391.1319580078125,391.44138750936105,383.8952433175299,386.29083932956814,18973200
9857,2025-04-28,390.4432067871094,392.0202980494585,385.9315006090283,391.241728610284,16579400
9858,2025-04-29,393.3179321289063,394.3759872470841,389.6646354058631,390.5829324517716,14974000
9859,2025-04-30,394.5357055664063,395.9331340086756,383.73552563819743,389.58477271143016,36461100
9860,2025-05-01,424.6204528808594,436.1892106723326,424.12136912560175,430.3199808366381,58938100
9861,2025-05-02,434.48236083984375,438.63474141621873,429.20204608174254,430.948839257634,30757400
9862,2025-05-05,435.3707275390625,438.6946118778074,431.3181395047298,432.0767565448986,20136100
9863,2025-05-06,432.5159606933594,436.9278744842836,430.3798980651205,431.408009380462,15104200
9864,2025-05-07,432.555908203125,437.3171563878889,430.319992206568,433.04500054847074,23295300
9865,2025-05-08,437.3670654296875,442.8569866615064,434.8616552652553,437.1274845165557,23491300
9866,2025-05-09,437.9260559082031,439.93235195021686,435.0812723261066,439.193717718148,15324200
9867,2025-05-12,448.4367370605469,448.5465208630377,438.9740982732109,445.1228136773673,22821900
9868,2025-05-13,448.3169860839844,449.8441812103938,444.54388351816056,446.9594623818115,23618800
9869,2025-05-14,452.1099853515625,453.0682176126866,447.3187935842875,447.3187935842875,19902800
9870,2025-05-15,453.1300048828125,456.1900024414063,450.4299926757813,450.7699890136719,21992300
9871,2025-05-16,454.2699890136719,454.3599853515625,448.7300109863281,452.0499877929688,23849800
9872,2025-05-19,458.8699951171875,459.5899963378906,450.7999877929688,450.8800048828125,21336500
9873,2025-05-20,458.1700134277344,458.3399963378906,454.3200073242188,455.5899963378906,15441800
9874,2025-05-21,452.5700073242188,457.7799987792969,451.80999755859375,454.5700073242188,19216900
9875,2025-05-22,454.8599853515625,460.25,453.8999938964844,454.9500122070313,18025600
9876,2025-05-23,450.1799926757813,453.6900024414063,448.9100036621094,449.9800109863281,16883500
9877,2025-05-27,460.6900024414063,460.9500122070313,456.1199951171875,456.4800109863281,20974300
9878,2025-05-28,457.3599853515625,462.5199890136719,456.9299926757813,461.2200012207031,17086300
9879,2025-05-29,458.6799926757813,461.7200012207031,455.30999755859375,461.5499877929688,13974800
9880,2025-05-30,460.3599853515625,461.6799926757813,455.5400085449219,459.7200012207031,34770500
9881,2025-06-02,461.9700012207031,462.1099853515625,456.8900146484375,457.1400146484375,16626500
9882,2025-06-03,462.9700012207031,464.1400146484375,460.8599853515625,461.4700012207031,15743800
9883,2025-06-04,463.8699951171875,465.6900024414063,463.0199890136719,464.0,14162700
9884,2025-06-05,467.6799926757813,469.6499938964844,464.0299987792969,464.9599914550781,20131700
9885,2025-06-06,470.3800048828125,473.3399963378906,468.7799987792969,470.0899963378906,15285600
9886,2025-06-09,472.75,473.4299926757813,468.6199951171875,469.7000122070313,16469900
9887,2025-06-10,470.9200134277344,472.7999877929688,466.9599914550781,471.1900024414063,15375900
9888,2025-06-11,472.6199951171875,475.4700012207031,469.6600036621094,470.0199890136719,16399200
9889,2025-06-12,478.8699951171875,480.4200134277344,473.5199890136719,475.0199890136719,18950600
9890,2025-06-13,474.9599914550781,479.1799926757813,472.760009765625,476.4100036621094,16814500
9891,2025-06-16,479.1400146484375,480.6900024414063,475.0,475.2099914550781,15580000
